=====================================================
============    09-25 17:05    ======================
=====================================================
no file for today... using yesterdays date
executing ./contour.py 2025 09 267
plotting sup...
plotting mic...
plotting hur...
plotting eri...
plotting ont...
quietly pushing to husky... (0 => success)
0
0
=====================================================
============    09-25 18:05    ======================
=====================================================
no file for today... using yesterdays date
executing ./contour.py 2025 09 267
plotting sup...
plotting mic...
plotting hur...
plotting eri...
plotting ont...
quietly pushing to husky... (0 => success)
0
0
=====================================================
============    09-25 19:05    ======================
=====================================================
no file for today... using yesterdays date
executing ./contour.py 2025 09 267
plotting sup...
plotting mic...
plotting hur...
plotting eri...
plotting ont...
quietly pushing to husky... (0 => success)
0
0
=====================================================
============    09-25 20:05    ======================
=====================================================
no file for today... using yesterdays date
executing ./contour.py 2025 09 267
plotting sup...
plotting mic...
plotting hur...
plotting eri...
plotting ont...
quietly pushing to husky... (0 => success)
0
0
=====================================================
============    09-25 21:05    ======================
=====================================================
no file for today... using yesterdays date
executing ./contour.py 2025 09 267
plotting sup...
plotting mic...
plotting hur...
plotting eri...
plotting ont...
quietly pushing to husky... (0 => success)
0
0
=====================================================
============    09-25 22:05    ======================
=====================================================
no file for today... using yesterdays date
executing ./contour.py 2025 09 267
plotting sup...
plotting mic...
plotting hur...
plotting eri...
plotting ont...
quietly pushing to husky... (0 => success)
0
0
=====================================================
============    09-25 23:05    ======================
=====================================================
no file for today... using yesterdays date
executing ./contour.py 2025 09 267
plotting sup...
plotting mic...
plotting hur...
plotting eri...
plotting ont...
quietly pushing to husky... (0 => success)
0
0
=====================================================
============    09-26 00:05    ======================
=====================================================
no file for today... using yesterdays date
executing ./contour.py 2025 09 268
Traceback (most recent call last):
  File "/home/kessler/plot_gen/contour_glsea/./contour.py", line 22, in <module>
    lst_gl = np.matrix(pd.read_table(fin, skiprows=6, sep='\s+', header=None))
  File "/usr/local/lib64/python3.9/site-packages/pandas/io/parsers/readers.py", line 1403, in read_table
    return _read(filepath_or_buffer, kwds)
  File "/usr/local/lib64/python3.9/site-packages/pandas/io/parsers/readers.py", line 618, in _read
    parser = TextFileReader(filepath_or_buffer, **kwds)
  File "/usr/local/lib64/python3.9/site-packages/pandas/io/parsers/readers.py", line 1618, in __init__
    self._engine = self._make_engine(f, self.engine)
  File "/usr/local/lib64/python3.9/site-packages/pandas/io/parsers/readers.py", line 1878, in _make_engine
    self.handles = get_handle(
  File "/usr/local/lib64/python3.9/site-packages/pandas/io/common.py", line 873, in get_handle
    handle = open(
FileNotFoundError: [Errno 2] No such file or directory: '/mnt/cwdata/p/m/lcd//2025/09/2025_268_glsea.asc'
quietly pushing to husky... (0 => success)
0
0
=====================================================
============    09-26 01:05    ======================
=====================================================
no file for today... using yesterdays date
executing ./contour.py 2025 09 268
Traceback (most recent call last):
  File "/home/kessler/plot_gen/contour_glsea/./contour.py", line 22, in <module>
    lst_gl = np.matrix(pd.read_table(fin, skiprows=6, sep='\s+', header=None))
  File "/usr/local/lib64/python3.9/site-packages/pandas/io/parsers/readers.py", line 1403, in read_table
    return _read(filepath_or_buffer, kwds)
  File "/usr/local/lib64/python3.9/site-packages/pandas/io/parsers/readers.py", line 618, in _read
    parser = TextFileReader(filepath_or_buffer, **kwds)
  File "/usr/local/lib64/python3.9/site-packages/pandas/io/parsers/readers.py", line 1618, in __init__
    self._engine = self._make_engine(f, self.engine)
  File "/usr/local/lib64/python3.9/site-packages/pandas/io/parsers/readers.py", line 1878, in _make_engine
    self.handles = get_handle(
  File "/usr/local/lib64/python3.9/site-packages/pandas/io/common.py", line 873, in get_handle
    handle = open(
FileNotFoundError: [Errno 2] No such file or directory: '/mnt/cwdata/p/m/lcd//2025/09/2025_268_glsea.asc'
quietly pushing to husky... (0 => success)
0
0
=====================================================
============    09-26 02:05    ======================
=====================================================
no file for today... using yesterdays date
executing ./contour.py 2025 09 268
Traceback (most recent call last):
  File "/home/kessler/plot_gen/contour_glsea/./contour.py", line 22, in <module>
    lst_gl = np.matrix(pd.read_table(fin, skiprows=6, sep='\s+', header=None))
  File "/usr/local/lib64/python3.9/site-packages/pandas/io/parsers/readers.py", line 1403, in read_table
    return _read(filepath_or_buffer, kwds)
  File "/usr/local/lib64/python3.9/site-packages/pandas/io/parsers/readers.py", line 618, in _read
    parser = TextFileReader(filepath_or_buffer, **kwds)
  File "/usr/local/lib64/python3.9/site-packages/pandas/io/parsers/readers.py", line 1618, in __init__
    self._engine = self._make_engine(f, self.engine)
  File "/usr/local/lib64/python3.9/site-packages/pandas/io/parsers/readers.py", line 1878, in _make_engine
    self.handles = get_handle(
  File "/usr/local/lib64/python3.9/site-packages/pandas/io/common.py", line 873, in get_handle
    handle = open(
FileNotFoundError: [Errno 2] No such file or directory: '/mnt/cwdata/p/m/lcd//2025/09/2025_268_glsea.asc'
quietly pushing to husky... (0 => success)
0
0
=====================================================
============    09-26 03:05    ======================
=====================================================
no file for today... using yesterdays date
executing ./contour.py 2025 09 268
plotting sup...
plotting mic...
plotting hur...
plotting eri...
plotting ont...
quietly pushing to husky... (0 => success)
0
0
=====================================================
============    09-26 04:05    ======================
=====================================================
no file for today... using yesterdays date
executing ./contour.py 2025 09 268
plotting sup...
plotting mic...
plotting hur...
plotting eri...
plotting ont...
quietly pushing to husky... (0 => success)
0
0
=====================================================
============    09-26 05:05    ======================
=====================================================
no file for today... using yesterdays date
executing ./contour.py 2025 09 268
plotting sup...
plotting mic...
plotting hur...
plotting eri...
plotting ont...
quietly pushing to husky... (0 => success)
0
0
=====================================================
============    09-26 06:05    ======================
=====================================================
no file for today... using yesterdays date
executing ./contour.py 2025 09 268
plotting sup...
plotting mic...
plotting hur...
plotting eri...
plotting ont...
quietly pushing to husky... (0 => success)
0
0
=====================================================
============    09-26 07:05    ======================
=====================================================
no file for today... using yesterdays date
executing ./contour.py 2025 09 268
plotting sup...
plotting mic...
plotting hur...
plotting eri...
plotting ont...
quietly pushing to husky... (0 => success)
0
0
=====================================================
============    09-26 08:05    ======================
=====================================================
no file for today... using yesterdays date
executing ./contour.py 2025 09 268
plotting sup...
plotting mic...
plotting hur...
plotting eri...
plotting ont...
quietly pushing to husky... (0 => success)
0
0
=====================================================
============    09-26 09:05    ======================
=====================================================
no file for today... using yesterdays date
executing ./contour.py 2025 09 268
plotting sup...
plotting mic...
plotting hur...
plotting eri...
plotting ont...
quietly pushing to husky... (0 => success)
0
0
=====================================================
============    09-26 10:05    ======================
=====================================================
no file for today... using yesterdays date
executing ./contour.py 2025 09 268
plotting sup...
plotting mic...
plotting hur...
plotting eri...
plotting ont...
quietly pushing to husky... (0 => success)
0
0
=====================================================
============    09-26 11:05    ======================
=====================================================
no file for today... using yesterdays date
executing ./contour.py 2025 09 268
plotting sup...
plotting mic...
plotting hur...
plotting eri...
plotting ont...
quietly pushing to husky... (0 => success)
0
0
=====================================================
============    09-26 12:05    ======================
=====================================================
no file for today... using yesterdays date
executing ./contour.py 2025 09 268
plotting sup...
plotting mic...
plotting hur...
plotting eri...
plotting ont...
quietly pushing to husky... (0 => success)
0
0
=====================================================
============    09-26 13:05    ======================
=====================================================
no file for today... using yesterdays date
executing ./contour.py 2025 09 268
plotting sup...
plotting mic...
plotting hur...
plotting eri...
plotting ont...
quietly pushing to husky... (0 => success)
0
0
=====================================================
============    09-26 14:05    ======================
=====================================================
no file for today... using yesterdays date
executing ./contour.py 2025 09 268
plotting sup...
plotting mic...
plotting hur...
plotting eri...
plotting ont...
quietly pushing to husky... (0 => success)
0
0
=====================================================
============    09-26 15:05    ======================
=====================================================
no file for today... using yesterdays date
executing ./contour.py 2025 09 268
plotting sup...
plotting mic...
plotting hur...
plotting eri...
plotting ont...
quietly pushing to husky... (0 => success)
0
0
=====================================================
============    09-26 16:05    ======================
=====================================================
no file for today... using yesterdays date
executing ./contour.py 2025 09 268
plotting sup...
plotting mic...
plotting hur...
plotting eri...
plotting ont...
quietly pushing to husky... (0 => success)
0
0
=====================================================
============    09-26 17:05    ======================
=====================================================
no file for today... using yesterdays date
executing ./contour.py 2025 09 268
plotting sup...
plotting mic...
plotting hur...
plotting eri...
plotting ont...
quietly pushing to husky... (0 => success)
0
0
=====================================================
============    09-26 18:05    ======================
=====================================================
no file for today... using yesterdays date
executing ./contour.py 2025 09 268
plotting sup...
plotting mic...
plotting hur...
plotting eri...
plotting ont...
quietly pushing to husky... (0 => success)
0
0
=====================================================
============    09-26 19:05    ======================
=====================================================
no file for today... using yesterdays date
executing ./contour.py 2025 09 268
plotting sup...
plotting mic...
plotting hur...
plotting eri...
plotting ont...
quietly pushing to husky... (0 => success)
0
0
=====================================================
============    09-26 20:05    ======================
=====================================================
no file for today... using yesterdays date
executing ./contour.py 2025 09 268
plotting sup...
plotting mic...
plotting hur...
plotting eri...
plotting ont...
quietly pushing to husky... (0 => success)
0
0
=====================================================
============    09-26 21:05    ======================
=====================================================
no file for today... using yesterdays date
executing ./contour.py 2025 09 268
plotting sup...
plotting mic...
plotting hur...
plotting eri...
plotting ont...
quietly pushing to husky... (0 => success)
0
0
=====================================================
============    09-26 22:05    ======================
=====================================================
no file for today... using yesterdays date
executing ./contour.py 2025 09 268
plotting sup...
plotting mic...
plotting hur...
plotting eri...
plotting ont...
quietly pushing to husky... (0 => success)
0
0
=====================================================
============    09-26 23:05    ======================
=====================================================
no file for today... using yesterdays date
executing ./contour.py 2025 09 268
plotting sup...
plotting mic...
plotting hur...
plotting eri...
plotting ont...
quietly pushing to husky... (0 => success)
0
0
=====================================================
============    09-27 00:05    ======================
=====================================================
no file for today... using yesterdays date
executing ./contour.py 2025 09 269
Traceback (most recent call last):
  File "/home/kessler/plot_gen/contour_glsea/./contour.py", line 22, in <module>
    lst_gl = np.matrix(pd.read_table(fin, skiprows=6, sep='\s+', header=None))
  File "/usr/local/lib64/python3.9/site-packages/pandas/io/parsers/readers.py", line 1403, in read_table
    return _read(filepath_or_buffer, kwds)
  File "/usr/local/lib64/python3.9/site-packages/pandas/io/parsers/readers.py", line 618, in _read
    parser = TextFileReader(filepath_or_buffer, **kwds)
  File "/usr/local/lib64/python3.9/site-packages/pandas/io/parsers/readers.py", line 1618, in __init__
    self._engine = self._make_engine(f, self.engine)
  File "/usr/local/lib64/python3.9/site-packages/pandas/io/parsers/readers.py", line 1878, in _make_engine
    self.handles = get_handle(
  File "/usr/local/lib64/python3.9/site-packages/pandas/io/common.py", line 873, in get_handle
    handle = open(
FileNotFoundError: [Errno 2] No such file or directory: '/mnt/cwdata/p/m/lcd//2025/09/2025_269_glsea.asc'
quietly pushing to husky... (0 => success)
0
0
=====================================================
============    09-27 01:05    ======================
=====================================================
no file for today... using yesterdays date
executing ./contour.py 2025 09 269
Traceback (most recent call last):
  File "/home/kessler/plot_gen/contour_glsea/./contour.py", line 22, in <module>
    lst_gl = np.matrix(pd.read_table(fin, skiprows=6, sep='\s+', header=None))
  File "/usr/local/lib64/python3.9/site-packages/pandas/io/parsers/readers.py", line 1403, in read_table
    return _read(filepath_or_buffer, kwds)
  File "/usr/local/lib64/python3.9/site-packages/pandas/io/parsers/readers.py", line 618, in _read
    parser = TextFileReader(filepath_or_buffer, **kwds)
  File "/usr/local/lib64/python3.9/site-packages/pandas/io/parsers/readers.py", line 1618, in __init__
    self._engine = self._make_engine(f, self.engine)
  File "/usr/local/lib64/python3.9/site-packages/pandas/io/parsers/readers.py", line 1878, in _make_engine
    self.handles = get_handle(
  File "/usr/local/lib64/python3.9/site-packages/pandas/io/common.py", line 873, in get_handle
    handle = open(
FileNotFoundError: [Errno 2] No such file or directory: '/mnt/cwdata/p/m/lcd//2025/09/2025_269_glsea.asc'
quietly pushing to husky... (0 => success)
0
0
=====================================================
============    09-27 02:05    ======================
=====================================================
no file for today... using yesterdays date
executing ./contour.py 2025 09 269
Traceback (most recent call last):
  File "/home/kessler/plot_gen/contour_glsea/./contour.py", line 22, in <module>
    lst_gl = np.matrix(pd.read_table(fin, skiprows=6, sep='\s+', header=None))
  File "/usr/local/lib64/python3.9/site-packages/pandas/io/parsers/readers.py", line 1403, in read_table
    return _read(filepath_or_buffer, kwds)
  File "/usr/local/lib64/python3.9/site-packages/pandas/io/parsers/readers.py", line 618, in _read
    parser = TextFileReader(filepath_or_buffer, **kwds)
  File "/usr/local/lib64/python3.9/site-packages/pandas/io/parsers/readers.py", line 1618, in __init__
    self._engine = self._make_engine(f, self.engine)
  File "/usr/local/lib64/python3.9/site-packages/pandas/io/parsers/readers.py", line 1878, in _make_engine
    self.handles = get_handle(
  File "/usr/local/lib64/python3.9/site-packages/pandas/io/common.py", line 873, in get_handle
    handle = open(
FileNotFoundError: [Errno 2] No such file or directory: '/mnt/cwdata/p/m/lcd//2025/09/2025_269_glsea.asc'
quietly pushing to husky... (0 => success)
0
0
=====================================================
============    09-27 03:05    ======================
=====================================================
no file for today... using yesterdays date
executing ./contour.py 2025 09 269
plotting sup...
plotting mic...
plotting hur...
plotting eri...
plotting ont...
quietly pushing to husky... (0 => success)
0
0
=====================================================
============    09-27 04:05    ======================
=====================================================
no file for today... using yesterdays date
executing ./contour.py 2025 09 269
plotting sup...
plotting mic...
plotting hur...
plotting eri...
plotting ont...
quietly pushing to husky... (0 => success)
0
0
=====================================================
============    09-27 05:05    ======================
=====================================================
no file for today... using yesterdays date
executing ./contour.py 2025 09 269
plotting sup...
plotting mic...
plotting hur...
plotting eri...
plotting ont...
quietly pushing to husky... (0 => success)
0
0
=====================================================
============    09-27 06:05    ======================
=====================================================
no file for today... using yesterdays date
executing ./contour.py 2025 09 269
plotting sup...
plotting mic...
plotting hur...
plotting eri...
plotting ont...
quietly pushing to husky... (0 => success)
0
0
=====================================================
============    09-27 07:05    ======================
=====================================================
no file for today... using yesterdays date
executing ./contour.py 2025 09 269
plotting sup...
plotting mic...
plotting hur...
plotting eri...
plotting ont...
quietly pushing to husky... (0 => success)
0
0
=====================================================
============    09-27 08:05    ======================
=====================================================
no file for today... using yesterdays date
executing ./contour.py 2025 09 269
plotting sup...
plotting mic...
plotting hur...
plotting eri...
plotting ont...
quietly pushing to husky... (0 => success)
0
0
=====================================================
============    09-27 09:05    ======================
=====================================================
no file for today... using yesterdays date
executing ./contour.py 2025 09 269
plotting sup...
plotting mic...
plotting hur...
plotting eri...
plotting ont...
quietly pushing to husky... (0 => success)
0
0
=====================================================
============    09-27 10:05    ======================
=====================================================
no file for today... using yesterdays date
executing ./contour.py 2025 09 269
plotting sup...
plotting mic...
plotting hur...
plotting eri...
plotting ont...
quietly pushing to husky... (0 => success)
0
0
=====================================================
============    09-27 11:05    ======================
=====================================================
no file for today... using yesterdays date
executing ./contour.py 2025 09 269
plotting sup...
plotting mic...
plotting hur...
plotting eri...
plotting ont...
quietly pushing to husky... (0 => success)
0
0
=====================================================
============    09-27 12:05    ======================
=====================================================
no file for today... using yesterdays date
executing ./contour.py 2025 09 269
plotting sup...
plotting mic...
plotting hur...
plotting eri...
plotting ont...
quietly pushing to husky... (0 => success)
0
0
=====================================================
============    09-27 13:05    ======================
=====================================================
no file for today... using yesterdays date
executing ./contour.py 2025 09 269
plotting sup...
plotting mic...
plotting hur...
plotting eri...
plotting ont...
quietly pushing to husky... (0 => success)
0
0
=====================================================
============    09-27 14:05    ======================
=====================================================
no file for today... using yesterdays date
executing ./contour.py 2025 09 269
plotting sup...
plotting mic...
plotting hur...
plotting eri...
plotting ont...
quietly pushing to husky... (0 => success)
0
0
=====================================================
============    09-27 15:05    ======================
=====================================================
no file for today... using yesterdays date
executing ./contour.py 2025 09 269
plotting sup...
plotting mic...
plotting hur...
plotting eri...
plotting ont...
quietly pushing to husky... (0 => success)
0
0
=====================================================
============    09-27 16:05    ======================
=====================================================
no file for today... using yesterdays date
executing ./contour.py 2025 09 269
plotting sup...
plotting mic...
plotting hur...
plotting eri...
plotting ont...
quietly pushing to husky... (0 => success)
0
0
=====================================================
============    09-27 17:05    ======================
=====================================================
no file for today... using yesterdays date
executing ./contour.py 2025 09 269
plotting sup...
plotting mic...
plotting hur...
plotting eri...
plotting ont...
quietly pushing to husky... (0 => success)
0
0
=====================================================
============    09-27 18:05    ======================
=====================================================
no file for today... using yesterdays date
executing ./contour.py 2025 09 269
plotting sup...
plotting mic...
plotting hur...
plotting eri...
plotting ont...
quietly pushing to husky... (0 => success)
0
0
=====================================================
============    09-27 19:05    ======================
=====================================================
no file for today... using yesterdays date
executing ./contour.py 2025 09 269
plotting sup...
plotting mic...
plotting hur...
plotting eri...
plotting ont...
quietly pushing to husky... (0 => success)
0
0
=====================================================
============    09-27 20:05    ======================
=====================================================
no file for today... using yesterdays date
executing ./contour.py 2025 09 269
plotting sup...
plotting mic...
plotting hur...
plotting eri...
plotting ont...
quietly pushing to husky... (0 => success)
0
0
=====================================================
============    09-27 21:05    ======================
=====================================================
no file for today... using yesterdays date
executing ./contour.py 2025 09 269
plotting sup...
plotting mic...
plotting hur...
plotting eri...
plotting ont...
quietly pushing to husky... (0 => success)
0
0
=====================================================
============    09-27 22:05    ======================
=====================================================
no file for today... using yesterdays date
executing ./contour.py 2025 09 269
plotting sup...
plotting mic...
plotting hur...
plotting eri...
plotting ont...
quietly pushing to husky... (0 => success)
0
0
=====================================================
============    09-27 23:05    ======================
=====================================================
no file for today... using yesterdays date
executing ./contour.py 2025 09 269
plotting sup...
plotting mic...
plotting hur...
plotting eri...
plotting ont...
quietly pushing to husky... (0 => success)
0
0
=====================================================
============    09-28 00:05    ======================
=====================================================
no file for today... using yesterdays date
executing ./contour.py 2025 09 270
Traceback (most recent call last):
  File "/home/kessler/plot_gen/contour_glsea/./contour.py", line 22, in <module>
    lst_gl = np.matrix(pd.read_table(fin, skiprows=6, sep='\s+', header=None))
  File "/usr/local/lib64/python3.9/site-packages/pandas/io/parsers/readers.py", line 1403, in read_table
    return _read(filepath_or_buffer, kwds)
  File "/usr/local/lib64/python3.9/site-packages/pandas/io/parsers/readers.py", line 618, in _read
    parser = TextFileReader(filepath_or_buffer, **kwds)
  File "/usr/local/lib64/python3.9/site-packages/pandas/io/parsers/readers.py", line 1618, in __init__
    self._engine = self._make_engine(f, self.engine)
  File "/usr/local/lib64/python3.9/site-packages/pandas/io/parsers/readers.py", line 1878, in _make_engine
    self.handles = get_handle(
  File "/usr/local/lib64/python3.9/site-packages/pandas/io/common.py", line 873, in get_handle
    handle = open(
FileNotFoundError: [Errno 2] No such file or directory: '/mnt/cwdata/p/m/lcd//2025/09/2025_270_glsea.asc'
quietly pushing to husky... (0 => success)
0
0
=====================================================
============    09-28 01:05    ======================
=====================================================
no file for today... using yesterdays date
executing ./contour.py 2025 09 270
Traceback (most recent call last):
  File "/home/kessler/plot_gen/contour_glsea/./contour.py", line 22, in <module>
    lst_gl = np.matrix(pd.read_table(fin, skiprows=6, sep='\s+', header=None))
  File "/usr/local/lib64/python3.9/site-packages/pandas/io/parsers/readers.py", line 1403, in read_table
    return _read(filepath_or_buffer, kwds)
  File "/usr/local/lib64/python3.9/site-packages/pandas/io/parsers/readers.py", line 618, in _read
    parser = TextFileReader(filepath_or_buffer, **kwds)
  File "/usr/local/lib64/python3.9/site-packages/pandas/io/parsers/readers.py", line 1618, in __init__
    self._engine = self._make_engine(f, self.engine)
  File "/usr/local/lib64/python3.9/site-packages/pandas/io/parsers/readers.py", line 1878, in _make_engine
    self.handles = get_handle(
  File "/usr/local/lib64/python3.9/site-packages/pandas/io/common.py", line 873, in get_handle
    handle = open(
FileNotFoundError: [Errno 2] No such file or directory: '/mnt/cwdata/p/m/lcd//2025/09/2025_270_glsea.asc'
quietly pushing to husky... (0 => success)
0
0
=====================================================
============    09-28 02:05    ======================
=====================================================
no file for today... using yesterdays date
executing ./contour.py 2025 09 270
Traceback (most recent call last):
  File "/home/kessler/plot_gen/contour_glsea/./contour.py", line 22, in <module>
    lst_gl = np.matrix(pd.read_table(fin, skiprows=6, sep='\s+', header=None))
  File "/usr/local/lib64/python3.9/site-packages/pandas/io/parsers/readers.py", line 1403, in read_table
    return _read(filepath_or_buffer, kwds)
  File "/usr/local/lib64/python3.9/site-packages/pandas/io/parsers/readers.py", line 618, in _read
    parser = TextFileReader(filepath_or_buffer, **kwds)
  File "/usr/local/lib64/python3.9/site-packages/pandas/io/parsers/readers.py", line 1618, in __init__
    self._engine = self._make_engine(f, self.engine)
  File "/usr/local/lib64/python3.9/site-packages/pandas/io/parsers/readers.py", line 1878, in _make_engine
    self.handles = get_handle(
  File "/usr/local/lib64/python3.9/site-packages/pandas/io/common.py", line 873, in get_handle
    handle = open(
FileNotFoundError: [Errno 2] No such file or directory: '/mnt/cwdata/p/m/lcd//2025/09/2025_270_glsea.asc'
quietly pushing to husky... (0 => success)
0
0
=====================================================
============    09-28 03:05    ======================
=====================================================
no file for today... using yesterdays date
executing ./contour.py 2025 09 270
plotting sup...
plotting mic...
plotting hur...
plotting eri...
plotting ont...
quietly pushing to husky... (0 => success)
0
0
=====================================================
============    09-28 04:05    ======================
=====================================================
no file for today... using yesterdays date
executing ./contour.py 2025 09 270
plotting sup...
plotting mic...
plotting hur...
plotting eri...
plotting ont...
quietly pushing to husky... (0 => success)
0
0
=====================================================
============    09-28 05:05    ======================
=====================================================
no file for today... using yesterdays date
executing ./contour.py 2025 09 270
plotting sup...
plotting mic...
plotting hur...
plotting eri...
plotting ont...
quietly pushing to husky... (0 => success)
0
0
=====================================================
============    09-28 06:05    ======================
=====================================================
no file for today... using yesterdays date
executing ./contour.py 2025 09 270
plotting sup...
plotting mic...
plotting hur...
plotting eri...
plotting ont...
quietly pushing to husky... (0 => success)
0
0
=====================================================
============    09-28 07:05    ======================
=====================================================
no file for today... using yesterdays date
executing ./contour.py 2025 09 270
plotting sup...
plotting mic...
plotting hur...
plotting eri...
plotting ont...
quietly pushing to husky... (0 => success)
0
0
=====================================================
============    09-28 08:05    ======================
=====================================================
no file for today... using yesterdays date
executing ./contour.py 2025 09 270
plotting sup...
plotting mic...
plotting hur...
plotting eri...
plotting ont...
quietly pushing to husky... (0 => success)
0
0
=====================================================
============    09-28 09:05    ======================
=====================================================
no file for today... using yesterdays date
executing ./contour.py 2025 09 270
plotting sup...
plotting mic...
plotting hur...
plotting eri...
plotting ont...
quietly pushing to husky... (0 => success)
0
0
=====================================================
============    09-28 10:05    ======================
=====================================================
no file for today... using yesterdays date
executing ./contour.py 2025 09 270
plotting sup...
plotting mic...
plotting hur...
plotting eri...
plotting ont...
quietly pushing to husky... (0 => success)
0
0
=====================================================
============    09-28 11:05    ======================
=====================================================
no file for today... using yesterdays date
executing ./contour.py 2025 09 270
plotting sup...
plotting mic...
plotting hur...
plotting eri...
plotting ont...
quietly pushing to husky... (0 => success)
0
0
=====================================================
============    09-28 12:05    ======================
=====================================================
no file for today... using yesterdays date
executing ./contour.py 2025 09 270
plotting sup...
plotting mic...
plotting hur...
plotting eri...
plotting ont...
quietly pushing to husky... (0 => success)
0
0
=====================================================
============    09-28 13:05    ======================
=====================================================
no file for today... using yesterdays date
executing ./contour.py 2025 09 270
plotting sup...
plotting mic...
plotting hur...
plotting eri...
plotting ont...
quietly pushing to husky... (0 => success)
0
0
=====================================================
============    09-28 14:05    ======================
=====================================================
no file for today... using yesterdays date
executing ./contour.py 2025 09 270
plotting sup...
plotting mic...
plotting hur...
plotting eri...
plotting ont...
quietly pushing to husky... (0 => success)
0
0
=====================================================
============    09-28 15:05    ======================
=====================================================
no file for today... using yesterdays date
executing ./contour.py 2025 09 270
plotting sup...
plotting mic...
plotting hur...
plotting eri...
plotting ont...
quietly pushing to husky... (0 => success)
0
0
=====================================================
============    09-28 16:05    ======================
=====================================================
no file for today... using yesterdays date
executing ./contour.py 2025 09 270
plotting sup...
plotting mic...
plotting hur...
plotting eri...
plotting ont...
quietly pushing to husky... (0 => success)
0
0
=====================================================
============    09-28 17:05    ======================
=====================================================
no file for today... using yesterdays date
executing ./contour.py 2025 09 270
plotting sup...
plotting mic...
plotting hur...
plotting eri...
plotting ont...
quietly pushing to husky... (0 => success)
0
0
=====================================================
============    09-28 18:05    ======================
=====================================================
no file for today... using yesterdays date
executing ./contour.py 2025 09 270
plotting sup...
plotting mic...
plotting hur...
plotting eri...
plotting ont...
quietly pushing to husky... (0 => success)
0
0
=====================================================
============    09-28 19:05    ======================
=====================================================
no file for today... using yesterdays date
executing ./contour.py 2025 09 270
plotting sup...
plotting mic...
plotting hur...
plotting eri...
plotting ont...
quietly pushing to husky... (0 => success)
0
0
=====================================================
============    09-28 20:05    ======================
=====================================================
no file for today... using yesterdays date
executing ./contour.py 2025 09 270
plotting sup...
plotting mic...
plotting hur...
plotting eri...
plotting ont...
quietly pushing to husky... (0 => success)
0
0
=====================================================
============    09-28 21:05    ======================
=====================================================
no file for today... using yesterdays date
executing ./contour.py 2025 09 270
plotting sup...
plotting mic...
plotting hur...
plotting eri...
plotting ont...
quietly pushing to husky... (0 => success)
0
0
=====================================================
============    09-28 22:05    ======================
=====================================================
no file for today... using yesterdays date
executing ./contour.py 2025 09 270
plotting sup...
plotting mic...
plotting hur...
plotting eri...
plotting ont...
quietly pushing to husky... (0 => success)
0
0
=====================================================
============    09-28 23:05    ======================
=====================================================
no file for today... using yesterdays date
executing ./contour.py 2025 09 270
plotting sup...
plotting mic...
plotting hur...
plotting eri...
plotting ont...
quietly pushing to husky... (0 => success)
0
0
=====================================================
============    09-29 00:05    ======================
=====================================================
no file for today... using yesterdays date
executing ./contour.py 2025 09 271
Traceback (most recent call last):
  File "/home/kessler/plot_gen/contour_glsea/./contour.py", line 22, in <module>
    lst_gl = np.matrix(pd.read_table(fin, skiprows=6, sep='\s+', header=None))
  File "/usr/local/lib64/python3.9/site-packages/pandas/io/parsers/readers.py", line 1403, in read_table
    return _read(filepath_or_buffer, kwds)
  File "/usr/local/lib64/python3.9/site-packages/pandas/io/parsers/readers.py", line 618, in _read
    parser = TextFileReader(filepath_or_buffer, **kwds)
  File "/usr/local/lib64/python3.9/site-packages/pandas/io/parsers/readers.py", line 1618, in __init__
    self._engine = self._make_engine(f, self.engine)
  File "/usr/local/lib64/python3.9/site-packages/pandas/io/parsers/readers.py", line 1878, in _make_engine
    self.handles = get_handle(
  File "/usr/local/lib64/python3.9/site-packages/pandas/io/common.py", line 873, in get_handle
    handle = open(
FileNotFoundError: [Errno 2] No such file or directory: '/mnt/cwdata/p/m/lcd//2025/09/2025_271_glsea.asc'
quietly pushing to husky... (0 => success)
0
0
=====================================================
============    09-29 01:05    ======================
=====================================================
no file for today... using yesterdays date
executing ./contour.py 2025 09 271
Traceback (most recent call last):
  File "/home/kessler/plot_gen/contour_glsea/./contour.py", line 22, in <module>
    lst_gl = np.matrix(pd.read_table(fin, skiprows=6, sep='\s+', header=None))
  File "/usr/local/lib64/python3.9/site-packages/pandas/io/parsers/readers.py", line 1403, in read_table
    return _read(filepath_or_buffer, kwds)
  File "/usr/local/lib64/python3.9/site-packages/pandas/io/parsers/readers.py", line 618, in _read
    parser = TextFileReader(filepath_or_buffer, **kwds)
  File "/usr/local/lib64/python3.9/site-packages/pandas/io/parsers/readers.py", line 1618, in __init__
    self._engine = self._make_engine(f, self.engine)
  File "/usr/local/lib64/python3.9/site-packages/pandas/io/parsers/readers.py", line 1878, in _make_engine
    self.handles = get_handle(
  File "/usr/local/lib64/python3.9/site-packages/pandas/io/common.py", line 873, in get_handle
    handle = open(
FileNotFoundError: [Errno 2] No such file or directory: '/mnt/cwdata/p/m/lcd//2025/09/2025_271_glsea.asc'
quietly pushing to husky... (0 => success)
0
0
=====================================================
============    09-29 02:05    ======================
=====================================================
no file for today... using yesterdays date
executing ./contour.py 2025 09 271
Traceback (most recent call last):
  File "/home/kessler/plot_gen/contour_glsea/./contour.py", line 22, in <module>
    lst_gl = np.matrix(pd.read_table(fin, skiprows=6, sep='\s+', header=None))
  File "/usr/local/lib64/python3.9/site-packages/pandas/io/parsers/readers.py", line 1403, in read_table
    return _read(filepath_or_buffer, kwds)
  File "/usr/local/lib64/python3.9/site-packages/pandas/io/parsers/readers.py", line 618, in _read
    parser = TextFileReader(filepath_or_buffer, **kwds)
  File "/usr/local/lib64/python3.9/site-packages/pandas/io/parsers/readers.py", line 1618, in __init__
    self._engine = self._make_engine(f, self.engine)
  File "/usr/local/lib64/python3.9/site-packages/pandas/io/parsers/readers.py", line 1878, in _make_engine
    self.handles = get_handle(
  File "/usr/local/lib64/python3.9/site-packages/pandas/io/common.py", line 873, in get_handle
    handle = open(
FileNotFoundError: [Errno 2] No such file or directory: '/mnt/cwdata/p/m/lcd//2025/09/2025_271_glsea.asc'
quietly pushing to husky... (0 => success)
0
0
=====================================================
============    09-29 03:05    ======================
=====================================================
no file for today... using yesterdays date
executing ./contour.py 2025 09 271
plotting sup...
plotting mic...
plotting hur...
plotting eri...
plotting ont...
quietly pushing to husky... (0 => success)
0
0
=====================================================
============    09-29 04:05    ======================
=====================================================
no file for today... using yesterdays date
executing ./contour.py 2025 09 271
plotting sup...
plotting mic...
plotting hur...
plotting eri...
plotting ont...
quietly pushing to husky... (0 => success)
0
0
=====================================================
============    09-29 05:05    ======================
=====================================================
no file for today... using yesterdays date
executing ./contour.py 2025 09 271
plotting sup...
plotting mic...
plotting hur...
plotting eri...
plotting ont...
quietly pushing to husky... (0 => success)
0
0
=====================================================
============    09-29 06:05    ======================
=====================================================
no file for today... using yesterdays date
executing ./contour.py 2025 09 271
plotting sup...
plotting mic...
plotting hur...
plotting eri...
plotting ont...
quietly pushing to husky... (0 => success)
0
0
=====================================================
============    09-29 07:05    ======================
=====================================================
no file for today... using yesterdays date
executing ./contour.py 2025 09 271
plotting sup...
plotting mic...
plotting hur...
plotting eri...
plotting ont...
quietly pushing to husky... (0 => success)
0
0
=====================================================
============    09-29 08:05    ======================
=====================================================
no file for today... using yesterdays date
executing ./contour.py 2025 09 271
plotting sup...
plotting mic...
plotting hur...
plotting eri...
plotting ont...
quietly pushing to husky... (0 => success)
0
0
=====================================================
============    09-29 09:05    ======================
=====================================================
no file for today... using yesterdays date
executing ./contour.py 2025 09 271
plotting sup...
plotting mic...
plotting hur...
plotting eri...
plotting ont...
quietly pushing to husky... (0 => success)
0
0
=====================================================
============    09-29 10:05    ======================
=====================================================
no file for today... using yesterdays date
executing ./contour.py 2025 09 271
plotting sup...
plotting mic...
plotting hur...
plotting eri...
plotting ont...
quietly pushing to husky... (0 => success)
0
0
=====================================================
============    09-29 11:05    ======================
=====================================================
no file for today... using yesterdays date
executing ./contour.py 2025 09 271
plotting sup...
plotting mic...
plotting hur...
plotting eri...
plotting ont...
quietly pushing to husky... (0 => success)
0
0
=====================================================
============    09-29 12:05    ======================
=====================================================
no file for today... using yesterdays date
executing ./contour.py 2025 09 271
plotting sup...
plotting mic...
plotting hur...
plotting eri...
plotting ont...
quietly pushing to husky... (0 => success)
0
0
=====================================================
============    09-29 13:05    ======================
=====================================================
no file for today... using yesterdays date
executing ./contour.py 2025 09 271
plotting sup...
plotting mic...
plotting hur...
plotting eri...
plotting ont...
quietly pushing to husky... (0 => success)
0
0
=====================================================
============    09-29 14:05    ======================
=====================================================
no file for today... using yesterdays date
executing ./contour.py 2025 09 271
plotting sup...
plotting mic...
plotting hur...
plotting eri...
plotting ont...
quietly pushing to husky... (0 => success)
0
0
=====================================================
============    09-29 15:05    ======================
=====================================================
no file for today... using yesterdays date
executing ./contour.py 2025 09 271
plotting sup...
plotting mic...
plotting hur...
plotting eri...
plotting ont...
quietly pushing to husky... (0 => success)
0
0
=====================================================
============    09-29 16:05    ======================
=====================================================
no file for today... using yesterdays date
executing ./contour.py 2025 09 271
plotting sup...
plotting mic...
plotting hur...
plotting eri...
plotting ont...
quietly pushing to husky... (0 => success)
0
0
=====================================================
============    09-29 17:05    ======================
=====================================================
no file for today... using yesterdays date
executing ./contour.py 2025 09 271
plotting sup...
plotting mic...
plotting hur...
plotting eri...
plotting ont...
quietly pushing to husky... (0 => success)
0
0
=====================================================
============    09-29 18:05    ======================
=====================================================
no file for today... using yesterdays date
executing ./contour.py 2025 09 271
plotting sup...
plotting mic...
plotting hur...
plotting eri...
plotting ont...
quietly pushing to husky... (0 => success)
0
0
=====================================================
============    09-29 19:05    ======================
=====================================================
no file for today... using yesterdays date
executing ./contour.py 2025 09 271
plotting sup...
plotting mic...
plotting hur...
plotting eri...
plotting ont...
quietly pushing to husky... (0 => success)
0
0
=====================================================
============    09-29 20:05    ======================
=====================================================
no file for today... using yesterdays date
executing ./contour.py 2025 09 271
plotting sup...
plotting mic...
plotting hur...
plotting eri...
plotting ont...
quietly pushing to husky... (0 => success)
0
0
=====================================================
============    09-29 21:05    ======================
=====================================================
no file for today... using yesterdays date
executing ./contour.py 2025 09 271
plotting sup...
plotting mic...
plotting hur...
plotting eri...
plotting ont...
quietly pushing to husky... (0 => success)
0
0
=====================================================
============    09-29 22:05    ======================
=====================================================
no file for today... using yesterdays date
executing ./contour.py 2025 09 271
plotting sup...
plotting mic...
plotting hur...
plotting eri...
plotting ont...
quietly pushing to husky... (0 => success)
0
0
=====================================================
============    09-29 23:05    ======================
=====================================================
no file for today... using yesterdays date
executing ./contour.py 2025 09 271
plotting sup...
plotting mic...
plotting hur...
plotting eri...
plotting ont...
quietly pushing to husky... (0 => success)
0
0
=====================================================
============    09-30 00:05    ======================
=====================================================
no file for today... using yesterdays date
executing ./contour.py 2025 09 272
Traceback (most recent call last):
  File "/home/kessler/plot_gen/contour_glsea/./contour.py", line 22, in <module>
    lst_gl = np.matrix(pd.read_table(fin, skiprows=6, sep='\s+', header=None))
  File "/usr/local/lib64/python3.9/site-packages/pandas/io/parsers/readers.py", line 1403, in read_table
    return _read(filepath_or_buffer, kwds)
  File "/usr/local/lib64/python3.9/site-packages/pandas/io/parsers/readers.py", line 618, in _read
    parser = TextFileReader(filepath_or_buffer, **kwds)
  File "/usr/local/lib64/python3.9/site-packages/pandas/io/parsers/readers.py", line 1618, in __init__
    self._engine = self._make_engine(f, self.engine)
  File "/usr/local/lib64/python3.9/site-packages/pandas/io/parsers/readers.py", line 1878, in _make_engine
    self.handles = get_handle(
  File "/usr/local/lib64/python3.9/site-packages/pandas/io/common.py", line 873, in get_handle
    handle = open(
FileNotFoundError: [Errno 2] No such file or directory: '/mnt/cwdata/p/m/lcd//2025/09/2025_272_glsea.asc'
quietly pushing to husky... (0 => success)
0
0
=====================================================
============    09-30 01:05    ======================
=====================================================
no file for today... using yesterdays date
executing ./contour.py 2025 09 272
Traceback (most recent call last):
  File "/home/kessler/plot_gen/contour_glsea/./contour.py", line 22, in <module>
    lst_gl = np.matrix(pd.read_table(fin, skiprows=6, sep='\s+', header=None))
  File "/usr/local/lib64/python3.9/site-packages/pandas/io/parsers/readers.py", line 1403, in read_table
    return _read(filepath_or_buffer, kwds)
  File "/usr/local/lib64/python3.9/site-packages/pandas/io/parsers/readers.py", line 618, in _read
    parser = TextFileReader(filepath_or_buffer, **kwds)
  File "/usr/local/lib64/python3.9/site-packages/pandas/io/parsers/readers.py", line 1618, in __init__
    self._engine = self._make_engine(f, self.engine)
  File "/usr/local/lib64/python3.9/site-packages/pandas/io/parsers/readers.py", line 1878, in _make_engine
    self.handles = get_handle(
  File "/usr/local/lib64/python3.9/site-packages/pandas/io/common.py", line 873, in get_handle
    handle = open(
FileNotFoundError: [Errno 2] No such file or directory: '/mnt/cwdata/p/m/lcd//2025/09/2025_272_glsea.asc'
quietly pushing to husky... (0 => success)
0
0
=====================================================
============    09-30 02:05    ======================
=====================================================
no file for today... using yesterdays date
executing ./contour.py 2025 09 272
Traceback (most recent call last):
  File "/home/kessler/plot_gen/contour_glsea/./contour.py", line 22, in <module>
    lst_gl = np.matrix(pd.read_table(fin, skiprows=6, sep='\s+', header=None))
  File "/usr/local/lib64/python3.9/site-packages/pandas/io/parsers/readers.py", line 1403, in read_table
    return _read(filepath_or_buffer, kwds)
  File "/usr/local/lib64/python3.9/site-packages/pandas/io/parsers/readers.py", line 618, in _read
    parser = TextFileReader(filepath_or_buffer, **kwds)
  File "/usr/local/lib64/python3.9/site-packages/pandas/io/parsers/readers.py", line 1618, in __init__
    self._engine = self._make_engine(f, self.engine)
  File "/usr/local/lib64/python3.9/site-packages/pandas/io/parsers/readers.py", line 1878, in _make_engine
    self.handles = get_handle(
  File "/usr/local/lib64/python3.9/site-packages/pandas/io/common.py", line 873, in get_handle
    handle = open(
FileNotFoundError: [Errno 2] No such file or directory: '/mnt/cwdata/p/m/lcd//2025/09/2025_272_glsea.asc'
quietly pushing to husky... (0 => success)
0
0
=====================================================
============    09-30 03:05    ======================
=====================================================
no file for today... using yesterdays date
executing ./contour.py 2025 09 272
plotting sup...
plotting mic...
plotting hur...
plotting eri...
plotting ont...
quietly pushing to husky... (0 => success)
0
0
=====================================================
============    09-30 04:05    ======================
=====================================================
no file for today... using yesterdays date
executing ./contour.py 2025 09 272
plotting sup...
plotting mic...
plotting hur...
plotting eri...
plotting ont...
quietly pushing to husky... (0 => success)
0
0
=====================================================
============    09-30 05:05    ======================
=====================================================
no file for today... using yesterdays date
executing ./contour.py 2025 09 272
plotting sup...
plotting mic...
plotting hur...
plotting eri...
plotting ont...
quietly pushing to husky... (0 => success)
0
0
=====================================================
============    09-30 06:05    ======================
=====================================================
no file for today... using yesterdays date
executing ./contour.py 2025 09 272
plotting sup...
plotting mic...
plotting hur...
plotting eri...
plotting ont...
quietly pushing to husky... (0 => success)
0
0
=====================================================
============    09-30 07:05    ======================
=====================================================
no file for today... using yesterdays date
executing ./contour.py 2025 09 272
plotting sup...
plotting mic...
plotting hur...
plotting eri...
plotting ont...
quietly pushing to husky... (0 => success)
0
0
=====================================================
============    09-30 08:05    ======================
=====================================================
no file for today... using yesterdays date
executing ./contour.py 2025 09 272
plotting sup...
plotting mic...
plotting hur...
plotting eri...
plotting ont...
quietly pushing to husky... (0 => success)
0
0
=====================================================
============    09-30 09:05    ======================
=====================================================
no file for today... using yesterdays date
executing ./contour.py 2025 09 272
plotting sup...
plotting mic...
plotting hur...
plotting eri...
plotting ont...
quietly pushing to husky... (0 => success)
0
0
=====================================================
============    09-30 10:05    ======================
=====================================================
no file for today... using yesterdays date
executing ./contour.py 2025 09 272
plotting sup...
plotting mic...
plotting hur...
plotting eri...
plotting ont...
quietly pushing to husky... (0 => success)
0
0
=====================================================
============    09-30 11:05    ======================
=====================================================
no file for today... using yesterdays date
executing ./contour.py 2025 09 272
plotting sup...
plotting mic...
plotting hur...
plotting eri...
plotting ont...
quietly pushing to husky... (0 => success)
0
0
=====================================================
============    09-30 12:05    ======================
=====================================================
no file for today... using yesterdays date
executing ./contour.py 2025 09 272
plotting sup...
plotting mic...
plotting hur...
plotting eri...
plotting ont...
quietly pushing to husky... (0 => success)
0
0
=====================================================
============    09-30 13:05    ======================
=====================================================
no file for today... using yesterdays date
executing ./contour.py 2025 09 272
plotting sup...
plotting mic...
plotting hur...
plotting eri...
plotting ont...
quietly pushing to husky... (0 => success)
0
0
=====================================================
============    09-30 14:05    ======================
=====================================================
no file for today... using yesterdays date
executing ./contour.py 2025 09 272
plotting sup...
plotting mic...
plotting hur...
plotting eri...
plotting ont...
quietly pushing to husky... (0 => success)
0
0
=====================================================
============    09-30 15:05    ======================
=====================================================
no file for today... using yesterdays date
executing ./contour.py 2025 09 272
plotting sup...
plotting mic...
plotting hur...
plotting eri...
plotting ont...
quietly pushing to husky... (0 => success)
0
0
=====================================================
============    09-30 16:05    ======================
=====================================================
no file for today... using yesterdays date
executing ./contour.py 2025 09 272
plotting sup...
plotting mic...
plotting hur...
plotting eri...
plotting ont...
quietly pushing to husky... (0 => success)
0
0
=====================================================
============    09-30 17:05    ======================
=====================================================
no file for today... using yesterdays date
executing ./contour.py 2025 09 272
plotting sup...
plotting mic...
plotting hur...
plotting eri...
plotting ont...
quietly pushing to husky... (0 => success)
0
0
=====================================================
============    09-30 18:05    ======================
=====================================================
no file for today... using yesterdays date
executing ./contour.py 2025 09 272
plotting sup...
plotting mic...
plotting hur...
plotting eri...
plotting ont...
quietly pushing to husky... (0 => success)
0
0
=====================================================
============    09-30 19:05    ======================
=====================================================
no file for today... using yesterdays date
executing ./contour.py 2025 09 272
plotting sup...
plotting mic...
plotting hur...
plotting eri...
plotting ont...
quietly pushing to husky... (0 => success)
0
0
=====================================================
============    09-30 20:05    ======================
=====================================================
no file for today... using yesterdays date
executing ./contour.py 2025 09 272
plotting sup...
plotting mic...
plotting hur...
plotting eri...
plotting ont...
quietly pushing to husky... (0 => success)
0
0
=====================================================
============    09-30 21:05    ======================
=====================================================
no file for today... using yesterdays date
executing ./contour.py 2025 09 272
plotting sup...
plotting mic...
plotting hur...
plotting eri...
plotting ont...
quietly pushing to husky... (0 => success)
0
0
=====================================================
============    09-30 22:05    ======================
=====================================================
no file for today... using yesterdays date
executing ./contour.py 2025 09 272
plotting sup...
plotting mic...
plotting hur...
plotting eri...
plotting ont...
quietly pushing to husky... (0 => success)
0
0
=====================================================
============    09-30 23:05    ======================
=====================================================
no file for today... using yesterdays date
executing ./contour.py 2025 09 272
plotting sup...
plotting mic...
plotting hur...
plotting eri...
plotting ont...
quietly pushing to husky... (0 => success)
0
0
=====================================================
============    10-01 00:05    ======================
=====================================================
no file for today... using yesterdays date
executing ./contour.py 2025 09 273
Traceback (most recent call last):
  File "/home/kessler/plot_gen/contour_glsea/./contour.py", line 22, in <module>
    lst_gl = np.matrix(pd.read_table(fin, skiprows=6, sep='\s+', header=None))
  File "/usr/local/lib64/python3.9/site-packages/pandas/io/parsers/readers.py", line 1403, in read_table
    return _read(filepath_or_buffer, kwds)
  File "/usr/local/lib64/python3.9/site-packages/pandas/io/parsers/readers.py", line 618, in _read
    parser = TextFileReader(filepath_or_buffer, **kwds)
  File "/usr/local/lib64/python3.9/site-packages/pandas/io/parsers/readers.py", line 1618, in __init__
    self._engine = self._make_engine(f, self.engine)
  File "/usr/local/lib64/python3.9/site-packages/pandas/io/parsers/readers.py", line 1878, in _make_engine
    self.handles = get_handle(
  File "/usr/local/lib64/python3.9/site-packages/pandas/io/common.py", line 873, in get_handle
    handle = open(
FileNotFoundError: [Errno 2] No such file or directory: '/mnt/cwdata/p/m/lcd//2025/09/2025_273_glsea.asc'
quietly pushing to husky... (0 => success)
0
0
=====================================================
============    10-01 01:05    ======================
=====================================================
no file for today... using yesterdays date
executing ./contour.py 2025 09 273
Traceback (most recent call last):
  File "/home/kessler/plot_gen/contour_glsea/./contour.py", line 22, in <module>
    lst_gl = np.matrix(pd.read_table(fin, skiprows=6, sep='\s+', header=None))
  File "/usr/local/lib64/python3.9/site-packages/pandas/io/parsers/readers.py", line 1403, in read_table
    return _read(filepath_or_buffer, kwds)
  File "/usr/local/lib64/python3.9/site-packages/pandas/io/parsers/readers.py", line 618, in _read
    parser = TextFileReader(filepath_or_buffer, **kwds)
  File "/usr/local/lib64/python3.9/site-packages/pandas/io/parsers/readers.py", line 1618, in __init__
    self._engine = self._make_engine(f, self.engine)
  File "/usr/local/lib64/python3.9/site-packages/pandas/io/parsers/readers.py", line 1878, in _make_engine
    self.handles = get_handle(
  File "/usr/local/lib64/python3.9/site-packages/pandas/io/common.py", line 873, in get_handle
    handle = open(
FileNotFoundError: [Errno 2] No such file or directory: '/mnt/cwdata/p/m/lcd//2025/09/2025_273_glsea.asc'
quietly pushing to husky... (0 => success)
0
0
=====================================================
============    10-01 02:05    ======================
=====================================================
no file for today... using yesterdays date
executing ./contour.py 2025 09 273
Traceback (most recent call last):
  File "/home/kessler/plot_gen/contour_glsea/./contour.py", line 22, in <module>
    lst_gl = np.matrix(pd.read_table(fin, skiprows=6, sep='\s+', header=None))
  File "/usr/local/lib64/python3.9/site-packages/pandas/io/parsers/readers.py", line 1403, in read_table
    return _read(filepath_or_buffer, kwds)
  File "/usr/local/lib64/python3.9/site-packages/pandas/io/parsers/readers.py", line 618, in _read
    parser = TextFileReader(filepath_or_buffer, **kwds)
  File "/usr/local/lib64/python3.9/site-packages/pandas/io/parsers/readers.py", line 1618, in __init__
    self._engine = self._make_engine(f, self.engine)
  File "/usr/local/lib64/python3.9/site-packages/pandas/io/parsers/readers.py", line 1878, in _make_engine
    self.handles = get_handle(
  File "/usr/local/lib64/python3.9/site-packages/pandas/io/common.py", line 873, in get_handle
    handle = open(
FileNotFoundError: [Errno 2] No such file or directory: '/mnt/cwdata/p/m/lcd//2025/09/2025_273_glsea.asc'
quietly pushing to husky... (0 => success)
0
0
=====================================================
============    10-01 03:05    ======================
=====================================================
no file for today... using yesterdays date
executing ./contour.py 2025 09 273
plotting sup...
plotting mic...
plotting hur...
plotting eri...
plotting ont...
quietly pushing to husky... (0 => success)
0
0
=====================================================
============    10-01 04:05    ======================
=====================================================
no file for today... using yesterdays date
executing ./contour.py 2025 09 273
plotting sup...
plotting mic...
plotting hur...
plotting eri...
plotting ont...
quietly pushing to husky... (0 => success)
0
0
=====================================================
============    10-01 05:05    ======================
=====================================================
no file for today... using yesterdays date
executing ./contour.py 2025 09 273
plotting sup...
plotting mic...
plotting hur...
plotting eri...
plotting ont...
quietly pushing to husky... (0 => success)
0
0
=====================================================
============    10-01 06:05    ======================
=====================================================
no file for today... using yesterdays date
executing ./contour.py 2025 09 273
plotting sup...
plotting mic...
plotting hur...
plotting eri...
plotting ont...
quietly pushing to husky... (0 => success)
0
0
=====================================================
============    10-01 07:05    ======================
=====================================================
no file for today... using yesterdays date
executing ./contour.py 2025 09 273
plotting sup...
plotting mic...
plotting hur...
plotting eri...
plotting ont...
quietly pushing to husky... (0 => success)
0
0
=====================================================
============    10-01 08:05    ======================
=====================================================
no file for today... using yesterdays date
executing ./contour.py 2025 09 273
plotting sup...
plotting mic...
plotting hur...
plotting eri...
plotting ont...
quietly pushing to husky... (0 => success)
0
0
=====================================================
============    10-01 09:05    ======================
=====================================================
no file for today... using yesterdays date
executing ./contour.py 2025 09 273
plotting sup...
plotting mic...
plotting hur...
plotting eri...
plotting ont...
quietly pushing to husky... (0 => success)
0
0
=====================================================
============    10-01 10:05    ======================
=====================================================
no file for today... using yesterdays date
executing ./contour.py 2025 09 273
plotting sup...
plotting mic...
plotting hur...
plotting eri...
plotting ont...
quietly pushing to husky... (0 => success)
0
0
=====================================================
============    10-01 11:05    ======================
=====================================================
no file for today... using yesterdays date
executing ./contour.py 2025 09 273
plotting sup...
plotting mic...
plotting hur...
plotting eri...
plotting ont...
quietly pushing to husky... (0 => success)
0
0
=====================================================
============    10-01 12:05    ======================
=====================================================
no file for today... using yesterdays date
executing ./contour.py 2025 09 273
plotting sup...
plotting mic...
plotting hur...
plotting eri...
plotting ont...
quietly pushing to husky... (0 => success)
0
0
=====================================================
============    10-01 13:05    ======================
=====================================================
no file for today... using yesterdays date
executing ./contour.py 2025 09 273
plotting sup...
plotting mic...
plotting hur...
plotting eri...
plotting ont...
quietly pushing to husky... (0 => success)
0
0
=====================================================
============    10-01 14:05    ======================
=====================================================
no file for today... using yesterdays date
executing ./contour.py 2025 09 273
plotting sup...
plotting mic...
plotting hur...
plotting eri...
plotting ont...
quietly pushing to husky... (0 => success)
0
0
=====================================================
============    10-01 15:05    ======================
=====================================================
no file for today... using yesterdays date
executing ./contour.py 2025 09 273
plotting sup...
plotting mic...
plotting hur...
plotting eri...
plotting ont...
quietly pushing to husky... (0 => success)
0
0
=====================================================
============    10-01 16:05    ======================
=====================================================
no file for today... using yesterdays date
executing ./contour.py 2025 09 273
plotting sup...
plotting mic...
plotting hur...
plotting eri...
plotting ont...
quietly pushing to husky... (0 => success)
0
0
=====================================================
============    10-01 17:05    ======================
=====================================================
no file for today... using yesterdays date
executing ./contour.py 2025 09 273
plotting sup...
plotting mic...
plotting hur...
plotting eri...
plotting ont...
quietly pushing to husky... (0 => success)
0
0
=====================================================
============    10-01 18:05    ======================
=====================================================
no file for today... using yesterdays date
executing ./contour.py 2025 09 273
plotting sup...
plotting mic...
plotting hur...
plotting eri...
plotting ont...
quietly pushing to husky... (0 => success)
0
0
=====================================================
============    10-01 19:05    ======================
=====================================================
no file for today... using yesterdays date
executing ./contour.py 2025 09 273
plotting sup...
plotting mic...
plotting hur...
plotting eri...
plotting ont...
quietly pushing to husky... (0 => success)
0
0
=====================================================
============    10-01 20:05    ======================
=====================================================
no file for today... using yesterdays date
executing ./contour.py 2025 09 273
plotting sup...
plotting mic...
plotting hur...
plotting eri...
plotting ont...
quietly pushing to husky... (0 => success)
0
0
=====================================================
============    10-01 21:05    ======================
=====================================================
no file for today... using yesterdays date
executing ./contour.py 2025 09 273
plotting sup...
plotting mic...
plotting hur...
plotting eri...
plotting ont...
quietly pushing to husky... (0 => success)
0
0
=====================================================
============    10-01 22:05    ======================
=====================================================
no file for today... using yesterdays date
executing ./contour.py 2025 09 273
plotting sup...
plotting mic...
plotting hur...
plotting eri...
plotting ont...
quietly pushing to husky... (0 => success)
0
0
=====================================================
============    10-01 23:05    ======================
=====================================================
no file for today... using yesterdays date
executing ./contour.py 2025 09 273
plotting sup...
plotting mic...
plotting hur...
plotting eri...
plotting ont...
quietly pushing to husky... (0 => success)
0
0
=====================================================
============    10-02 00:05    ======================
=====================================================
no file for today... using yesterdays date
executing ./contour.py 2025 10 274
Traceback (most recent call last):
  File "/home/kessler/plot_gen/contour_glsea/./contour.py", line 22, in <module>
    lst_gl = np.matrix(pd.read_table(fin, skiprows=6, sep='\s+', header=None))
  File "/usr/local/lib64/python3.9/site-packages/pandas/io/parsers/readers.py", line 1403, in read_table
    return _read(filepath_or_buffer, kwds)
  File "/usr/local/lib64/python3.9/site-packages/pandas/io/parsers/readers.py", line 618, in _read
    parser = TextFileReader(filepath_or_buffer, **kwds)
  File "/usr/local/lib64/python3.9/site-packages/pandas/io/parsers/readers.py", line 1618, in __init__
    self._engine = self._make_engine(f, self.engine)
  File "/usr/local/lib64/python3.9/site-packages/pandas/io/parsers/readers.py", line 1878, in _make_engine
    self.handles = get_handle(
  File "/usr/local/lib64/python3.9/site-packages/pandas/io/common.py", line 873, in get_handle
    handle = open(
FileNotFoundError: [Errno 2] No such file or directory: '/mnt/cwdata/p/m/lcd//2025/10/2025_274_glsea.asc'
quietly pushing to husky... (0 => success)
0
0
=====================================================
============    10-02 01:05    ======================
=====================================================
no file for today... using yesterdays date
executing ./contour.py 2025 10 274
Traceback (most recent call last):
  File "/home/kessler/plot_gen/contour_glsea/./contour.py", line 22, in <module>
    lst_gl = np.matrix(pd.read_table(fin, skiprows=6, sep='\s+', header=None))
  File "/usr/local/lib64/python3.9/site-packages/pandas/io/parsers/readers.py", line 1403, in read_table
    return _read(filepath_or_buffer, kwds)
  File "/usr/local/lib64/python3.9/site-packages/pandas/io/parsers/readers.py", line 618, in _read
    parser = TextFileReader(filepath_or_buffer, **kwds)
  File "/usr/local/lib64/python3.9/site-packages/pandas/io/parsers/readers.py", line 1618, in __init__
    self._engine = self._make_engine(f, self.engine)
  File "/usr/local/lib64/python3.9/site-packages/pandas/io/parsers/readers.py", line 1878, in _make_engine
    self.handles = get_handle(
  File "/usr/local/lib64/python3.9/site-packages/pandas/io/common.py", line 873, in get_handle
    handle = open(
FileNotFoundError: [Errno 2] No such file or directory: '/mnt/cwdata/p/m/lcd//2025/10/2025_274_glsea.asc'
quietly pushing to husky... (0 => success)
0
0
=====================================================
============    10-02 02:05    ======================
=====================================================
no file for today... using yesterdays date
executing ./contour.py 2025 10 274
Traceback (most recent call last):
  File "/home/kessler/plot_gen/contour_glsea/./contour.py", line 22, in <module>
    lst_gl = np.matrix(pd.read_table(fin, skiprows=6, sep='\s+', header=None))
  File "/usr/local/lib64/python3.9/site-packages/pandas/io/parsers/readers.py", line 1403, in read_table
    return _read(filepath_or_buffer, kwds)
  File "/usr/local/lib64/python3.9/site-packages/pandas/io/parsers/readers.py", line 618, in _read
    parser = TextFileReader(filepath_or_buffer, **kwds)
  File "/usr/local/lib64/python3.9/site-packages/pandas/io/parsers/readers.py", line 1618, in __init__
    self._engine = self._make_engine(f, self.engine)
  File "/usr/local/lib64/python3.9/site-packages/pandas/io/parsers/readers.py", line 1878, in _make_engine
    self.handles = get_handle(
  File "/usr/local/lib64/python3.9/site-packages/pandas/io/common.py", line 873, in get_handle
    handle = open(
FileNotFoundError: [Errno 2] No such file or directory: '/mnt/cwdata/p/m/lcd//2025/10/2025_274_glsea.asc'
quietly pushing to husky... (0 => success)
0
0
=====================================================
============    10-02 03:05    ======================
=====================================================
no file for today... using yesterdays date
executing ./contour.py 2025 10 274
plotting sup...
plotting mic...
plotting hur...
plotting eri...
plotting ont...
quietly pushing to husky... (0 => success)
0
0
=====================================================
============    10-02 04:05    ======================
=====================================================
no file for today... using yesterdays date
executing ./contour.py 2025 10 274
plotting sup...
plotting mic...
plotting hur...
plotting eri...
plotting ont...
quietly pushing to husky... (0 => success)
0
0
=====================================================
============    10-02 05:05    ======================
=====================================================
no file for today... using yesterdays date
executing ./contour.py 2025 10 274
plotting sup...
plotting mic...
plotting hur...
plotting eri...
plotting ont...
quietly pushing to husky... (0 => success)
0
0
=====================================================
============    10-02 06:05    ======================
=====================================================
no file for today... using yesterdays date
executing ./contour.py 2025 10 274
plotting sup...
plotting mic...
plotting hur...
plotting eri...
plotting ont...
quietly pushing to husky... (0 => success)
0
0
=====================================================
============    10-02 07:05    ======================
=====================================================
no file for today... using yesterdays date
executing ./contour.py 2025 10 274
plotting sup...
plotting mic...
plotting hur...
plotting eri...
plotting ont...
quietly pushing to husky... (0 => success)
0
0
=====================================================
============    10-02 08:05    ======================
=====================================================
no file for today... using yesterdays date
executing ./contour.py 2025 10 274
plotting sup...
plotting mic...
plotting hur...
plotting eri...
plotting ont...
quietly pushing to husky... (0 => success)
0
0
=====================================================
============    10-02 09:05    ======================
=====================================================
no file for today... using yesterdays date
executing ./contour.py 2025 10 274
plotting sup...
plotting mic...
plotting hur...
plotting eri...
plotting ont...
quietly pushing to husky... (0 => success)
0
0
=====================================================
============    10-02 10:05    ======================
=====================================================
no file for today... using yesterdays date
executing ./contour.py 2025 10 274
plotting sup...
plotting mic...
plotting hur...
plotting eri...
plotting ont...
quietly pushing to husky... (0 => success)
0
0
=====================================================
============    10-02 11:05    ======================
=====================================================
no file for today... using yesterdays date
executing ./contour.py 2025 10 274
plotting sup...
plotting mic...
plotting hur...
plotting eri...
plotting ont...
quietly pushing to husky... (0 => success)
0
0
=====================================================
============    10-02 12:05    ======================
=====================================================
no file for today... using yesterdays date
executing ./contour.py 2025 10 274
plotting sup...
plotting mic...
plotting hur...
plotting eri...
plotting ont...
quietly pushing to husky... (0 => success)
0
0
=====================================================
============    10-02 13:05    ======================
=====================================================
no file for today... using yesterdays date
executing ./contour.py 2025 10 274
plotting sup...
plotting mic...
plotting hur...
plotting eri...
plotting ont...
quietly pushing to husky... (0 => success)
0
0
=====================================================
============    10-02 14:05    ======================
=====================================================
no file for today... using yesterdays date
executing ./contour.py 2025 10 274
plotting sup...
plotting mic...
plotting hur...
plotting eri...
plotting ont...
quietly pushing to husky... (0 => success)
0
0
=====================================================
============    10-02 15:05    ======================
=====================================================
no file for today... using yesterdays date
executing ./contour.py 2025 10 274
plotting sup...
plotting mic...
plotting hur...
plotting eri...
plotting ont...
quietly pushing to husky... (0 => success)
0
0
=====================================================
============    10-02 16:05    ======================
=====================================================
no file for today... using yesterdays date
executing ./contour.py 2025 10 274
plotting sup...
plotting mic...
plotting hur...
plotting eri...
plotting ont...
quietly pushing to husky... (0 => success)
0
0
=====================================================
============    10-02 17:05    ======================
=====================================================
no file for today... using yesterdays date
executing ./contour.py 2025 10 274
plotting sup...
plotting mic...
plotting hur...
plotting eri...
plotting ont...
quietly pushing to husky... (0 => success)
0
0
=====================================================
============    10-02 18:05    ======================
=====================================================
no file for today... using yesterdays date
executing ./contour.py 2025 10 274
plotting sup...
plotting mic...
plotting hur...
plotting eri...
plotting ont...
quietly pushing to husky... (0 => success)
0
0
=====================================================
============    10-02 19:05    ======================
=====================================================
no file for today... using yesterdays date
executing ./contour.py 2025 10 274
plotting sup...
plotting mic...
plotting hur...
plotting eri...
plotting ont...
quietly pushing to husky... (0 => success)
0
0
=====================================================
============    10-02 20:05    ======================
=====================================================
no file for today... using yesterdays date
executing ./contour.py 2025 10 274
plotting sup...
plotting mic...
plotting hur...
plotting eri...
plotting ont...
quietly pushing to husky... (0 => success)
0
0
=====================================================
============    10-02 21:05    ======================
=====================================================
no file for today... using yesterdays date
executing ./contour.py 2025 10 274
plotting sup...
plotting mic...
plotting hur...
plotting eri...
plotting ont...
quietly pushing to husky... (0 => success)
0
0
=====================================================
============    10-02 22:05    ======================
=====================================================
no file for today... using yesterdays date
executing ./contour.py 2025 10 274
plotting sup...
plotting mic...
plotting hur...
plotting eri...
plotting ont...
quietly pushing to husky... (0 => success)
0
0
=====================================================
============    10-02 23:05    ======================
=====================================================
no file for today... using yesterdays date
executing ./contour.py 2025 10 274
plotting sup...
plotting mic...
plotting hur...
plotting eri...
plotting ont...
quietly pushing to husky... (0 => success)
0
0
=====================================================
============    10-03 00:05    ======================
=====================================================
no file for today... using yesterdays date
executing ./contour.py 2025 10 275
Traceback (most recent call last):
  File "/home/kessler/plot_gen/contour_glsea/./contour.py", line 22, in <module>
    lst_gl = np.matrix(pd.read_table(fin, skiprows=6, sep='\s+', header=None))
  File "/usr/local/lib64/python3.9/site-packages/pandas/io/parsers/readers.py", line 1403, in read_table
    return _read(filepath_or_buffer, kwds)
  File "/usr/local/lib64/python3.9/site-packages/pandas/io/parsers/readers.py", line 618, in _read
    parser = TextFileReader(filepath_or_buffer, **kwds)
  File "/usr/local/lib64/python3.9/site-packages/pandas/io/parsers/readers.py", line 1618, in __init__
    self._engine = self._make_engine(f, self.engine)
  File "/usr/local/lib64/python3.9/site-packages/pandas/io/parsers/readers.py", line 1878, in _make_engine
    self.handles = get_handle(
  File "/usr/local/lib64/python3.9/site-packages/pandas/io/common.py", line 873, in get_handle
    handle = open(
FileNotFoundError: [Errno 2] No such file or directory: '/mnt/cwdata/p/m/lcd//2025/10/2025_275_glsea.asc'
quietly pushing to husky... (0 => success)
0
0
=====================================================
============    10-03 01:05    ======================
=====================================================
no file for today... using yesterdays date
executing ./contour.py 2025 10 275
Traceback (most recent call last):
  File "/home/kessler/plot_gen/contour_glsea/./contour.py", line 22, in <module>
    lst_gl = np.matrix(pd.read_table(fin, skiprows=6, sep='\s+', header=None))
  File "/usr/local/lib64/python3.9/site-packages/pandas/io/parsers/readers.py", line 1403, in read_table
    return _read(filepath_or_buffer, kwds)
  File "/usr/local/lib64/python3.9/site-packages/pandas/io/parsers/readers.py", line 618, in _read
    parser = TextFileReader(filepath_or_buffer, **kwds)
  File "/usr/local/lib64/python3.9/site-packages/pandas/io/parsers/readers.py", line 1618, in __init__
    self._engine = self._make_engine(f, self.engine)
  File "/usr/local/lib64/python3.9/site-packages/pandas/io/parsers/readers.py", line 1878, in _make_engine
    self.handles = get_handle(
  File "/usr/local/lib64/python3.9/site-packages/pandas/io/common.py", line 873, in get_handle
    handle = open(
FileNotFoundError: [Errno 2] No such file or directory: '/mnt/cwdata/p/m/lcd//2025/10/2025_275_glsea.asc'
quietly pushing to husky... (0 => success)
0
0
=====================================================
============    10-03 02:05    ======================
=====================================================
no file for today... using yesterdays date
executing ./contour.py 2025 10 275
Traceback (most recent call last):
  File "/home/kessler/plot_gen/contour_glsea/./contour.py", line 22, in <module>
    lst_gl = np.matrix(pd.read_table(fin, skiprows=6, sep='\s+', header=None))
  File "/usr/local/lib64/python3.9/site-packages/pandas/io/parsers/readers.py", line 1403, in read_table
    return _read(filepath_or_buffer, kwds)
  File "/usr/local/lib64/python3.9/site-packages/pandas/io/parsers/readers.py", line 618, in _read
    parser = TextFileReader(filepath_or_buffer, **kwds)
  File "/usr/local/lib64/python3.9/site-packages/pandas/io/parsers/readers.py", line 1618, in __init__
    self._engine = self._make_engine(f, self.engine)
  File "/usr/local/lib64/python3.9/site-packages/pandas/io/parsers/readers.py", line 1878, in _make_engine
    self.handles = get_handle(
  File "/usr/local/lib64/python3.9/site-packages/pandas/io/common.py", line 873, in get_handle
    handle = open(
FileNotFoundError: [Errno 2] No such file or directory: '/mnt/cwdata/p/m/lcd//2025/10/2025_275_glsea.asc'
quietly pushing to husky... (0 => success)
0
0
=====================================================
============    10-03 03:05    ======================
=====================================================
no file for today... using yesterdays date
executing ./contour.py 2025 10 275
plotting sup...
plotting mic...
plotting hur...
plotting eri...
plotting ont...
quietly pushing to husky... (0 => success)
0
0
=====================================================
============    10-03 04:05    ======================
=====================================================
no file for today... using yesterdays date
executing ./contour.py 2025 10 275
plotting sup...
plotting mic...
plotting hur...
plotting eri...
plotting ont...
quietly pushing to husky... (0 => success)
0
0
=====================================================
============    10-03 05:05    ======================
=====================================================
no file for today... using yesterdays date
executing ./contour.py 2025 10 275
plotting sup...
plotting mic...
plotting hur...
plotting eri...
plotting ont...
quietly pushing to husky... (0 => success)
0
0
=====================================================
============    10-03 06:05    ======================
=====================================================
no file for today... using yesterdays date
executing ./contour.py 2025 10 275
plotting sup...
plotting mic...
plotting hur...
plotting eri...
plotting ont...
quietly pushing to husky... (0 => success)
0
0
=====================================================
============    10-03 07:05    ======================
=====================================================
no file for today... using yesterdays date
executing ./contour.py 2025 10 275
plotting sup...
plotting mic...
plotting hur...
plotting eri...
plotting ont...
quietly pushing to husky... (0 => success)
0
0
=====================================================
============    10-03 08:05    ======================
=====================================================
no file for today... using yesterdays date
executing ./contour.py 2025 10 275
plotting sup...
plotting mic...
plotting hur...
plotting eri...
plotting ont...
quietly pushing to husky... (0 => success)
0
0
=====================================================
============    10-03 09:05    ======================
=====================================================
no file for today... using yesterdays date
executing ./contour.py 2025 10 275
plotting sup...
plotting mic...
plotting hur...
plotting eri...
plotting ont...
quietly pushing to husky... (0 => success)
0
0
=====================================================
============    10-03 10:05    ======================
=====================================================
no file for today... using yesterdays date
executing ./contour.py 2025 10 275
plotting sup...
plotting mic...
plotting hur...
plotting eri...
plotting ont...
quietly pushing to husky... (0 => success)
0
0
=====================================================
============    10-03 11:05    ======================
=====================================================
no file for today... using yesterdays date
executing ./contour.py 2025 10 275
plotting sup...
plotting mic...
plotting hur...
plotting eri...
plotting ont...
quietly pushing to husky... (0 => success)
0
0
=====================================================
============    10-03 12:05    ======================
=====================================================
no file for today... using yesterdays date
executing ./contour.py 2025 10 275
plotting sup...
plotting mic...
plotting hur...
plotting eri...
plotting ont...
quietly pushing to husky... (0 => success)
0
0
=====================================================
============    10-03 13:05    ======================
=====================================================
no file for today... using yesterdays date
executing ./contour.py 2025 10 275
plotting sup...
plotting mic...
plotting hur...
plotting eri...
plotting ont...
quietly pushing to husky... (0 => success)
0
0
=====================================================
============    10-03 14:05    ======================
=====================================================
no file for today... using yesterdays date
executing ./contour.py 2025 10 275
plotting sup...
plotting mic...
plotting hur...
plotting eri...
plotting ont...
quietly pushing to husky... (0 => success)
0
0
=====================================================
============    10-03 15:05    ======================
=====================================================
no file for today... using yesterdays date
executing ./contour.py 2025 10 275
plotting sup...
plotting mic...
plotting hur...
plotting eri...
plotting ont...
quietly pushing to husky... (0 => success)
0
0
=====================================================
============    10-03 16:05    ======================
=====================================================
no file for today... using yesterdays date
executing ./contour.py 2025 10 275
plotting sup...
plotting mic...
plotting hur...
plotting eri...
plotting ont...
quietly pushing to husky... (0 => success)
0
0
=====================================================
============    10-03 17:05    ======================
=====================================================
no file for today... using yesterdays date
executing ./contour.py 2025 10 275
plotting sup...
plotting mic...
plotting hur...
plotting eri...
plotting ont...
quietly pushing to husky... (0 => success)
0
0
=====================================================
============    10-03 18:05    ======================
=====================================================
no file for today... using yesterdays date
executing ./contour.py 2025 10 275
plotting sup...
plotting mic...
plotting hur...
plotting eri...
plotting ont...
quietly pushing to husky... (0 => success)
0
0
=====================================================
============    10-03 19:05    ======================
=====================================================
no file for today... using yesterdays date
executing ./contour.py 2025 10 275
plotting sup...
plotting mic...
plotting hur...
plotting eri...
plotting ont...
quietly pushing to husky... (0 => success)
0
0
=====================================================
============    10-03 20:05    ======================
=====================================================
no file for today... using yesterdays date
executing ./contour.py 2025 10 275
plotting sup...
plotting mic...
plotting hur...
plotting eri...
plotting ont...
quietly pushing to husky... (0 => success)
0
0
=====================================================
============    10-03 21:05    ======================
=====================================================
no file for today... using yesterdays date
executing ./contour.py 2025 10 275
plotting sup...
plotting mic...
plotting hur...
plotting eri...
plotting ont...
quietly pushing to husky... (0 => success)
0
0
=====================================================
============    10-03 22:05    ======================
=====================================================
no file for today... using yesterdays date
executing ./contour.py 2025 10 275
plotting sup...
plotting mic...
plotting hur...
plotting eri...
plotting ont...
quietly pushing to husky... (0 => success)
0
0
=====================================================
============    10-03 23:05    ======================
=====================================================
no file for today... using yesterdays date
executing ./contour.py 2025 10 275
plotting sup...
plotting mic...
plotting hur...
plotting eri...
plotting ont...
quietly pushing to husky... (0 => success)
0
0
=====================================================
============    10-04 00:05    ======================
=====================================================
no file for today... using yesterdays date
executing ./contour.py 2025 10 276
Traceback (most recent call last):
  File "/home/kessler/plot_gen/contour_glsea/./contour.py", line 22, in <module>
    lst_gl = np.matrix(pd.read_table(fin, skiprows=6, sep='\s+', header=None))
  File "/usr/local/lib64/python3.9/site-packages/pandas/io/parsers/readers.py", line 1403, in read_table
    return _read(filepath_or_buffer, kwds)
  File "/usr/local/lib64/python3.9/site-packages/pandas/io/parsers/readers.py", line 618, in _read
    parser = TextFileReader(filepath_or_buffer, **kwds)
  File "/usr/local/lib64/python3.9/site-packages/pandas/io/parsers/readers.py", line 1618, in __init__
    self._engine = self._make_engine(f, self.engine)
  File "/usr/local/lib64/python3.9/site-packages/pandas/io/parsers/readers.py", line 1878, in _make_engine
    self.handles = get_handle(
  File "/usr/local/lib64/python3.9/site-packages/pandas/io/common.py", line 873, in get_handle
    handle = open(
FileNotFoundError: [Errno 2] No such file or directory: '/mnt/cwdata/p/m/lcd//2025/10/2025_276_glsea.asc'
quietly pushing to husky... (0 => success)
0
0
=====================================================
============    10-04 01:05    ======================
=====================================================
no file for today... using yesterdays date
executing ./contour.py 2025 10 276
Traceback (most recent call last):
  File "/home/kessler/plot_gen/contour_glsea/./contour.py", line 22, in <module>
    lst_gl = np.matrix(pd.read_table(fin, skiprows=6, sep='\s+', header=None))
  File "/usr/local/lib64/python3.9/site-packages/pandas/io/parsers/readers.py", line 1403, in read_table
    return _read(filepath_or_buffer, kwds)
  File "/usr/local/lib64/python3.9/site-packages/pandas/io/parsers/readers.py", line 618, in _read
    parser = TextFileReader(filepath_or_buffer, **kwds)
  File "/usr/local/lib64/python3.9/site-packages/pandas/io/parsers/readers.py", line 1618, in __init__
    self._engine = self._make_engine(f, self.engine)
  File "/usr/local/lib64/python3.9/site-packages/pandas/io/parsers/readers.py", line 1878, in _make_engine
    self.handles = get_handle(
  File "/usr/local/lib64/python3.9/site-packages/pandas/io/common.py", line 873, in get_handle
    handle = open(
FileNotFoundError: [Errno 2] No such file or directory: '/mnt/cwdata/p/m/lcd//2025/10/2025_276_glsea.asc'
quietly pushing to husky... (0 => success)
0
0
=====================================================
============    10-04 02:05    ======================
=====================================================
no file for today... using yesterdays date
executing ./contour.py 2025 10 276
Traceback (most recent call last):
  File "/home/kessler/plot_gen/contour_glsea/./contour.py", line 22, in <module>
    lst_gl = np.matrix(pd.read_table(fin, skiprows=6, sep='\s+', header=None))
  File "/usr/local/lib64/python3.9/site-packages/pandas/io/parsers/readers.py", line 1403, in read_table
    return _read(filepath_or_buffer, kwds)
  File "/usr/local/lib64/python3.9/site-packages/pandas/io/parsers/readers.py", line 618, in _read
    parser = TextFileReader(filepath_or_buffer, **kwds)
  File "/usr/local/lib64/python3.9/site-packages/pandas/io/parsers/readers.py", line 1618, in __init__
    self._engine = self._make_engine(f, self.engine)
  File "/usr/local/lib64/python3.9/site-packages/pandas/io/parsers/readers.py", line 1878, in _make_engine
    self.handles = get_handle(
  File "/usr/local/lib64/python3.9/site-packages/pandas/io/common.py", line 873, in get_handle
    handle = open(
FileNotFoundError: [Errno 2] No such file or directory: '/mnt/cwdata/p/m/lcd//2025/10/2025_276_glsea.asc'
quietly pushing to husky... (0 => success)
0
0
=====================================================
============    10-04 03:05    ======================
=====================================================
no file for today... using yesterdays date
executing ./contour.py 2025 10 276
plotting sup...
plotting mic...
plotting hur...
plotting eri...
plotting ont...
quietly pushing to husky... (0 => success)
0
0
=====================================================
============    10-04 04:05    ======================
=====================================================
no file for today... using yesterdays date
executing ./contour.py 2025 10 276
plotting sup...
plotting mic...
plotting hur...
plotting eri...
plotting ont...
quietly pushing to husky... (0 => success)
0
0
=====================================================
============    10-04 05:05    ======================
=====================================================
no file for today... using yesterdays date
executing ./contour.py 2025 10 276
plotting sup...
plotting mic...
plotting hur...
plotting eri...
plotting ont...
quietly pushing to husky... (0 => success)
0
0
=====================================================
============    10-04 06:05    ======================
=====================================================
no file for today... using yesterdays date
executing ./contour.py 2025 10 276
plotting sup...
plotting mic...
plotting hur...
plotting eri...
plotting ont...
quietly pushing to husky... (0 => success)
0
0
=====================================================
============    10-04 07:05    ======================
=====================================================
no file for today... using yesterdays date
executing ./contour.py 2025 10 276
plotting sup...
plotting mic...
plotting hur...
plotting eri...
plotting ont...
quietly pushing to husky... (0 => success)
0
0
=====================================================
============    10-04 08:05    ======================
=====================================================
no file for today... using yesterdays date
executing ./contour.py 2025 10 276
plotting sup...
plotting mic...
plotting hur...
plotting eri...
plotting ont...
quietly pushing to husky... (0 => success)
0
0
=====================================================
============    10-04 09:05    ======================
=====================================================
no file for today... using yesterdays date
executing ./contour.py 2025 10 276
plotting sup...
plotting mic...
plotting hur...
plotting eri...
plotting ont...
quietly pushing to husky... (0 => success)
0
0
=====================================================
============    10-04 10:05    ======================
=====================================================
no file for today... using yesterdays date
executing ./contour.py 2025 10 276
plotting sup...
plotting mic...
plotting hur...
plotting eri...
plotting ont...
quietly pushing to husky... (0 => success)
0
0
=====================================================
============    10-04 11:05    ======================
=====================================================
no file for today... using yesterdays date
executing ./contour.py 2025 10 276
plotting sup...
plotting mic...
plotting hur...
plotting eri...
plotting ont...
quietly pushing to husky... (0 => success)
0
0
=====================================================
============    10-04 12:05    ======================
=====================================================
no file for today... using yesterdays date
executing ./contour.py 2025 10 276
plotting sup...
plotting mic...
plotting hur...
plotting eri...
plotting ont...
quietly pushing to husky... (0 => success)
0
0
=====================================================
============    10-04 13:05    ======================
=====================================================
no file for today... using yesterdays date
executing ./contour.py 2025 10 276
plotting sup...
plotting mic...
plotting hur...
plotting eri...
plotting ont...
quietly pushing to husky... (0 => success)
0
0
=====================================================
============    10-04 14:05    ======================
=====================================================
no file for today... using yesterdays date
executing ./contour.py 2025 10 276
plotting sup...
plotting mic...
plotting hur...
plotting eri...
plotting ont...
quietly pushing to husky... (0 => success)
0
0
=====================================================
============    10-04 15:05    ======================
=====================================================
no file for today... using yesterdays date
executing ./contour.py 2025 10 276
plotting sup...
plotting mic...
plotting hur...
plotting eri...
plotting ont...
quietly pushing to husky... (0 => success)
0
0
=====================================================
============    10-04 16:05    ======================
=====================================================
no file for today... using yesterdays date
executing ./contour.py 2025 10 276
plotting sup...
plotting mic...
plotting hur...
plotting eri...
plotting ont...
quietly pushing to husky... (0 => success)
0
0
=====================================================
============    10-04 17:05    ======================
=====================================================
no file for today... using yesterdays date
executing ./contour.py 2025 10 276
plotting sup...
plotting mic...
plotting hur...
plotting eri...
plotting ont...
quietly pushing to husky... (0 => success)
0
0
=====================================================
============    10-04 18:05    ======================
=====================================================
no file for today... using yesterdays date
executing ./contour.py 2025 10 276
plotting sup...
plotting mic...
plotting hur...
plotting eri...
plotting ont...
quietly pushing to husky... (0 => success)
0
0
=====================================================
============    10-04 19:05    ======================
=====================================================
no file for today... using yesterdays date
executing ./contour.py 2025 10 276
plotting sup...
plotting mic...
plotting hur...
plotting eri...
plotting ont...
quietly pushing to husky... (0 => success)
0
0
=====================================================
============    10-04 20:05    ======================
=====================================================
no file for today... using yesterdays date
executing ./contour.py 2025 10 276
plotting sup...
plotting mic...
plotting hur...
plotting eri...
plotting ont...
quietly pushing to husky... (0 => success)
0
0
=====================================================
============    10-04 21:05    ======================
=====================================================
no file for today... using yesterdays date
executing ./contour.py 2025 10 276
plotting sup...
plotting mic...
plotting hur...
plotting eri...
plotting ont...
quietly pushing to husky... (0 => success)
0
0
=====================================================
============    10-04 22:05    ======================
=====================================================
no file for today... using yesterdays date
executing ./contour.py 2025 10 276
plotting sup...
plotting mic...
plotting hur...
plotting eri...
plotting ont...
quietly pushing to husky... (0 => success)
0
0
=====================================================
============    10-04 23:05    ======================
=====================================================
no file for today... using yesterdays date
executing ./contour.py 2025 10 276
plotting sup...
plotting mic...
plotting hur...
plotting eri...
plotting ont...
quietly pushing to husky... (0 => success)
0
0
=====================================================
============    10-05 00:05    ======================
=====================================================
no file for today... using yesterdays date
executing ./contour.py 2025 10 277
Traceback (most recent call last):
  File "/home/kessler/plot_gen/contour_glsea/./contour.py", line 22, in <module>
    lst_gl = np.matrix(pd.read_table(fin, skiprows=6, sep='\s+', header=None))
  File "/usr/local/lib64/python3.9/site-packages/pandas/io/parsers/readers.py", line 1403, in read_table
    return _read(filepath_or_buffer, kwds)
  File "/usr/local/lib64/python3.9/site-packages/pandas/io/parsers/readers.py", line 618, in _read
    parser = TextFileReader(filepath_or_buffer, **kwds)
  File "/usr/local/lib64/python3.9/site-packages/pandas/io/parsers/readers.py", line 1618, in __init__
    self._engine = self._make_engine(f, self.engine)
  File "/usr/local/lib64/python3.9/site-packages/pandas/io/parsers/readers.py", line 1878, in _make_engine
    self.handles = get_handle(
  File "/usr/local/lib64/python3.9/site-packages/pandas/io/common.py", line 873, in get_handle
    handle = open(
FileNotFoundError: [Errno 2] No such file or directory: '/mnt/cwdata/p/m/lcd//2025/10/2025_277_glsea.asc'
quietly pushing to husky... (0 => success)
0
0
=====================================================
============    10-05 01:05    ======================
=====================================================
no file for today... using yesterdays date
executing ./contour.py 2025 10 277
Traceback (most recent call last):
  File "/home/kessler/plot_gen/contour_glsea/./contour.py", line 22, in <module>
    lst_gl = np.matrix(pd.read_table(fin, skiprows=6, sep='\s+', header=None))
  File "/usr/local/lib64/python3.9/site-packages/pandas/io/parsers/readers.py", line 1403, in read_table
    return _read(filepath_or_buffer, kwds)
  File "/usr/local/lib64/python3.9/site-packages/pandas/io/parsers/readers.py", line 618, in _read
    parser = TextFileReader(filepath_or_buffer, **kwds)
  File "/usr/local/lib64/python3.9/site-packages/pandas/io/parsers/readers.py", line 1618, in __init__
    self._engine = self._make_engine(f, self.engine)
  File "/usr/local/lib64/python3.9/site-packages/pandas/io/parsers/readers.py", line 1878, in _make_engine
    self.handles = get_handle(
  File "/usr/local/lib64/python3.9/site-packages/pandas/io/common.py", line 873, in get_handle
    handle = open(
FileNotFoundError: [Errno 2] No such file or directory: '/mnt/cwdata/p/m/lcd//2025/10/2025_277_glsea.asc'
quietly pushing to husky... (0 => success)
0
0
=====================================================
============    10-05 02:05    ======================
=====================================================
no file for today... using yesterdays date
executing ./contour.py 2025 10 277
Traceback (most recent call last):
  File "/home/kessler/plot_gen/contour_glsea/./contour.py", line 22, in <module>
    lst_gl = np.matrix(pd.read_table(fin, skiprows=6, sep='\s+', header=None))
  File "/usr/local/lib64/python3.9/site-packages/pandas/io/parsers/readers.py", line 1403, in read_table
    return _read(filepath_or_buffer, kwds)
  File "/usr/local/lib64/python3.9/site-packages/pandas/io/parsers/readers.py", line 618, in _read
    parser = TextFileReader(filepath_or_buffer, **kwds)
  File "/usr/local/lib64/python3.9/site-packages/pandas/io/parsers/readers.py", line 1618, in __init__
    self._engine = self._make_engine(f, self.engine)
  File "/usr/local/lib64/python3.9/site-packages/pandas/io/parsers/readers.py", line 1878, in _make_engine
    self.handles = get_handle(
  File "/usr/local/lib64/python3.9/site-packages/pandas/io/common.py", line 873, in get_handle
    handle = open(
FileNotFoundError: [Errno 2] No such file or directory: '/mnt/cwdata/p/m/lcd//2025/10/2025_277_glsea.asc'
quietly pushing to husky... (0 => success)
0
0
=====================================================
============    10-05 03:05    ======================
=====================================================
no file for today... using yesterdays date
executing ./contour.py 2025 10 277
plotting sup...
plotting mic...
plotting hur...
plotting eri...
plotting ont...
quietly pushing to husky... (0 => success)
0
0
=====================================================
============    10-05 04:05    ======================
=====================================================
no file for today... using yesterdays date
executing ./contour.py 2025 10 277
plotting sup...
plotting mic...
plotting hur...
plotting eri...
plotting ont...
quietly pushing to husky... (0 => success)
0
0
=====================================================
============    10-05 05:05    ======================
=====================================================
no file for today... using yesterdays date
executing ./contour.py 2025 10 277
plotting sup...
plotting mic...
plotting hur...
plotting eri...
plotting ont...
quietly pushing to husky... (0 => success)
0
0
=====================================================
============    10-05 06:05    ======================
=====================================================
no file for today... using yesterdays date
executing ./contour.py 2025 10 277
plotting sup...
plotting mic...
plotting hur...
plotting eri...
plotting ont...
quietly pushing to husky... (0 => success)
0
0
=====================================================
============    10-05 07:05    ======================
=====================================================
no file for today... using yesterdays date
executing ./contour.py 2025 10 277
plotting sup...
plotting mic...
plotting hur...
plotting eri...
plotting ont...
quietly pushing to husky... (0 => success)
0
0
=====================================================
============    10-05 08:05    ======================
=====================================================
no file for today... using yesterdays date
executing ./contour.py 2025 10 277
plotting sup...
plotting mic...
plotting hur...
plotting eri...
plotting ont...
quietly pushing to husky... (0 => success)
0
0
=====================================================
============    10-05 09:05    ======================
=====================================================
no file for today... using yesterdays date
executing ./contour.py 2025 10 277
plotting sup...
plotting mic...
plotting hur...
plotting eri...
plotting ont...
quietly pushing to husky... (0 => success)
0
0
=====================================================
============    10-05 10:05    ======================
=====================================================
no file for today... using yesterdays date
executing ./contour.py 2025 10 277
plotting sup...
plotting mic...
plotting hur...
plotting eri...
plotting ont...
quietly pushing to husky... (0 => success)
0
0
=====================================================
============    10-05 11:05    ======================
=====================================================
no file for today... using yesterdays date
executing ./contour.py 2025 10 277
plotting sup...
plotting mic...
plotting hur...
plotting eri...
plotting ont...
quietly pushing to husky... (0 => success)
0
0
=====================================================
============    10-05 12:05    ======================
=====================================================
no file for today... using yesterdays date
executing ./contour.py 2025 10 277
plotting sup...
plotting mic...
plotting hur...
plotting eri...
plotting ont...
quietly pushing to husky... (0 => success)
0
0
=====================================================
============    10-05 13:05    ======================
=====================================================
no file for today... using yesterdays date
executing ./contour.py 2025 10 277
plotting sup...
plotting mic...
plotting hur...
plotting eri...
plotting ont...
quietly pushing to husky... (0 => success)
0
0
=====================================================
============    10-05 14:05    ======================
=====================================================
no file for today... using yesterdays date
executing ./contour.py 2025 10 277
plotting sup...
plotting mic...
plotting hur...
plotting eri...
plotting ont...
quietly pushing to husky... (0 => success)
0
0
=====================================================
============    10-05 15:05    ======================
=====================================================
no file for today... using yesterdays date
executing ./contour.py 2025 10 277
plotting sup...
plotting mic...
plotting hur...
plotting eri...
plotting ont...
quietly pushing to husky... (0 => success)
0
0
=====================================================
============    10-05 16:05    ======================
=====================================================
no file for today... using yesterdays date
executing ./contour.py 2025 10 277
plotting sup...
plotting mic...
plotting hur...
plotting eri...
plotting ont...
quietly pushing to husky... (0 => success)
0
0
=====================================================
============    10-05 17:05    ======================
=====================================================
no file for today... using yesterdays date
executing ./contour.py 2025 10 277
plotting sup...
plotting mic...
plotting hur...
plotting eri...
plotting ont...
quietly pushing to husky... (0 => success)
0
0
=====================================================
============    10-05 18:05    ======================
=====================================================
no file for today... using yesterdays date
executing ./contour.py 2025 10 277
plotting sup...
plotting mic...
plotting hur...
plotting eri...
plotting ont...
quietly pushing to husky... (0 => success)
0
0
=====================================================
============    10-05 19:05    ======================
=====================================================
no file for today... using yesterdays date
executing ./contour.py 2025 10 277
plotting sup...
plotting mic...
plotting hur...
plotting eri...
plotting ont...
quietly pushing to husky... (0 => success)
0
0
=====================================================
============    10-05 20:05    ======================
=====================================================
no file for today... using yesterdays date
executing ./contour.py 2025 10 277
plotting sup...
plotting mic...
plotting hur...
plotting eri...
plotting ont...
quietly pushing to husky... (0 => success)
0
0
=====================================================
============    10-05 21:05    ======================
=====================================================
no file for today... using yesterdays date
executing ./contour.py 2025 10 277
plotting sup...
plotting mic...
plotting hur...
plotting eri...
plotting ont...
quietly pushing to husky... (0 => success)
0
0
=====================================================
============    10-05 22:05    ======================
=====================================================
no file for today... using yesterdays date
executing ./contour.py 2025 10 277
plotting sup...
plotting mic...
plotting hur...
plotting eri...
plotting ont...
quietly pushing to husky... (0 => success)
0
0
=====================================================
============    10-05 23:05    ======================
=====================================================
no file for today... using yesterdays date
executing ./contour.py 2025 10 277
plotting sup...
plotting mic...
plotting hur...
plotting eri...
plotting ont...
quietly pushing to husky... (0 => success)
0
0
=====================================================
============    10-06 00:05    ======================
=====================================================
no file for today... using yesterdays date
executing ./contour.py 2025 10 278
Traceback (most recent call last):
  File "/home/kessler/plot_gen/contour_glsea/./contour.py", line 22, in <module>
    lst_gl = np.matrix(pd.read_table(fin, skiprows=6, sep='\s+', header=None))
  File "/usr/local/lib64/python3.9/site-packages/pandas/io/parsers/readers.py", line 1403, in read_table
    return _read(filepath_or_buffer, kwds)
  File "/usr/local/lib64/python3.9/site-packages/pandas/io/parsers/readers.py", line 618, in _read
    parser = TextFileReader(filepath_or_buffer, **kwds)
  File "/usr/local/lib64/python3.9/site-packages/pandas/io/parsers/readers.py", line 1618, in __init__
    self._engine = self._make_engine(f, self.engine)
  File "/usr/local/lib64/python3.9/site-packages/pandas/io/parsers/readers.py", line 1878, in _make_engine
    self.handles = get_handle(
  File "/usr/local/lib64/python3.9/site-packages/pandas/io/common.py", line 873, in get_handle
    handle = open(
FileNotFoundError: [Errno 2] No such file or directory: '/mnt/cwdata/p/m/lcd//2025/10/2025_278_glsea.asc'
quietly pushing to husky... (0 => success)
0
0
=====================================================
============    10-06 01:05    ======================
=====================================================
no file for today... using yesterdays date
executing ./contour.py 2025 10 278
Traceback (most recent call last):
  File "/home/kessler/plot_gen/contour_glsea/./contour.py", line 22, in <module>
    lst_gl = np.matrix(pd.read_table(fin, skiprows=6, sep='\s+', header=None))
  File "/usr/local/lib64/python3.9/site-packages/pandas/io/parsers/readers.py", line 1403, in read_table
    return _read(filepath_or_buffer, kwds)
  File "/usr/local/lib64/python3.9/site-packages/pandas/io/parsers/readers.py", line 618, in _read
    parser = TextFileReader(filepath_or_buffer, **kwds)
  File "/usr/local/lib64/python3.9/site-packages/pandas/io/parsers/readers.py", line 1618, in __init__
    self._engine = self._make_engine(f, self.engine)
  File "/usr/local/lib64/python3.9/site-packages/pandas/io/parsers/readers.py", line 1878, in _make_engine
    self.handles = get_handle(
  File "/usr/local/lib64/python3.9/site-packages/pandas/io/common.py", line 873, in get_handle
    handle = open(
FileNotFoundError: [Errno 2] No such file or directory: '/mnt/cwdata/p/m/lcd//2025/10/2025_278_glsea.asc'
quietly pushing to husky... (0 => success)
0
0
=====================================================
============    10-06 02:05    ======================
=====================================================
no file for today... using yesterdays date
executing ./contour.py 2025 10 278
Traceback (most recent call last):
  File "/home/kessler/plot_gen/contour_glsea/./contour.py", line 22, in <module>
    lst_gl = np.matrix(pd.read_table(fin, skiprows=6, sep='\s+', header=None))
  File "/usr/local/lib64/python3.9/site-packages/pandas/io/parsers/readers.py", line 1403, in read_table
    return _read(filepath_or_buffer, kwds)
  File "/usr/local/lib64/python3.9/site-packages/pandas/io/parsers/readers.py", line 618, in _read
    parser = TextFileReader(filepath_or_buffer, **kwds)
  File "/usr/local/lib64/python3.9/site-packages/pandas/io/parsers/readers.py", line 1618, in __init__
    self._engine = self._make_engine(f, self.engine)
  File "/usr/local/lib64/python3.9/site-packages/pandas/io/parsers/readers.py", line 1878, in _make_engine
    self.handles = get_handle(
  File "/usr/local/lib64/python3.9/site-packages/pandas/io/common.py", line 873, in get_handle
    handle = open(
FileNotFoundError: [Errno 2] No such file or directory: '/mnt/cwdata/p/m/lcd//2025/10/2025_278_glsea.asc'
quietly pushing to husky... (0 => success)
0
0
=====================================================
============    10-06 03:05    ======================
=====================================================
no file for today... using yesterdays date
executing ./contour.py 2025 10 278
plotting sup...
plotting mic...
plotting hur...
plotting eri...
plotting ont...
quietly pushing to husky... (0 => success)
0
0
=====================================================
============    10-06 04:05    ======================
=====================================================
no file for today... using yesterdays date
executing ./contour.py 2025 10 278
plotting sup...
plotting mic...
plotting hur...
plotting eri...
plotting ont...
quietly pushing to husky... (0 => success)
0
0
=====================================================
============    10-06 05:05    ======================
=====================================================
no file for today... using yesterdays date
executing ./contour.py 2025 10 278
plotting sup...
plotting mic...
plotting hur...
plotting eri...
plotting ont...
quietly pushing to husky... (0 => success)
0
0
=====================================================
============    10-06 06:05    ======================
=====================================================
no file for today... using yesterdays date
executing ./contour.py 2025 10 278
plotting sup...
plotting mic...
plotting hur...
plotting eri...
plotting ont...
quietly pushing to husky... (0 => success)
0
0
=====================================================
============    10-06 07:05    ======================
=====================================================
no file for today... using yesterdays date
executing ./contour.py 2025 10 278
plotting sup...
plotting mic...
plotting hur...
plotting eri...
plotting ont...
quietly pushing to husky... (0 => success)
0
0
=====================================================
============    10-06 08:05    ======================
=====================================================
no file for today... using yesterdays date
executing ./contour.py 2025 10 278
plotting sup...
plotting mic...
plotting hur...
plotting eri...
plotting ont...
quietly pushing to husky... (0 => success)
0
0
=====================================================
============    10-06 09:05    ======================
=====================================================
no file for today... using yesterdays date
executing ./contour.py 2025 10 278
plotting sup...
plotting mic...
plotting hur...
plotting eri...
plotting ont...
quietly pushing to husky... (0 => success)
0
0
=====================================================
============    10-06 10:05    ======================
=====================================================
no file for today... using yesterdays date
executing ./contour.py 2025 10 278
plotting sup...
plotting mic...
plotting hur...
plotting eri...
plotting ont...
quietly pushing to husky... (0 => success)
0
0
=====================================================
============    10-06 11:05    ======================
=====================================================
no file for today... using yesterdays date
executing ./contour.py 2025 10 278
plotting sup...
plotting mic...
plotting hur...
plotting eri...
plotting ont...
quietly pushing to husky... (0 => success)
0
0
=====================================================
============    10-06 12:05    ======================
=====================================================
no file for today... using yesterdays date
executing ./contour.py 2025 10 278
plotting sup...
plotting mic...
plotting hur...
plotting eri...
plotting ont...
quietly pushing to husky... (0 => success)
0
0
=====================================================
============    10-06 13:05    ======================
=====================================================
no file for today... using yesterdays date
executing ./contour.py 2025 10 278
plotting sup...
plotting mic...
plotting hur...
plotting eri...
plotting ont...
quietly pushing to husky... (0 => success)
0
0
=====================================================
============    10-06 14:05    ======================
=====================================================
no file for today... using yesterdays date
executing ./contour.py 2025 10 278
plotting sup...
plotting mic...
plotting hur...
plotting eri...
plotting ont...
quietly pushing to husky... (0 => success)
0
0
=====================================================
============    10-06 15:05    ======================
=====================================================
no file for today... using yesterdays date
executing ./contour.py 2025 10 278
plotting sup...
plotting mic...
plotting hur...
plotting eri...
plotting ont...
quietly pushing to husky... (0 => success)
0
0
=====================================================
============    10-06 16:05    ======================
=====================================================
no file for today... using yesterdays date
executing ./contour.py 2025 10 278
plotting sup...
plotting mic...
plotting hur...
plotting eri...
plotting ont...
quietly pushing to husky... (0 => success)
0
0
=====================================================
============    10-06 17:05    ======================
=====================================================
no file for today... using yesterdays date
executing ./contour.py 2025 10 278
plotting sup...
plotting mic...
plotting hur...
plotting eri...
plotting ont...
quietly pushing to husky... (0 => success)
0
0
=====================================================
============    10-06 18:05    ======================
=====================================================
no file for today... using yesterdays date
executing ./contour.py 2025 10 278
plotting sup...
plotting mic...
plotting hur...
plotting eri...
plotting ont...
quietly pushing to husky... (0 => success)
0
0
=====================================================
============    10-06 19:05    ======================
=====================================================
no file for today... using yesterdays date
executing ./contour.py 2025 10 278
plotting sup...
plotting mic...
plotting hur...
plotting eri...
plotting ont...
quietly pushing to husky... (0 => success)
0
0
=====================================================
============    10-06 20:05    ======================
=====================================================
no file for today... using yesterdays date
executing ./contour.py 2025 10 278
plotting sup...
plotting mic...
plotting hur...
plotting eri...
plotting ont...
quietly pushing to husky... (0 => success)
0
0
=====================================================
============    10-06 21:05    ======================
=====================================================
no file for today... using yesterdays date
executing ./contour.py 2025 10 278
plotting sup...
plotting mic...
plotting hur...
plotting eri...
plotting ont...
quietly pushing to husky... (0 => success)
0
0
=====================================================
============    10-06 22:05    ======================
=====================================================
no file for today... using yesterdays date
executing ./contour.py 2025 10 278
plotting sup...
plotting mic...
plotting hur...
plotting eri...
plotting ont...
quietly pushing to husky... (0 => success)
0
0
=====================================================
============    10-06 23:05    ======================
=====================================================
no file for today... using yesterdays date
executing ./contour.py 2025 10 278
plotting sup...
plotting mic...
plotting hur...
plotting eri...
plotting ont...
quietly pushing to husky... (0 => success)
0
0
=====================================================
============    10-07 00:05    ======================
=====================================================
no file for today... using yesterdays date
executing ./contour.py 2025 10 279
Traceback (most recent call last):
  File "/home/kessler/plot_gen/contour_glsea/./contour.py", line 22, in <module>
    lst_gl = np.matrix(pd.read_table(fin, skiprows=6, sep='\s+', header=None))
  File "/usr/local/lib64/python3.9/site-packages/pandas/io/parsers/readers.py", line 1403, in read_table
    return _read(filepath_or_buffer, kwds)
  File "/usr/local/lib64/python3.9/site-packages/pandas/io/parsers/readers.py", line 618, in _read
    parser = TextFileReader(filepath_or_buffer, **kwds)
  File "/usr/local/lib64/python3.9/site-packages/pandas/io/parsers/readers.py", line 1618, in __init__
    self._engine = self._make_engine(f, self.engine)
  File "/usr/local/lib64/python3.9/site-packages/pandas/io/parsers/readers.py", line 1878, in _make_engine
    self.handles = get_handle(
  File "/usr/local/lib64/python3.9/site-packages/pandas/io/common.py", line 873, in get_handle
    handle = open(
FileNotFoundError: [Errno 2] No such file or directory: '/mnt/cwdata/p/m/lcd//2025/10/2025_279_glsea.asc'
quietly pushing to husky... (0 => success)
0
0
=====================================================
============    10-07 01:05    ======================
=====================================================
no file for today... using yesterdays date
executing ./contour.py 2025 10 279
Traceback (most recent call last):
  File "/home/kessler/plot_gen/contour_glsea/./contour.py", line 22, in <module>
    lst_gl = np.matrix(pd.read_table(fin, skiprows=6, sep='\s+', header=None))
  File "/usr/local/lib64/python3.9/site-packages/pandas/io/parsers/readers.py", line 1403, in read_table
    return _read(filepath_or_buffer, kwds)
  File "/usr/local/lib64/python3.9/site-packages/pandas/io/parsers/readers.py", line 618, in _read
    parser = TextFileReader(filepath_or_buffer, **kwds)
  File "/usr/local/lib64/python3.9/site-packages/pandas/io/parsers/readers.py", line 1618, in __init__
    self._engine = self._make_engine(f, self.engine)
  File "/usr/local/lib64/python3.9/site-packages/pandas/io/parsers/readers.py", line 1878, in _make_engine
    self.handles = get_handle(
  File "/usr/local/lib64/python3.9/site-packages/pandas/io/common.py", line 873, in get_handle
    handle = open(
FileNotFoundError: [Errno 2] No such file or directory: '/mnt/cwdata/p/m/lcd//2025/10/2025_279_glsea.asc'
quietly pushing to husky... (0 => success)
0
0
=====================================================
============    10-07 02:05    ======================
=====================================================
no file for today... using yesterdays date
executing ./contour.py 2025 10 279
Traceback (most recent call last):
  File "/home/kessler/plot_gen/contour_glsea/./contour.py", line 22, in <module>
    lst_gl = np.matrix(pd.read_table(fin, skiprows=6, sep='\s+', header=None))
  File "/usr/local/lib64/python3.9/site-packages/pandas/io/parsers/readers.py", line 1403, in read_table
    return _read(filepath_or_buffer, kwds)
  File "/usr/local/lib64/python3.9/site-packages/pandas/io/parsers/readers.py", line 618, in _read
    parser = TextFileReader(filepath_or_buffer, **kwds)
  File "/usr/local/lib64/python3.9/site-packages/pandas/io/parsers/readers.py", line 1618, in __init__
    self._engine = self._make_engine(f, self.engine)
  File "/usr/local/lib64/python3.9/site-packages/pandas/io/parsers/readers.py", line 1878, in _make_engine
    self.handles = get_handle(
  File "/usr/local/lib64/python3.9/site-packages/pandas/io/common.py", line 873, in get_handle
    handle = open(
FileNotFoundError: [Errno 2] No such file or directory: '/mnt/cwdata/p/m/lcd//2025/10/2025_279_glsea.asc'
quietly pushing to husky... (0 => success)
0
0
=====================================================
============    10-07 03:05    ======================
=====================================================
no file for today... using yesterdays date
executing ./contour.py 2025 10 279
plotting sup...
plotting mic...
plotting hur...
plotting eri...
plotting ont...
quietly pushing to husky... (0 => success)
0
0
=====================================================
============    10-07 04:05    ======================
=====================================================
no file for today... using yesterdays date
executing ./contour.py 2025 10 279
plotting sup...
plotting mic...
plotting hur...
plotting eri...
plotting ont...
quietly pushing to husky... (0 => success)
0
0
=====================================================
============    10-07 05:05    ======================
=====================================================
no file for today... using yesterdays date
executing ./contour.py 2025 10 279
plotting sup...
plotting mic...
plotting hur...
plotting eri...
plotting ont...
quietly pushing to husky... (0 => success)
0
0
=====================================================
============    10-07 06:05    ======================
=====================================================
no file for today... using yesterdays date
executing ./contour.py 2025 10 279
plotting sup...
plotting mic...
plotting hur...
plotting eri...
plotting ont...
quietly pushing to husky... (0 => success)
0
0
=====================================================
============    10-07 07:05    ======================
=====================================================
no file for today... using yesterdays date
executing ./contour.py 2025 10 279
plotting sup...
plotting mic...
plotting hur...
plotting eri...
plotting ont...
quietly pushing to husky... (0 => success)
0
0
=====================================================
============    10-07 08:05    ======================
=====================================================
no file for today... using yesterdays date
executing ./contour.py 2025 10 279
plotting sup...
plotting mic...
plotting hur...
plotting eri...
plotting ont...
quietly pushing to husky... (0 => success)
0
0
=====================================================
============    10-07 09:05    ======================
=====================================================
no file for today... using yesterdays date
executing ./contour.py 2025 10 279
plotting sup...
plotting mic...
plotting hur...
plotting eri...
plotting ont...
quietly pushing to husky... (0 => success)
0
0
=====================================================
============    10-07 10:05    ======================
=====================================================
no file for today... using yesterdays date
executing ./contour.py 2025 10 279
plotting sup...
plotting mic...
plotting hur...
plotting eri...
plotting ont...
quietly pushing to husky... (0 => success)
0
0
=====================================================
============    10-07 11:05    ======================
=====================================================
no file for today... using yesterdays date
executing ./contour.py 2025 10 279
plotting sup...
plotting mic...
plotting hur...
plotting eri...
plotting ont...
quietly pushing to husky... (0 => success)
0
0
=====================================================
============    10-07 12:05    ======================
=====================================================
no file for today... using yesterdays date
executing ./contour.py 2025 10 279
plotting sup...
plotting mic...
plotting hur...
plotting eri...
plotting ont...
quietly pushing to husky... (0 => success)
0
0
=====================================================
============    10-07 13:05    ======================
=====================================================
no file for today... using yesterdays date
executing ./contour.py 2025 10 279
plotting sup...
plotting mic...
plotting hur...
plotting eri...
plotting ont...
quietly pushing to husky... (0 => success)
0
0
=====================================================
============    10-07 14:05    ======================
=====================================================
no file for today... using yesterdays date
executing ./contour.py 2025 10 279
plotting sup...
plotting mic...
plotting hur...
plotting eri...
plotting ont...
quietly pushing to husky... (0 => success)
0
0
=====================================================
============    10-07 15:05    ======================
=====================================================
no file for today... using yesterdays date
executing ./contour.py 2025 10 279
plotting sup...
plotting mic...
plotting hur...
plotting eri...
plotting ont...
quietly pushing to husky... (0 => success)
0
0
=====================================================
============    10-07 16:05    ======================
=====================================================
no file for today... using yesterdays date
executing ./contour.py 2025 10 279
plotting sup...
plotting mic...
plotting hur...
plotting eri...
plotting ont...
quietly pushing to husky... (0 => success)
0
0
=====================================================
============    10-07 17:05    ======================
=====================================================
no file for today... using yesterdays date
executing ./contour.py 2025 10 279
plotting sup...
plotting mic...
plotting hur...
plotting eri...
plotting ont...
quietly pushing to husky... (0 => success)
0
0
=====================================================
============    10-07 18:05    ======================
=====================================================
no file for today... using yesterdays date
executing ./contour.py 2025 10 279
plotting sup...
plotting mic...
plotting hur...
plotting eri...
plotting ont...
quietly pushing to husky... (0 => success)
0
0
=====================================================
============    10-07 19:05    ======================
=====================================================
no file for today... using yesterdays date
executing ./contour.py 2025 10 279
plotting sup...
plotting mic...
plotting hur...
plotting eri...
plotting ont...
quietly pushing to husky... (0 => success)
0
0
=====================================================
============    10-07 20:05    ======================
=====================================================
no file for today... using yesterdays date
executing ./contour.py 2025 10 279
plotting sup...
plotting mic...
plotting hur...
plotting eri...
plotting ont...
quietly pushing to husky... (0 => success)
0
0
=====================================================
============    10-07 21:05    ======================
=====================================================
no file for today... using yesterdays date
executing ./contour.py 2025 10 279
plotting sup...
plotting mic...
plotting hur...
plotting eri...
plotting ont...
quietly pushing to husky... (0 => success)
0
0
=====================================================
============    10-07 22:05    ======================
=====================================================
no file for today... using yesterdays date
executing ./contour.py 2025 10 279
plotting sup...
plotting mic...
plotting hur...
plotting eri...
plotting ont...
quietly pushing to husky... (0 => success)
0
0
=====================================================
============    10-07 23:05    ======================
=====================================================
no file for today... using yesterdays date
executing ./contour.py 2025 10 279
plotting sup...
plotting mic...
plotting hur...
plotting eri...
plotting ont...
quietly pushing to husky... (0 => success)
0
0
=====================================================
============    10-08 00:05    ======================
=====================================================
no file for today... using yesterdays date
executing ./contour.py 2025 10 280
Traceback (most recent call last):
  File "/home/kessler/plot_gen/contour_glsea/./contour.py", line 22, in <module>
    lst_gl = np.matrix(pd.read_table(fin, skiprows=6, sep='\s+', header=None))
  File "/usr/local/lib64/python3.9/site-packages/pandas/io/parsers/readers.py", line 1403, in read_table
    return _read(filepath_or_buffer, kwds)
  File "/usr/local/lib64/python3.9/site-packages/pandas/io/parsers/readers.py", line 618, in _read
    parser = TextFileReader(filepath_or_buffer, **kwds)
  File "/usr/local/lib64/python3.9/site-packages/pandas/io/parsers/readers.py", line 1618, in __init__
    self._engine = self._make_engine(f, self.engine)
  File "/usr/local/lib64/python3.9/site-packages/pandas/io/parsers/readers.py", line 1878, in _make_engine
    self.handles = get_handle(
  File "/usr/local/lib64/python3.9/site-packages/pandas/io/common.py", line 873, in get_handle
    handle = open(
FileNotFoundError: [Errno 2] No such file or directory: '/mnt/cwdata/p/m/lcd//2025/10/2025_280_glsea.asc'
quietly pushing to husky... (0 => success)
0
0
=====================================================
============    10-08 01:05    ======================
=====================================================
no file for today... using yesterdays date
executing ./contour.py 2025 10 280
Traceback (most recent call last):
  File "/home/kessler/plot_gen/contour_glsea/./contour.py", line 22, in <module>
    lst_gl = np.matrix(pd.read_table(fin, skiprows=6, sep='\s+', header=None))
  File "/usr/local/lib64/python3.9/site-packages/pandas/io/parsers/readers.py", line 1403, in read_table
    return _read(filepath_or_buffer, kwds)
  File "/usr/local/lib64/python3.9/site-packages/pandas/io/parsers/readers.py", line 618, in _read
    parser = TextFileReader(filepath_or_buffer, **kwds)
  File "/usr/local/lib64/python3.9/site-packages/pandas/io/parsers/readers.py", line 1618, in __init__
    self._engine = self._make_engine(f, self.engine)
  File "/usr/local/lib64/python3.9/site-packages/pandas/io/parsers/readers.py", line 1878, in _make_engine
    self.handles = get_handle(
  File "/usr/local/lib64/python3.9/site-packages/pandas/io/common.py", line 873, in get_handle
    handle = open(
FileNotFoundError: [Errno 2] No such file or directory: '/mnt/cwdata/p/m/lcd//2025/10/2025_280_glsea.asc'
quietly pushing to husky... (0 => success)
0
0
=====================================================
============    10-08 02:05    ======================
=====================================================
no file for today... using yesterdays date
executing ./contour.py 2025 10 280
Traceback (most recent call last):
  File "/home/kessler/plot_gen/contour_glsea/./contour.py", line 22, in <module>
    lst_gl = np.matrix(pd.read_table(fin, skiprows=6, sep='\s+', header=None))
  File "/usr/local/lib64/python3.9/site-packages/pandas/io/parsers/readers.py", line 1403, in read_table
    return _read(filepath_or_buffer, kwds)
  File "/usr/local/lib64/python3.9/site-packages/pandas/io/parsers/readers.py", line 618, in _read
    parser = TextFileReader(filepath_or_buffer, **kwds)
  File "/usr/local/lib64/python3.9/site-packages/pandas/io/parsers/readers.py", line 1618, in __init__
    self._engine = self._make_engine(f, self.engine)
  File "/usr/local/lib64/python3.9/site-packages/pandas/io/parsers/readers.py", line 1878, in _make_engine
    self.handles = get_handle(
  File "/usr/local/lib64/python3.9/site-packages/pandas/io/common.py", line 873, in get_handle
    handle = open(
FileNotFoundError: [Errno 2] No such file or directory: '/mnt/cwdata/p/m/lcd//2025/10/2025_280_glsea.asc'
quietly pushing to husky... (0 => success)
0
0
=====================================================
============    10-08 03:05    ======================
=====================================================
no file for today... using yesterdays date
executing ./contour.py 2025 10 280
plotting sup...
plotting mic...
plotting hur...
plotting eri...
plotting ont...
quietly pushing to husky... (0 => success)
0
0
=====================================================
============    10-08 04:05    ======================
=====================================================
no file for today... using yesterdays date
executing ./contour.py 2025 10 280
plotting sup...
plotting mic...
plotting hur...
plotting eri...
plotting ont...
quietly pushing to husky... (0 => success)
0
0
=====================================================
============    10-08 05:05    ======================
=====================================================
no file for today... using yesterdays date
executing ./contour.py 2025 10 280
plotting sup...
plotting mic...
plotting hur...
plotting eri...
plotting ont...
quietly pushing to husky... (0 => success)
0
0
=====================================================
============    10-08 06:05    ======================
=====================================================
no file for today... using yesterdays date
executing ./contour.py 2025 10 280
plotting sup...
plotting mic...
plotting hur...
plotting eri...
plotting ont...
quietly pushing to husky... (0 => success)
0
0
=====================================================
============    10-08 07:05    ======================
=====================================================
no file for today... using yesterdays date
executing ./contour.py 2025 10 280
plotting sup...
plotting mic...
plotting hur...
plotting eri...
plotting ont...
quietly pushing to husky... (0 => success)
0
0
=====================================================
============    10-08 08:05    ======================
=====================================================
no file for today... using yesterdays date
executing ./contour.py 2025 10 280
plotting sup...
plotting mic...
plotting hur...
plotting eri...
plotting ont...
quietly pushing to husky... (0 => success)
0
0
=====================================================
============    10-08 09:05    ======================
=====================================================
no file for today... using yesterdays date
executing ./contour.py 2025 10 280
plotting sup...
plotting mic...
plotting hur...
plotting eri...
plotting ont...
quietly pushing to husky... (0 => success)
0
0
=====================================================
============    10-08 10:05    ======================
=====================================================
no file for today... using yesterdays date
executing ./contour.py 2025 10 280
plotting sup...
plotting mic...
plotting hur...
plotting eri...
plotting ont...
quietly pushing to husky... (0 => success)
0
0
=====================================================
============    10-08 11:05    ======================
=====================================================
no file for today... using yesterdays date
executing ./contour.py 2025 10 280
plotting sup...
plotting mic...
plotting hur...
plotting eri...
plotting ont...
quietly pushing to husky... (0 => success)
0
0
=====================================================
============    10-08 12:05    ======================
=====================================================
no file for today... using yesterdays date
executing ./contour.py 2025 10 280
plotting sup...
plotting mic...
plotting hur...
plotting eri...
plotting ont...
quietly pushing to husky... (0 => success)
0
0
=====================================================
============    10-08 13:05    ======================
=====================================================
no file for today... using yesterdays date
executing ./contour.py 2025 10 280
plotting sup...
plotting mic...
plotting hur...
plotting eri...
plotting ont...
quietly pushing to husky... (0 => success)
0
0
=====================================================
============    10-08 14:05    ======================
=====================================================
no file for today... using yesterdays date
executing ./contour.py 2025 10 280
plotting sup...
plotting mic...
plotting hur...
plotting eri...
plotting ont...
quietly pushing to husky... (0 => success)
0
0
=====================================================
============    10-08 15:05    ======================
=====================================================
no file for today... using yesterdays date
executing ./contour.py 2025 10 280
plotting sup...
plotting mic...
plotting hur...
plotting eri...
plotting ont...
quietly pushing to husky... (0 => success)
0
0
=====================================================
============    10-08 16:05    ======================
=====================================================
no file for today... using yesterdays date
executing ./contour.py 2025 10 280
plotting sup...
plotting mic...
plotting hur...
plotting eri...
plotting ont...
quietly pushing to husky... (0 => success)
0
0
=====================================================
============    10-08 17:05    ======================
=====================================================
no file for today... using yesterdays date
executing ./contour.py 2025 10 280
plotting sup...
plotting mic...
plotting hur...
plotting eri...
plotting ont...
quietly pushing to husky... (0 => success)
0
0
=====================================================
============    10-08 18:05    ======================
=====================================================
no file for today... using yesterdays date
executing ./contour.py 2025 10 280
plotting sup...
plotting mic...
plotting hur...
plotting eri...
plotting ont...
quietly pushing to husky... (0 => success)
0
0
=====================================================
============    10-08 19:05    ======================
=====================================================
no file for today... using yesterdays date
executing ./contour.py 2025 10 280
plotting sup...
plotting mic...
plotting hur...
plotting eri...
plotting ont...
quietly pushing to husky... (0 => success)
0
0
=====================================================
============    10-08 20:05    ======================
=====================================================
no file for today... using yesterdays date
executing ./contour.py 2025 10 280
plotting sup...
plotting mic...
plotting hur...
plotting eri...
plotting ont...
quietly pushing to husky... (0 => success)
0
0
=====================================================
============    10-08 21:05    ======================
=====================================================
no file for today... using yesterdays date
executing ./contour.py 2025 10 280
plotting sup...
plotting mic...
plotting hur...
plotting eri...
plotting ont...
quietly pushing to husky... (0 => success)
0
0
=====================================================
============    10-08 22:05    ======================
=====================================================
no file for today... using yesterdays date
executing ./contour.py 2025 10 280
plotting sup...
plotting mic...
plotting hur...
plotting eri...
plotting ont...
quietly pushing to husky... (0 => success)
0
0
=====================================================
============    10-08 23:05    ======================
=====================================================
no file for today... using yesterdays date
executing ./contour.py 2025 10 280
plotting sup...
plotting mic...
plotting hur...
plotting eri...
plotting ont...
quietly pushing to husky... (0 => success)
0
0
=====================================================
============    10-09 00:05    ======================
=====================================================
no file for today... using yesterdays date
executing ./contour.py 2025 10 281
Traceback (most recent call last):
  File "/home/kessler/plot_gen/contour_glsea/./contour.py", line 22, in <module>
    lst_gl = np.matrix(pd.read_table(fin, skiprows=6, sep='\s+', header=None))
  File "/usr/local/lib64/python3.9/site-packages/pandas/io/parsers/readers.py", line 1403, in read_table
    return _read(filepath_or_buffer, kwds)
  File "/usr/local/lib64/python3.9/site-packages/pandas/io/parsers/readers.py", line 618, in _read
    parser = TextFileReader(filepath_or_buffer, **kwds)
  File "/usr/local/lib64/python3.9/site-packages/pandas/io/parsers/readers.py", line 1618, in __init__
    self._engine = self._make_engine(f, self.engine)
  File "/usr/local/lib64/python3.9/site-packages/pandas/io/parsers/readers.py", line 1878, in _make_engine
    self.handles = get_handle(
  File "/usr/local/lib64/python3.9/site-packages/pandas/io/common.py", line 873, in get_handle
    handle = open(
FileNotFoundError: [Errno 2] No such file or directory: '/mnt/cwdata/p/m/lcd//2025/10/2025_281_glsea.asc'
quietly pushing to husky... (0 => success)
0
0
=====================================================
============    10-09 01:05    ======================
=====================================================
no file for today... using yesterdays date
executing ./contour.py 2025 10 281
Traceback (most recent call last):
  File "/home/kessler/plot_gen/contour_glsea/./contour.py", line 22, in <module>
    lst_gl = np.matrix(pd.read_table(fin, skiprows=6, sep='\s+', header=None))
  File "/usr/local/lib64/python3.9/site-packages/pandas/io/parsers/readers.py", line 1403, in read_table
    return _read(filepath_or_buffer, kwds)
  File "/usr/local/lib64/python3.9/site-packages/pandas/io/parsers/readers.py", line 618, in _read
    parser = TextFileReader(filepath_or_buffer, **kwds)
  File "/usr/local/lib64/python3.9/site-packages/pandas/io/parsers/readers.py", line 1618, in __init__
    self._engine = self._make_engine(f, self.engine)
  File "/usr/local/lib64/python3.9/site-packages/pandas/io/parsers/readers.py", line 1878, in _make_engine
    self.handles = get_handle(
  File "/usr/local/lib64/python3.9/site-packages/pandas/io/common.py", line 873, in get_handle
    handle = open(
FileNotFoundError: [Errno 2] No such file or directory: '/mnt/cwdata/p/m/lcd//2025/10/2025_281_glsea.asc'
quietly pushing to husky... (0 => success)
0
0
=====================================================
============    10-09 02:05    ======================
=====================================================
no file for today... using yesterdays date
executing ./contour.py 2025 10 281
Traceback (most recent call last):
  File "/home/kessler/plot_gen/contour_glsea/./contour.py", line 22, in <module>
    lst_gl = np.matrix(pd.read_table(fin, skiprows=6, sep='\s+', header=None))
  File "/usr/local/lib64/python3.9/site-packages/pandas/io/parsers/readers.py", line 1403, in read_table
    return _read(filepath_or_buffer, kwds)
  File "/usr/local/lib64/python3.9/site-packages/pandas/io/parsers/readers.py", line 618, in _read
    parser = TextFileReader(filepath_or_buffer, **kwds)
  File "/usr/local/lib64/python3.9/site-packages/pandas/io/parsers/readers.py", line 1618, in __init__
    self._engine = self._make_engine(f, self.engine)
  File "/usr/local/lib64/python3.9/site-packages/pandas/io/parsers/readers.py", line 1878, in _make_engine
    self.handles = get_handle(
  File "/usr/local/lib64/python3.9/site-packages/pandas/io/common.py", line 873, in get_handle
    handle = open(
FileNotFoundError: [Errno 2] No such file or directory: '/mnt/cwdata/p/m/lcd//2025/10/2025_281_glsea.asc'
quietly pushing to husky... (0 => success)
0
0
=====================================================
============    10-09 03:05    ======================
=====================================================
no file for today... using yesterdays date
executing ./contour.py 2025 10 281
plotting sup...
plotting mic...
plotting hur...
plotting eri...
plotting ont...
quietly pushing to husky... (0 => success)
0
0
=====================================================
============    10-09 04:05    ======================
=====================================================
no file for today... using yesterdays date
executing ./contour.py 2025 10 281
plotting sup...
plotting mic...
plotting hur...
plotting eri...
plotting ont...
quietly pushing to husky... (0 => success)
0
0
=====================================================
============    10-09 05:05    ======================
=====================================================
no file for today... using yesterdays date
executing ./contour.py 2025 10 281
plotting sup...
plotting mic...
plotting hur...
plotting eri...
plotting ont...
quietly pushing to husky... (0 => success)
0
0
=====================================================
============    10-09 06:05    ======================
=====================================================
no file for today... using yesterdays date
executing ./contour.py 2025 10 281
plotting sup...
plotting mic...
plotting hur...
plotting eri...
plotting ont...
quietly pushing to husky... (0 => success)
0
0
=====================================================
============    10-09 07:05    ======================
=====================================================
no file for today... using yesterdays date
executing ./contour.py 2025 10 281
plotting sup...
plotting mic...
plotting hur...
plotting eri...
plotting ont...
quietly pushing to husky... (0 => success)
0
0
=====================================================
============    10-09 08:05    ======================
=====================================================
no file for today... using yesterdays date
executing ./contour.py 2025 10 281
plotting sup...
plotting mic...
plotting hur...
plotting eri...
plotting ont...
quietly pushing to husky... (0 => success)
0
0
=====================================================
============    10-09 09:05    ======================
=====================================================
no file for today... using yesterdays date
executing ./contour.py 2025 10 281
plotting sup...
plotting mic...
plotting hur...
plotting eri...
plotting ont...
quietly pushing to husky... (0 => success)
0
0
=====================================================
============    10-09 10:05    ======================
=====================================================
no file for today... using yesterdays date
executing ./contour.py 2025 10 281
plotting sup...
plotting mic...
plotting hur...
plotting eri...
plotting ont...
quietly pushing to husky... (0 => success)
0
0
=====================================================
============    10-09 11:05    ======================
=====================================================
no file for today... using yesterdays date
executing ./contour.py 2025 10 281
plotting sup...
plotting mic...
plotting hur...
plotting eri...
plotting ont...
quietly pushing to husky... (0 => success)
0
0
=====================================================
============    10-09 12:05    ======================
=====================================================
no file for today... using yesterdays date
executing ./contour.py 2025 10 281
plotting sup...
plotting mic...
plotting hur...
plotting eri...
plotting ont...
quietly pushing to husky... (0 => success)
0
0
=====================================================
============    10-09 13:05    ======================
=====================================================
no file for today... using yesterdays date
executing ./contour.py 2025 10 281
plotting sup...
plotting mic...
plotting hur...
plotting eri...
plotting ont...
quietly pushing to husky... (0 => success)
0
0
=====================================================
============    10-09 14:05    ======================
=====================================================
no file for today... using yesterdays date
executing ./contour.py 2025 10 281
plotting sup...
plotting mic...
plotting hur...
plotting eri...
plotting ont...
quietly pushing to husky... (0 => success)
0
0
=====================================================
============    10-09 15:05    ======================
=====================================================
no file for today... using yesterdays date
executing ./contour.py 2025 10 281
plotting sup...
plotting mic...
plotting hur...
plotting eri...
plotting ont...
quietly pushing to husky... (0 => success)
0
0
=====================================================
============    10-09 16:05    ======================
=====================================================
no file for today... using yesterdays date
executing ./contour.py 2025 10 281
plotting sup...
plotting mic...
plotting hur...
plotting eri...
plotting ont...
quietly pushing to husky... (0 => success)
0
0
=====================================================
============    10-09 17:05    ======================
=====================================================
no file for today... using yesterdays date
executing ./contour.py 2025 10 281
plotting sup...
plotting mic...
plotting hur...
plotting eri...
plotting ont...
quietly pushing to husky... (0 => success)
0
0
=====================================================
============    10-09 18:05    ======================
=====================================================
no file for today... using yesterdays date
executing ./contour.py 2025 10 281
plotting sup...
plotting mic...
plotting hur...
plotting eri...
plotting ont...
quietly pushing to husky... (0 => success)
0
0
=====================================================
============    10-09 19:05    ======================
=====================================================
no file for today... using yesterdays date
executing ./contour.py 2025 10 281
plotting sup...
plotting mic...
plotting hur...
plotting eri...
plotting ont...
quietly pushing to husky... (0 => success)
0
0
=====================================================
============    10-09 20:05    ======================
=====================================================
no file for today... using yesterdays date
executing ./contour.py 2025 10 281
plotting sup...
plotting mic...
plotting hur...
plotting eri...
plotting ont...
quietly pushing to husky... (0 => success)
0
0
=====================================================
============    10-09 21:05    ======================
=====================================================
no file for today... using yesterdays date
executing ./contour.py 2025 10 281
plotting sup...
plotting mic...
plotting hur...
plotting eri...
plotting ont...
quietly pushing to husky... (0 => success)
0
0
=====================================================
============    10-09 22:05    ======================
=====================================================
no file for today... using yesterdays date
executing ./contour.py 2025 10 281
plotting sup...
plotting mic...
plotting hur...
plotting eri...
plotting ont...
quietly pushing to husky... (0 => success)
0
0
=====================================================
============    10-09 23:05    ======================
=====================================================
no file for today... using yesterdays date
executing ./contour.py 2025 10 281
plotting sup...
plotting mic...
plotting hur...
plotting eri...
plotting ont...
quietly pushing to husky... (0 => success)
0
0
=====================================================
============    10-10 00:05    ======================
=====================================================
no file for today... using yesterdays date
executing ./contour.py 2025 10 282
Traceback (most recent call last):
  File "/home/kessler/plot_gen/contour_glsea/./contour.py", line 22, in <module>
    lst_gl = np.matrix(pd.read_table(fin, skiprows=6, sep='\s+', header=None))
  File "/usr/local/lib64/python3.9/site-packages/pandas/io/parsers/readers.py", line 1403, in read_table
    return _read(filepath_or_buffer, kwds)
  File "/usr/local/lib64/python3.9/site-packages/pandas/io/parsers/readers.py", line 618, in _read
    parser = TextFileReader(filepath_or_buffer, **kwds)
  File "/usr/local/lib64/python3.9/site-packages/pandas/io/parsers/readers.py", line 1618, in __init__
    self._engine = self._make_engine(f, self.engine)
  File "/usr/local/lib64/python3.9/site-packages/pandas/io/parsers/readers.py", line 1878, in _make_engine
    self.handles = get_handle(
  File "/usr/local/lib64/python3.9/site-packages/pandas/io/common.py", line 873, in get_handle
    handle = open(
FileNotFoundError: [Errno 2] No such file or directory: '/mnt/cwdata/p/m/lcd//2025/10/2025_282_glsea.asc'
quietly pushing to husky... (0 => success)
0
0
=====================================================
============    10-10 01:05    ======================
=====================================================
no file for today... using yesterdays date
executing ./contour.py 2025 10 282
Traceback (most recent call last):
  File "/home/kessler/plot_gen/contour_glsea/./contour.py", line 22, in <module>
    lst_gl = np.matrix(pd.read_table(fin, skiprows=6, sep='\s+', header=None))
  File "/usr/local/lib64/python3.9/site-packages/pandas/io/parsers/readers.py", line 1403, in read_table
    return _read(filepath_or_buffer, kwds)
  File "/usr/local/lib64/python3.9/site-packages/pandas/io/parsers/readers.py", line 618, in _read
    parser = TextFileReader(filepath_or_buffer, **kwds)
  File "/usr/local/lib64/python3.9/site-packages/pandas/io/parsers/readers.py", line 1618, in __init__
    self._engine = self._make_engine(f, self.engine)
  File "/usr/local/lib64/python3.9/site-packages/pandas/io/parsers/readers.py", line 1878, in _make_engine
    self.handles = get_handle(
  File "/usr/local/lib64/python3.9/site-packages/pandas/io/common.py", line 873, in get_handle
    handle = open(
FileNotFoundError: [Errno 2] No such file or directory: '/mnt/cwdata/p/m/lcd//2025/10/2025_282_glsea.asc'
quietly pushing to husky... (0 => success)
0
0
=====================================================
============    10-10 02:05    ======================
=====================================================
no file for today... using yesterdays date
executing ./contour.py 2025 10 282
Traceback (most recent call last):
  File "/home/kessler/plot_gen/contour_glsea/./contour.py", line 22, in <module>
    lst_gl = np.matrix(pd.read_table(fin, skiprows=6, sep='\s+', header=None))
  File "/usr/local/lib64/python3.9/site-packages/pandas/io/parsers/readers.py", line 1403, in read_table
    return _read(filepath_or_buffer, kwds)
  File "/usr/local/lib64/python3.9/site-packages/pandas/io/parsers/readers.py", line 618, in _read
    parser = TextFileReader(filepath_or_buffer, **kwds)
  File "/usr/local/lib64/python3.9/site-packages/pandas/io/parsers/readers.py", line 1618, in __init__
    self._engine = self._make_engine(f, self.engine)
  File "/usr/local/lib64/python3.9/site-packages/pandas/io/parsers/readers.py", line 1878, in _make_engine
    self.handles = get_handle(
  File "/usr/local/lib64/python3.9/site-packages/pandas/io/common.py", line 873, in get_handle
    handle = open(
FileNotFoundError: [Errno 2] No such file or directory: '/mnt/cwdata/p/m/lcd//2025/10/2025_282_glsea.asc'
quietly pushing to husky... (0 => success)
0
0
=====================================================
============    10-10 03:05    ======================
=====================================================
no file for today... using yesterdays date
executing ./contour.py 2025 10 282
plotting sup...
plotting mic...
plotting hur...
plotting eri...
plotting ont...
quietly pushing to husky... (0 => success)
0
0
=====================================================
============    10-10 04:05    ======================
=====================================================
no file for today... using yesterdays date
executing ./contour.py 2025 10 282
plotting sup...
plotting mic...
plotting hur...
plotting eri...
plotting ont...
quietly pushing to husky... (0 => success)
0
0
=====================================================
============    10-10 05:05    ======================
=====================================================
no file for today... using yesterdays date
executing ./contour.py 2025 10 282
plotting sup...
plotting mic...
plotting hur...
plotting eri...
plotting ont...
quietly pushing to husky... (0 => success)
0
0
=====================================================
============    10-10 06:05    ======================
=====================================================
no file for today... using yesterdays date
executing ./contour.py 2025 10 282
plotting sup...
plotting mic...
plotting hur...
plotting eri...
plotting ont...
quietly pushing to husky... (0 => success)
0
0
=====================================================
============    10-10 07:05    ======================
=====================================================
no file for today... using yesterdays date
executing ./contour.py 2025 10 282
plotting sup...
plotting mic...
plotting hur...
plotting eri...
plotting ont...
quietly pushing to husky... (0 => success)
0
0
=====================================================
============    10-10 08:05    ======================
=====================================================
no file for today... using yesterdays date
executing ./contour.py 2025 10 282
plotting sup...
plotting mic...
plotting hur...
plotting eri...
plotting ont...
quietly pushing to husky... (0 => success)
0
0
=====================================================
============    10-10 09:05    ======================
=====================================================
no file for today... using yesterdays date
executing ./contour.py 2025 10 282
plotting sup...
plotting mic...
plotting hur...
plotting eri...
plotting ont...
quietly pushing to husky... (0 => success)
0
0
=====================================================
============    10-10 10:05    ======================
=====================================================
no file for today... using yesterdays date
executing ./contour.py 2025 10 282
plotting sup...
plotting mic...
plotting hur...
plotting eri...
plotting ont...
quietly pushing to husky... (0 => success)
0
0
=====================================================
============    10-10 11:05    ======================
=====================================================
no file for today... using yesterdays date
executing ./contour.py 2025 10 282
plotting sup...
plotting mic...
plotting hur...
plotting eri...
plotting ont...
quietly pushing to husky... (0 => success)
0
0
=====================================================
============    10-10 12:05    ======================
=====================================================
no file for today... using yesterdays date
executing ./contour.py 2025 10 282
plotting sup...
plotting mic...
plotting hur...
plotting eri...
plotting ont...
quietly pushing to husky... (0 => success)
0
0
=====================================================
============    10-10 13:05    ======================
=====================================================
no file for today... using yesterdays date
executing ./contour.py 2025 10 282
plotting sup...
plotting mic...
plotting hur...
plotting eri...
plotting ont...
quietly pushing to husky... (0 => success)
0
0
=====================================================
============    10-10 14:05    ======================
=====================================================
no file for today... using yesterdays date
executing ./contour.py 2025 10 282
plotting sup...
plotting mic...
plotting hur...
plotting eri...
plotting ont...
quietly pushing to husky... (0 => success)
0
0
=====================================================
============    10-10 15:05    ======================
=====================================================
no file for today... using yesterdays date
executing ./contour.py 2025 10 282
plotting sup...
plotting mic...
plotting hur...
plotting eri...
plotting ont...
quietly pushing to husky... (0 => success)
0
0
=====================================================
============    10-10 16:05    ======================
=====================================================
no file for today... using yesterdays date
executing ./contour.py 2025 10 282
plotting sup...
plotting mic...
plotting hur...
plotting eri...
plotting ont...
quietly pushing to husky... (0 => success)
0
0
=====================================================
============    10-10 17:05    ======================
=====================================================
no file for today... using yesterdays date
executing ./contour.py 2025 10 282
plotting sup...
plotting mic...
plotting hur...
plotting eri...
plotting ont...
quietly pushing to husky... (0 => success)
0
0
=====================================================
============    10-10 18:05    ======================
=====================================================
no file for today... using yesterdays date
executing ./contour.py 2025 10 282
plotting sup...
plotting mic...
plotting hur...
plotting eri...
plotting ont...
quietly pushing to husky... (0 => success)
0
0
=====================================================
============    10-10 19:05    ======================
=====================================================
no file for today... using yesterdays date
executing ./contour.py 2025 10 282
plotting sup...
plotting mic...
plotting hur...
plotting eri...
plotting ont...
quietly pushing to husky... (0 => success)
0
0
=====================================================
============    10-10 20:05    ======================
=====================================================
no file for today... using yesterdays date
executing ./contour.py 2025 10 282
plotting sup...
plotting mic...
plotting hur...
plotting eri...
plotting ont...
quietly pushing to husky... (0 => success)
0
0
=====================================================
============    10-10 21:05    ======================
=====================================================
no file for today... using yesterdays date
executing ./contour.py 2025 10 282
plotting sup...
plotting mic...
plotting hur...
plotting eri...
plotting ont...
quietly pushing to husky... (0 => success)
0
0
=====================================================
============    10-10 22:05    ======================
=====================================================
no file for today... using yesterdays date
executing ./contour.py 2025 10 282
plotting sup...
plotting mic...
plotting hur...
plotting eri...
plotting ont...
quietly pushing to husky... (0 => success)
0
0
=====================================================
============    10-10 23:05    ======================
=====================================================
no file for today... using yesterdays date
executing ./contour.py 2025 10 282
plotting sup...
plotting mic...
plotting hur...
plotting eri...
plotting ont...
quietly pushing to husky... (0 => success)
0
0
=====================================================
============    10-11 00:05    ======================
=====================================================
no file for today... using yesterdays date
executing ./contour.py 2025 10 283
Traceback (most recent call last):
  File "/home/kessler/plot_gen/contour_glsea/./contour.py", line 22, in <module>
    lst_gl = np.matrix(pd.read_table(fin, skiprows=6, sep='\s+', header=None))
  File "/usr/local/lib64/python3.9/site-packages/pandas/io/parsers/readers.py", line 1403, in read_table
    return _read(filepath_or_buffer, kwds)
  File "/usr/local/lib64/python3.9/site-packages/pandas/io/parsers/readers.py", line 618, in _read
    parser = TextFileReader(filepath_or_buffer, **kwds)
  File "/usr/local/lib64/python3.9/site-packages/pandas/io/parsers/readers.py", line 1618, in __init__
    self._engine = self._make_engine(f, self.engine)
  File "/usr/local/lib64/python3.9/site-packages/pandas/io/parsers/readers.py", line 1878, in _make_engine
    self.handles = get_handle(
  File "/usr/local/lib64/python3.9/site-packages/pandas/io/common.py", line 873, in get_handle
    handle = open(
FileNotFoundError: [Errno 2] No such file or directory: '/mnt/cwdata/p/m/lcd//2025/10/2025_283_glsea.asc'
quietly pushing to husky... (0 => success)
0
0
=====================================================
============    10-11 01:05    ======================
=====================================================
no file for today... using yesterdays date
executing ./contour.py 2025 10 283
Traceback (most recent call last):
  File "/home/kessler/plot_gen/contour_glsea/./contour.py", line 22, in <module>
    lst_gl = np.matrix(pd.read_table(fin, skiprows=6, sep='\s+', header=None))
  File "/usr/local/lib64/python3.9/site-packages/pandas/io/parsers/readers.py", line 1403, in read_table
    return _read(filepath_or_buffer, kwds)
  File "/usr/local/lib64/python3.9/site-packages/pandas/io/parsers/readers.py", line 618, in _read
    parser = TextFileReader(filepath_or_buffer, **kwds)
  File "/usr/local/lib64/python3.9/site-packages/pandas/io/parsers/readers.py", line 1618, in __init__
    self._engine = self._make_engine(f, self.engine)
  File "/usr/local/lib64/python3.9/site-packages/pandas/io/parsers/readers.py", line 1878, in _make_engine
    self.handles = get_handle(
  File "/usr/local/lib64/python3.9/site-packages/pandas/io/common.py", line 873, in get_handle
    handle = open(
FileNotFoundError: [Errno 2] No such file or directory: '/mnt/cwdata/p/m/lcd//2025/10/2025_283_glsea.asc'
quietly pushing to husky... (0 => success)
0
0
=====================================================
============    10-11 02:05    ======================
=====================================================
no file for today... using yesterdays date
executing ./contour.py 2025 10 283
Traceback (most recent call last):
  File "/home/kessler/plot_gen/contour_glsea/./contour.py", line 22, in <module>
    lst_gl = np.matrix(pd.read_table(fin, skiprows=6, sep='\s+', header=None))
  File "/usr/local/lib64/python3.9/site-packages/pandas/io/parsers/readers.py", line 1403, in read_table
    return _read(filepath_or_buffer, kwds)
  File "/usr/local/lib64/python3.9/site-packages/pandas/io/parsers/readers.py", line 618, in _read
    parser = TextFileReader(filepath_or_buffer, **kwds)
  File "/usr/local/lib64/python3.9/site-packages/pandas/io/parsers/readers.py", line 1618, in __init__
    self._engine = self._make_engine(f, self.engine)
  File "/usr/local/lib64/python3.9/site-packages/pandas/io/parsers/readers.py", line 1878, in _make_engine
    self.handles = get_handle(
  File "/usr/local/lib64/python3.9/site-packages/pandas/io/common.py", line 873, in get_handle
    handle = open(
FileNotFoundError: [Errno 2] No such file or directory: '/mnt/cwdata/p/m/lcd//2025/10/2025_283_glsea.asc'
quietly pushing to husky... (0 => success)
0
0
=====================================================
============    10-11 03:05    ======================
=====================================================
no file for today... using yesterdays date
executing ./contour.py 2025 10 283
plotting sup...
plotting mic...
plotting hur...
plotting eri...
plotting ont...
quietly pushing to husky... (0 => success)
0
0
=====================================================
============    10-11 04:05    ======================
=====================================================
no file for today... using yesterdays date
executing ./contour.py 2025 10 283
plotting sup...
plotting mic...
plotting hur...
plotting eri...
plotting ont...
quietly pushing to husky... (0 => success)
0
0
=====================================================
============    10-11 05:05    ======================
=====================================================
no file for today... using yesterdays date
executing ./contour.py 2025 10 283
plotting sup...
plotting mic...
plotting hur...
plotting eri...
plotting ont...
quietly pushing to husky... (0 => success)
0
0
=====================================================
============    10-11 06:05    ======================
=====================================================
no file for today... using yesterdays date
executing ./contour.py 2025 10 283
plotting sup...
plotting mic...
plotting hur...
plotting eri...
plotting ont...
quietly pushing to husky... (0 => success)
0
0
=====================================================
============    10-11 07:05    ======================
=====================================================
no file for today... using yesterdays date
executing ./contour.py 2025 10 283
plotting sup...
plotting mic...
plotting hur...
plotting eri...
plotting ont...
quietly pushing to husky... (0 => success)
0
0
=====================================================
============    10-11 08:05    ======================
=====================================================
no file for today... using yesterdays date
executing ./contour.py 2025 10 283
plotting sup...
plotting mic...
plotting hur...
plotting eri...
plotting ont...
quietly pushing to husky... (0 => success)
0
0
=====================================================
============    10-11 09:05    ======================
=====================================================
no file for today... using yesterdays date
executing ./contour.py 2025 10 283
plotting sup...
plotting mic...
plotting hur...
plotting eri...
plotting ont...
quietly pushing to husky... (0 => success)
0
0
=====================================================
============    10-11 10:05    ======================
=====================================================
no file for today... using yesterdays date
executing ./contour.py 2025 10 283
plotting sup...
plotting mic...
plotting hur...
plotting eri...
plotting ont...
quietly pushing to husky... (0 => success)
0
0
=====================================================
============    10-11 11:05    ======================
=====================================================
no file for today... using yesterdays date
executing ./contour.py 2025 10 283
plotting sup...
plotting mic...
plotting hur...
plotting eri...
plotting ont...
quietly pushing to husky... (0 => success)
0
0
=====================================================
============    10-11 12:05    ======================
=====================================================
no file for today... using yesterdays date
executing ./contour.py 2025 10 283
plotting sup...
plotting mic...
plotting hur...
plotting eri...
plotting ont...
quietly pushing to husky... (0 => success)
0
0
=====================================================
============    10-11 13:05    ======================
=====================================================
no file for today... using yesterdays date
executing ./contour.py 2025 10 283
plotting sup...
plotting mic...
plotting hur...
plotting eri...
plotting ont...
quietly pushing to husky... (0 => success)
0
0
=====================================================
============    10-11 14:05    ======================
=====================================================
no file for today... using yesterdays date
executing ./contour.py 2025 10 283
plotting sup...
plotting mic...
plotting hur...
plotting eri...
plotting ont...
quietly pushing to husky... (0 => success)
0
0
=====================================================
============    10-11 15:05    ======================
=====================================================
no file for today... using yesterdays date
executing ./contour.py 2025 10 283
plotting sup...
plotting mic...
plotting hur...
plotting eri...
plotting ont...
quietly pushing to husky... (0 => success)
0
0
=====================================================
============    10-11 16:05    ======================
=====================================================
no file for today... using yesterdays date
executing ./contour.py 2025 10 283
plotting sup...
plotting mic...
plotting hur...
plotting eri...
plotting ont...
quietly pushing to husky... (0 => success)
0
0
=====================================================
============    10-11 17:05    ======================
=====================================================
no file for today... using yesterdays date
executing ./contour.py 2025 10 283
plotting sup...
plotting mic...
plotting hur...
plotting eri...
plotting ont...
quietly pushing to husky... (0 => success)
0
0
=====================================================
============    10-11 18:05    ======================
=====================================================
no file for today... using yesterdays date
executing ./contour.py 2025 10 283
plotting sup...
plotting mic...
plotting hur...
plotting eri...
plotting ont...
quietly pushing to husky... (0 => success)
0
0
=====================================================
============    10-11 19:05    ======================
=====================================================
no file for today... using yesterdays date
executing ./contour.py 2025 10 283
plotting sup...
plotting mic...
plotting hur...
plotting eri...
plotting ont...
quietly pushing to husky... (0 => success)
0
0
=====================================================
============    10-11 20:05    ======================
=====================================================
no file for today... using yesterdays date
executing ./contour.py 2025 10 283
plotting sup...
plotting mic...
plotting hur...
plotting eri...
plotting ont...
quietly pushing to husky... (0 => success)
0
0
=====================================================
============    10-11 21:05    ======================
=====================================================
no file for today... using yesterdays date
executing ./contour.py 2025 10 283
plotting sup...
plotting mic...
plotting hur...
plotting eri...
plotting ont...
quietly pushing to husky... (0 => success)
0
0
=====================================================
============    10-11 22:05    ======================
=====================================================
no file for today... using yesterdays date
executing ./contour.py 2025 10 283
plotting sup...
plotting mic...
plotting hur...
plotting eri...
plotting ont...
quietly pushing to husky... (0 => success)
0
0
=====================================================
============    10-11 23:05    ======================
=====================================================
no file for today... using yesterdays date
executing ./contour.py 2025 10 283
plotting sup...
plotting mic...
plotting hur...
plotting eri...
plotting ont...
quietly pushing to husky... (0 => success)
0
0
=====================================================
============    10-12 00:05    ======================
=====================================================
no file for today... using yesterdays date
executing ./contour.py 2025 10 284
Traceback (most recent call last):
  File "/home/kessler/plot_gen/contour_glsea/./contour.py", line 22, in <module>
    lst_gl = np.matrix(pd.read_table(fin, skiprows=6, sep='\s+', header=None))
  File "/usr/local/lib64/python3.9/site-packages/pandas/io/parsers/readers.py", line 1403, in read_table
    return _read(filepath_or_buffer, kwds)
  File "/usr/local/lib64/python3.9/site-packages/pandas/io/parsers/readers.py", line 618, in _read
    parser = TextFileReader(filepath_or_buffer, **kwds)
  File "/usr/local/lib64/python3.9/site-packages/pandas/io/parsers/readers.py", line 1618, in __init__
    self._engine = self._make_engine(f, self.engine)
  File "/usr/local/lib64/python3.9/site-packages/pandas/io/parsers/readers.py", line 1878, in _make_engine
    self.handles = get_handle(
  File "/usr/local/lib64/python3.9/site-packages/pandas/io/common.py", line 873, in get_handle
    handle = open(
FileNotFoundError: [Errno 2] No such file or directory: '/mnt/cwdata/p/m/lcd//2025/10/2025_284_glsea.asc'
quietly pushing to husky... (0 => success)
0
0
=====================================================
============    10-12 01:05    ======================
=====================================================
no file for today... using yesterdays date
executing ./contour.py 2025 10 284
Traceback (most recent call last):
  File "/home/kessler/plot_gen/contour_glsea/./contour.py", line 22, in <module>
    lst_gl = np.matrix(pd.read_table(fin, skiprows=6, sep='\s+', header=None))
  File "/usr/local/lib64/python3.9/site-packages/pandas/io/parsers/readers.py", line 1403, in read_table
    return _read(filepath_or_buffer, kwds)
  File "/usr/local/lib64/python3.9/site-packages/pandas/io/parsers/readers.py", line 618, in _read
    parser = TextFileReader(filepath_or_buffer, **kwds)
  File "/usr/local/lib64/python3.9/site-packages/pandas/io/parsers/readers.py", line 1618, in __init__
    self._engine = self._make_engine(f, self.engine)
  File "/usr/local/lib64/python3.9/site-packages/pandas/io/parsers/readers.py", line 1878, in _make_engine
    self.handles = get_handle(
  File "/usr/local/lib64/python3.9/site-packages/pandas/io/common.py", line 873, in get_handle
    handle = open(
FileNotFoundError: [Errno 2] No such file or directory: '/mnt/cwdata/p/m/lcd//2025/10/2025_284_glsea.asc'
quietly pushing to husky... (0 => success)
0
0
=====================================================
============    10-12 02:05    ======================
=====================================================
no file for today... using yesterdays date
executing ./contour.py 2025 10 284
Traceback (most recent call last):
  File "/home/kessler/plot_gen/contour_glsea/./contour.py", line 22, in <module>
    lst_gl = np.matrix(pd.read_table(fin, skiprows=6, sep='\s+', header=None))
  File "/usr/local/lib64/python3.9/site-packages/pandas/io/parsers/readers.py", line 1403, in read_table
    return _read(filepath_or_buffer, kwds)
  File "/usr/local/lib64/python3.9/site-packages/pandas/io/parsers/readers.py", line 618, in _read
    parser = TextFileReader(filepath_or_buffer, **kwds)
  File "/usr/local/lib64/python3.9/site-packages/pandas/io/parsers/readers.py", line 1618, in __init__
    self._engine = self._make_engine(f, self.engine)
  File "/usr/local/lib64/python3.9/site-packages/pandas/io/parsers/readers.py", line 1878, in _make_engine
    self.handles = get_handle(
  File "/usr/local/lib64/python3.9/site-packages/pandas/io/common.py", line 873, in get_handle
    handle = open(
FileNotFoundError: [Errno 2] No such file or directory: '/mnt/cwdata/p/m/lcd//2025/10/2025_284_glsea.asc'
quietly pushing to husky... (0 => success)
0
0
=====================================================
============    10-12 03:05    ======================
=====================================================
no file for today... using yesterdays date
executing ./contour.py 2025 10 284
plotting sup...
plotting mic...
plotting hur...
plotting eri...
plotting ont...
quietly pushing to husky... (0 => success)
0
0
=====================================================
============    10-12 04:05    ======================
=====================================================
no file for today... using yesterdays date
executing ./contour.py 2025 10 284
plotting sup...
plotting mic...
plotting hur...
plotting eri...
plotting ont...
quietly pushing to husky... (0 => success)
0
0
=====================================================
============    10-12 05:05    ======================
=====================================================
no file for today... using yesterdays date
executing ./contour.py 2025 10 284
plotting sup...
plotting mic...
plotting hur...
plotting eri...
plotting ont...
quietly pushing to husky... (0 => success)
0
0
=====================================================
============    10-12 06:05    ======================
=====================================================
no file for today... using yesterdays date
executing ./contour.py 2025 10 284
plotting sup...
plotting mic...
plotting hur...
plotting eri...
plotting ont...
quietly pushing to husky... (0 => success)
0
0
=====================================================
============    10-12 07:05    ======================
=====================================================
no file for today... using yesterdays date
executing ./contour.py 2025 10 284
plotting sup...
plotting mic...
plotting hur...
plotting eri...
plotting ont...
quietly pushing to husky... (0 => success)
0
0
=====================================================
============    10-12 08:05    ======================
=====================================================
no file for today... using yesterdays date
executing ./contour.py 2025 10 284
plotting sup...
plotting mic...
plotting hur...
plotting eri...
plotting ont...
quietly pushing to husky... (0 => success)
0
0
=====================================================
============    10-12 09:05    ======================
=====================================================
no file for today... using yesterdays date
executing ./contour.py 2025 10 284
plotting sup...
plotting mic...
plotting hur...
plotting eri...
plotting ont...
quietly pushing to husky... (0 => success)
0
0
=====================================================
============    10-12 10:05    ======================
=====================================================
no file for today... using yesterdays date
executing ./contour.py 2025 10 284
plotting sup...
plotting mic...
plotting hur...
plotting eri...
plotting ont...
quietly pushing to husky... (0 => success)
0
0
=====================================================
============    10-12 11:05    ======================
=====================================================
no file for today... using yesterdays date
executing ./contour.py 2025 10 284
plotting sup...
plotting mic...
plotting hur...
plotting eri...
plotting ont...
quietly pushing to husky... (0 => success)
0
0
=====================================================
============    10-12 12:05    ======================
=====================================================
no file for today... using yesterdays date
executing ./contour.py 2025 10 284
plotting sup...
plotting mic...
plotting hur...
plotting eri...
plotting ont...
quietly pushing to husky... (0 => success)
0
0
=====================================================
============    10-12 13:05    ======================
=====================================================
no file for today... using yesterdays date
executing ./contour.py 2025 10 284
plotting sup...
plotting mic...
plotting hur...
plotting eri...
plotting ont...
quietly pushing to husky... (0 => success)
0
0
=====================================================
============    10-12 14:05    ======================
=====================================================
no file for today... using yesterdays date
executing ./contour.py 2025 10 284
plotting sup...
plotting mic...
plotting hur...
plotting eri...
plotting ont...
quietly pushing to husky... (0 => success)
0
0
=====================================================
============    10-12 15:05    ======================
=====================================================
no file for today... using yesterdays date
executing ./contour.py 2025 10 284
plotting sup...
plotting mic...
plotting hur...
plotting eri...
plotting ont...
quietly pushing to husky... (0 => success)
0
0
=====================================================
============    10-12 16:05    ======================
=====================================================
no file for today... using yesterdays date
executing ./contour.py 2025 10 284
plotting sup...
plotting mic...
plotting hur...
plotting eri...
plotting ont...
quietly pushing to husky... (0 => success)
0
0
=====================================================
============    10-12 17:05    ======================
=====================================================
no file for today... using yesterdays date
executing ./contour.py 2025 10 284
plotting sup...
plotting mic...
plotting hur...
plotting eri...
plotting ont...
quietly pushing to husky... (0 => success)
0
0
=====================================================
============    10-12 18:05    ======================
=====================================================
no file for today... using yesterdays date
executing ./contour.py 2025 10 284
plotting sup...
plotting mic...
plotting hur...
plotting eri...
plotting ont...
quietly pushing to husky... (0 => success)
0
0
=====================================================
============    10-12 19:05    ======================
=====================================================
no file for today... using yesterdays date
executing ./contour.py 2025 10 284
plotting sup...
plotting mic...
plotting hur...
plotting eri...
plotting ont...
quietly pushing to husky... (0 => success)
0
0
=====================================================
============    10-12 20:05    ======================
=====================================================
no file for today... using yesterdays date
executing ./contour.py 2025 10 284
plotting sup...
plotting mic...
plotting hur...
plotting eri...
plotting ont...
quietly pushing to husky... (0 => success)
0
0
=====================================================
============    10-12 21:05    ======================
=====================================================
no file for today... using yesterdays date
executing ./contour.py 2025 10 284
plotting sup...
plotting mic...
plotting hur...
plotting eri...
plotting ont...
quietly pushing to husky... (0 => success)
0
0
=====================================================
============    10-12 22:05    ======================
=====================================================
no file for today... using yesterdays date
executing ./contour.py 2025 10 284
plotting sup...
plotting mic...
plotting hur...
plotting eri...
plotting ont...
quietly pushing to husky... (0 => success)
0
0
=====================================================
============    10-12 23:05    ======================
=====================================================
no file for today... using yesterdays date
executing ./contour.py 2025 10 284
plotting sup...
plotting mic...
plotting hur...
plotting eri...
plotting ont...
quietly pushing to husky... (0 => success)
0
0
=====================================================
============    10-13 00:05    ======================
=====================================================
no file for today... using yesterdays date
executing ./contour.py 2025 10 285
Traceback (most recent call last):
  File "/home/kessler/plot_gen/contour_glsea/./contour.py", line 22, in <module>
    lst_gl = np.matrix(pd.read_table(fin, skiprows=6, sep='\s+', header=None))
  File "/usr/local/lib64/python3.9/site-packages/pandas/io/parsers/readers.py", line 1403, in read_table
    return _read(filepath_or_buffer, kwds)
  File "/usr/local/lib64/python3.9/site-packages/pandas/io/parsers/readers.py", line 618, in _read
    parser = TextFileReader(filepath_or_buffer, **kwds)
  File "/usr/local/lib64/python3.9/site-packages/pandas/io/parsers/readers.py", line 1618, in __init__
    self._engine = self._make_engine(f, self.engine)
  File "/usr/local/lib64/python3.9/site-packages/pandas/io/parsers/readers.py", line 1878, in _make_engine
    self.handles = get_handle(
  File "/usr/local/lib64/python3.9/site-packages/pandas/io/common.py", line 873, in get_handle
    handle = open(
FileNotFoundError: [Errno 2] No such file or directory: '/mnt/cwdata/p/m/lcd//2025/10/2025_285_glsea.asc'
quietly pushing to husky... (0 => success)
0
0
=====================================================
============    10-13 01:05    ======================
=====================================================
no file for today... using yesterdays date
executing ./contour.py 2025 10 285
Traceback (most recent call last):
  File "/home/kessler/plot_gen/contour_glsea/./contour.py", line 22, in <module>
    lst_gl = np.matrix(pd.read_table(fin, skiprows=6, sep='\s+', header=None))
  File "/usr/local/lib64/python3.9/site-packages/pandas/io/parsers/readers.py", line 1403, in read_table
    return _read(filepath_or_buffer, kwds)
  File "/usr/local/lib64/python3.9/site-packages/pandas/io/parsers/readers.py", line 618, in _read
    parser = TextFileReader(filepath_or_buffer, **kwds)
  File "/usr/local/lib64/python3.9/site-packages/pandas/io/parsers/readers.py", line 1618, in __init__
    self._engine = self._make_engine(f, self.engine)
  File "/usr/local/lib64/python3.9/site-packages/pandas/io/parsers/readers.py", line 1878, in _make_engine
    self.handles = get_handle(
  File "/usr/local/lib64/python3.9/site-packages/pandas/io/common.py", line 873, in get_handle
    handle = open(
FileNotFoundError: [Errno 2] No such file or directory: '/mnt/cwdata/p/m/lcd//2025/10/2025_285_glsea.asc'
quietly pushing to husky... (0 => success)
0
0
=====================================================
============    10-13 02:05    ======================
=====================================================
no file for today... using yesterdays date
executing ./contour.py 2025 10 285
Traceback (most recent call last):
  File "/home/kessler/plot_gen/contour_glsea/./contour.py", line 22, in <module>
    lst_gl = np.matrix(pd.read_table(fin, skiprows=6, sep='\s+', header=None))
  File "/usr/local/lib64/python3.9/site-packages/pandas/io/parsers/readers.py", line 1403, in read_table
    return _read(filepath_or_buffer, kwds)
  File "/usr/local/lib64/python3.9/site-packages/pandas/io/parsers/readers.py", line 618, in _read
    parser = TextFileReader(filepath_or_buffer, **kwds)
  File "/usr/local/lib64/python3.9/site-packages/pandas/io/parsers/readers.py", line 1618, in __init__
    self._engine = self._make_engine(f, self.engine)
  File "/usr/local/lib64/python3.9/site-packages/pandas/io/parsers/readers.py", line 1878, in _make_engine
    self.handles = get_handle(
  File "/usr/local/lib64/python3.9/site-packages/pandas/io/common.py", line 873, in get_handle
    handle = open(
FileNotFoundError: [Errno 2] No such file or directory: '/mnt/cwdata/p/m/lcd//2025/10/2025_285_glsea.asc'
quietly pushing to husky... (0 => success)
0
0
=====================================================
============    10-13 03:05    ======================
=====================================================
no file for today... using yesterdays date
executing ./contour.py 2025 10 285
plotting sup...
plotting mic...
plotting hur...
plotting eri...
plotting ont...
quietly pushing to husky... (0 => success)
0
0
=====================================================
============    10-13 04:05    ======================
=====================================================
no file for today... using yesterdays date
executing ./contour.py 2025 10 285
plotting sup...
plotting mic...
plotting hur...
plotting eri...
plotting ont...
quietly pushing to husky... (0 => success)
0
0
=====================================================
============    10-13 05:05    ======================
=====================================================
no file for today... using yesterdays date
executing ./contour.py 2025 10 285
plotting sup...
plotting mic...
plotting hur...
plotting eri...
plotting ont...
quietly pushing to husky... (0 => success)
0
0
=====================================================
============    10-13 06:05    ======================
=====================================================
no file for today... using yesterdays date
executing ./contour.py 2025 10 285
plotting sup...
plotting mic...
plotting hur...
plotting eri...
plotting ont...
quietly pushing to husky... (0 => success)
0
0
=====================================================
============    10-13 07:05    ======================
=====================================================
no file for today... using yesterdays date
executing ./contour.py 2025 10 285
plotting sup...
plotting mic...
plotting hur...
plotting eri...
plotting ont...
quietly pushing to husky... (0 => success)
0
0
=====================================================
============    10-13 08:05    ======================
=====================================================
no file for today... using yesterdays date
executing ./contour.py 2025 10 285
plotting sup...
plotting mic...
plotting hur...
plotting eri...
plotting ont...
quietly pushing to husky... (0 => success)
0
0
=====================================================
============    10-13 09:05    ======================
=====================================================
no file for today... using yesterdays date
executing ./contour.py 2025 10 285
plotting sup...
plotting mic...
plotting hur...
plotting eri...
plotting ont...
quietly pushing to husky... (0 => success)
0
0
=====================================================
============    10-13 10:05    ======================
=====================================================
no file for today... using yesterdays date
executing ./contour.py 2025 10 285
plotting sup...
plotting mic...
plotting hur...
plotting eri...
plotting ont...
quietly pushing to husky... (0 => success)
0
0
=====================================================
============    10-13 11:05    ======================
=====================================================
no file for today... using yesterdays date
executing ./contour.py 2025 10 285
plotting sup...
plotting mic...
plotting hur...
plotting eri...
plotting ont...
quietly pushing to husky... (0 => success)
0
0
=====================================================
============    10-13 12:05    ======================
=====================================================
no file for today... using yesterdays date
executing ./contour.py 2025 10 285
plotting sup...
plotting mic...
plotting hur...
plotting eri...
plotting ont...
quietly pushing to husky... (0 => success)
0
0
=====================================================
============    10-13 13:05    ======================
=====================================================
no file for today... using yesterdays date
executing ./contour.py 2025 10 285
plotting sup...
plotting mic...
plotting hur...
plotting eri...
plotting ont...
quietly pushing to husky... (0 => success)
0
0
=====================================================
============    10-13 14:05    ======================
=====================================================
no file for today... using yesterdays date
executing ./contour.py 2025 10 285
plotting sup...
plotting mic...
plotting hur...
plotting eri...
plotting ont...
quietly pushing to husky... (0 => success)
0
0
=====================================================
============    10-13 15:05    ======================
=====================================================
no file for today... using yesterdays date
executing ./contour.py 2025 10 285
plotting sup...
plotting mic...
plotting hur...
plotting eri...
plotting ont...
quietly pushing to husky... (0 => success)
0
0
=====================================================
============    10-13 16:05    ======================
=====================================================
no file for today... using yesterdays date
executing ./contour.py 2025 10 285
plotting sup...
plotting mic...
plotting hur...
plotting eri...
plotting ont...
quietly pushing to husky... (0 => success)
0
0
=====================================================
============    10-13 17:05    ======================
=====================================================
no file for today... using yesterdays date
executing ./contour.py 2025 10 285
plotting sup...
plotting mic...
plotting hur...
plotting eri...
plotting ont...
quietly pushing to husky... (0 => success)
0
0
=====================================================
============    10-13 18:05    ======================
=====================================================
no file for today... using yesterdays date
executing ./contour.py 2025 10 285
plotting sup...
plotting mic...
plotting hur...
plotting eri...
plotting ont...
quietly pushing to husky... (0 => success)
0
0
=====================================================
============    10-13 19:05    ======================
=====================================================
no file for today... using yesterdays date
executing ./contour.py 2025 10 285
plotting sup...
plotting mic...
plotting hur...
plotting eri...
plotting ont...
quietly pushing to husky... (0 => success)
0
0
=====================================================
============    10-13 20:05    ======================
=====================================================
no file for today... using yesterdays date
executing ./contour.py 2025 10 285
plotting sup...
plotting mic...
plotting hur...
plotting eri...
plotting ont...
quietly pushing to husky... (0 => success)
0
0
=====================================================
============    10-13 21:05    ======================
=====================================================
no file for today... using yesterdays date
executing ./contour.py 2025 10 285
plotting sup...
plotting mic...
plotting hur...
plotting eri...
plotting ont...
quietly pushing to husky... (0 => success)
0
0
=====================================================
============    10-13 22:05    ======================
=====================================================
no file for today... using yesterdays date
executing ./contour.py 2025 10 285
plotting sup...
plotting mic...
plotting hur...
plotting eri...
plotting ont...
quietly pushing to husky... (0 => success)
0
0
=====================================================
============    10-13 23:05    ======================
=====================================================
no file for today... using yesterdays date
executing ./contour.py 2025 10 285
plotting sup...
plotting mic...
plotting hur...
plotting eri...
plotting ont...
quietly pushing to husky... (0 => success)
0
0
=====================================================
============    10-14 00:05    ======================
=====================================================
no file for today... using yesterdays date
executing ./contour.py 2025 10 286
Traceback (most recent call last):
  File "/home/kessler/plot_gen/contour_glsea/./contour.py", line 22, in <module>
    lst_gl = np.matrix(pd.read_table(fin, skiprows=6, sep='\s+', header=None))
  File "/usr/local/lib64/python3.9/site-packages/pandas/io/parsers/readers.py", line 1403, in read_table
    return _read(filepath_or_buffer, kwds)
  File "/usr/local/lib64/python3.9/site-packages/pandas/io/parsers/readers.py", line 618, in _read
    parser = TextFileReader(filepath_or_buffer, **kwds)
  File "/usr/local/lib64/python3.9/site-packages/pandas/io/parsers/readers.py", line 1618, in __init__
    self._engine = self._make_engine(f, self.engine)
  File "/usr/local/lib64/python3.9/site-packages/pandas/io/parsers/readers.py", line 1878, in _make_engine
    self.handles = get_handle(
  File "/usr/local/lib64/python3.9/site-packages/pandas/io/common.py", line 873, in get_handle
    handle = open(
FileNotFoundError: [Errno 2] No such file or directory: '/mnt/cwdata/p/m/lcd//2025/10/2025_286_glsea.asc'
quietly pushing to husky... (0 => success)
0
0
=====================================================
============    10-14 01:05    ======================
=====================================================
no file for today... using yesterdays date
executing ./contour.py 2025 10 286
Traceback (most recent call last):
  File "/home/kessler/plot_gen/contour_glsea/./contour.py", line 22, in <module>
    lst_gl = np.matrix(pd.read_table(fin, skiprows=6, sep='\s+', header=None))
  File "/usr/local/lib64/python3.9/site-packages/pandas/io/parsers/readers.py", line 1403, in read_table
    return _read(filepath_or_buffer, kwds)
  File "/usr/local/lib64/python3.9/site-packages/pandas/io/parsers/readers.py", line 618, in _read
    parser = TextFileReader(filepath_or_buffer, **kwds)
  File "/usr/local/lib64/python3.9/site-packages/pandas/io/parsers/readers.py", line 1618, in __init__
    self._engine = self._make_engine(f, self.engine)
  File "/usr/local/lib64/python3.9/site-packages/pandas/io/parsers/readers.py", line 1878, in _make_engine
    self.handles = get_handle(
  File "/usr/local/lib64/python3.9/site-packages/pandas/io/common.py", line 873, in get_handle
    handle = open(
FileNotFoundError: [Errno 2] No such file or directory: '/mnt/cwdata/p/m/lcd//2025/10/2025_286_glsea.asc'
quietly pushing to husky... (0 => success)
0
0
=====================================================
============    10-14 02:05    ======================
=====================================================
no file for today... using yesterdays date
executing ./contour.py 2025 10 286
Traceback (most recent call last):
  File "/home/kessler/plot_gen/contour_glsea/./contour.py", line 22, in <module>
    lst_gl = np.matrix(pd.read_table(fin, skiprows=6, sep='\s+', header=None))
  File "/usr/local/lib64/python3.9/site-packages/pandas/io/parsers/readers.py", line 1403, in read_table
    return _read(filepath_or_buffer, kwds)
  File "/usr/local/lib64/python3.9/site-packages/pandas/io/parsers/readers.py", line 618, in _read
    parser = TextFileReader(filepath_or_buffer, **kwds)
  File "/usr/local/lib64/python3.9/site-packages/pandas/io/parsers/readers.py", line 1618, in __init__
    self._engine = self._make_engine(f, self.engine)
  File "/usr/local/lib64/python3.9/site-packages/pandas/io/parsers/readers.py", line 1878, in _make_engine
    self.handles = get_handle(
  File "/usr/local/lib64/python3.9/site-packages/pandas/io/common.py", line 873, in get_handle
    handle = open(
FileNotFoundError: [Errno 2] No such file or directory: '/mnt/cwdata/p/m/lcd//2025/10/2025_286_glsea.asc'
quietly pushing to husky... (0 => success)
0
0
=====================================================
============    10-14 03:05    ======================
=====================================================
no file for today... using yesterdays date
executing ./contour.py 2025 10 286
plotting sup...
plotting mic...
plotting hur...
plotting eri...
plotting ont...
quietly pushing to husky... (0 => success)
0
0
=====================================================
============    10-14 04:05    ======================
=====================================================
no file for today... using yesterdays date
executing ./contour.py 2025 10 286
plotting sup...
plotting mic...
plotting hur...
plotting eri...
plotting ont...
quietly pushing to husky... (0 => success)
0
0
=====================================================
============    10-14 05:05    ======================
=====================================================
no file for today... using yesterdays date
executing ./contour.py 2025 10 286
plotting sup...
plotting mic...
plotting hur...
plotting eri...
plotting ont...
quietly pushing to husky... (0 => success)
0
0
=====================================================
============    10-14 06:05    ======================
=====================================================
no file for today... using yesterdays date
executing ./contour.py 2025 10 286
plotting sup...
plotting mic...
plotting hur...
plotting eri...
plotting ont...
quietly pushing to husky... (0 => success)
0
0
=====================================================
============    10-14 07:05    ======================
=====================================================
no file for today... using yesterdays date
executing ./contour.py 2025 10 286
plotting sup...
plotting mic...
plotting hur...
plotting eri...
plotting ont...
quietly pushing to husky... (0 => success)
0
0
=====================================================
============    10-14 08:05    ======================
=====================================================
no file for today... using yesterdays date
executing ./contour.py 2025 10 286
plotting sup...
plotting mic...
plotting hur...
plotting eri...
plotting ont...
quietly pushing to husky... (0 => success)
0
0
=====================================================
============    10-14 09:05    ======================
=====================================================
no file for today... using yesterdays date
executing ./contour.py 2025 10 286
plotting sup...
plotting mic...
plotting hur...
plotting eri...
plotting ont...
quietly pushing to husky... (0 => success)
0
0
=====================================================
============    10-14 10:05    ======================
=====================================================
no file for today... using yesterdays date
executing ./contour.py 2025 10 286
plotting sup...
plotting mic...
plotting hur...
plotting eri...
plotting ont...
quietly pushing to husky... (0 => success)
0
0
=====================================================
============    10-14 11:05    ======================
=====================================================
no file for today... using yesterdays date
executing ./contour.py 2025 10 286
plotting sup...
plotting mic...
plotting hur...
plotting eri...
plotting ont...
quietly pushing to husky... (0 => success)
0
0
=====================================================
============    10-14 12:05    ======================
=====================================================
no file for today... using yesterdays date
executing ./contour.py 2025 10 286
plotting sup...
plotting mic...
plotting hur...
plotting eri...
plotting ont...
quietly pushing to husky... (0 => success)
0
0
=====================================================
============    10-14 13:05    ======================
=====================================================
no file for today... using yesterdays date
executing ./contour.py 2025 10 286
plotting sup...
plotting mic...
plotting hur...
plotting eri...
plotting ont...
quietly pushing to husky... (0 => success)
0
0
=====================================================
============    10-14 14:05    ======================
=====================================================
no file for today... using yesterdays date
executing ./contour.py 2025 10 286
plotting sup...
plotting mic...
plotting hur...
plotting eri...
plotting ont...
quietly pushing to husky... (0 => success)
0
0
=====================================================
============    10-14 15:05    ======================
=====================================================
no file for today... using yesterdays date
executing ./contour.py 2025 10 286
plotting sup...
plotting mic...
plotting hur...
plotting eri...
plotting ont...
quietly pushing to husky... (0 => success)
0
0
=====================================================
============    10-14 16:05    ======================
=====================================================
no file for today... using yesterdays date
executing ./contour.py 2025 10 286
plotting sup...
plotting mic...
plotting hur...
plotting eri...
plotting ont...
quietly pushing to husky... (0 => success)
0
0
=====================================================
============    10-14 17:05    ======================
=====================================================
no file for today... using yesterdays date
executing ./contour.py 2025 10 286
plotting sup...
plotting mic...
plotting hur...
plotting eri...
plotting ont...
quietly pushing to husky... (0 => success)
0
0
=====================================================
============    10-14 18:05    ======================
=====================================================
no file for today... using yesterdays date
executing ./contour.py 2025 10 286
plotting sup...
plotting mic...
plotting hur...
plotting eri...
plotting ont...
quietly pushing to husky... (0 => success)
0
0
=====================================================
============    10-14 19:05    ======================
=====================================================
no file for today... using yesterdays date
executing ./contour.py 2025 10 286
plotting sup...
plotting mic...
plotting hur...
plotting eri...
plotting ont...
quietly pushing to husky... (0 => success)
0
0
=====================================================
============    10-14 20:05    ======================
=====================================================
no file for today... using yesterdays date
executing ./contour.py 2025 10 286
plotting sup...
plotting mic...
plotting hur...
plotting eri...
plotting ont...
quietly pushing to husky... (0 => success)
0
0
=====================================================
============    10-14 21:05    ======================
=====================================================
no file for today... using yesterdays date
executing ./contour.py 2025 10 286
plotting sup...
plotting mic...
plotting hur...
plotting eri...
plotting ont...
quietly pushing to husky... (0 => success)
0
0
=====================================================
============    10-14 22:05    ======================
=====================================================
no file for today... using yesterdays date
executing ./contour.py 2025 10 286
plotting sup...
plotting mic...
plotting hur...
plotting eri...
plotting ont...
quietly pushing to husky... (0 => success)
0
0
=====================================================
============    10-14 23:05    ======================
=====================================================
no file for today... using yesterdays date
executing ./contour.py 2025 10 286
plotting sup...
plotting mic...
plotting hur...
plotting eri...
plotting ont...
quietly pushing to husky... (0 => success)
0
0
=====================================================
============    10-15 00:05    ======================
=====================================================
no file for today... using yesterdays date
executing ./contour.py 2025 10 287
Traceback (most recent call last):
  File "/home/kessler/plot_gen/contour_glsea/./contour.py", line 22, in <module>
    lst_gl = np.matrix(pd.read_table(fin, skiprows=6, sep='\s+', header=None))
  File "/usr/local/lib64/python3.9/site-packages/pandas/io/parsers/readers.py", line 1403, in read_table
    return _read(filepath_or_buffer, kwds)
  File "/usr/local/lib64/python3.9/site-packages/pandas/io/parsers/readers.py", line 618, in _read
    parser = TextFileReader(filepath_or_buffer, **kwds)
  File "/usr/local/lib64/python3.9/site-packages/pandas/io/parsers/readers.py", line 1618, in __init__
    self._engine = self._make_engine(f, self.engine)
  File "/usr/local/lib64/python3.9/site-packages/pandas/io/parsers/readers.py", line 1878, in _make_engine
    self.handles = get_handle(
  File "/usr/local/lib64/python3.9/site-packages/pandas/io/common.py", line 873, in get_handle
    handle = open(
FileNotFoundError: [Errno 2] No such file or directory: '/mnt/cwdata/p/m/lcd//2025/10/2025_287_glsea.asc'
quietly pushing to husky... (0 => success)
0
0
=====================================================
============    10-15 01:05    ======================
=====================================================
no file for today... using yesterdays date
executing ./contour.py 2025 10 287
Traceback (most recent call last):
  File "/home/kessler/plot_gen/contour_glsea/./contour.py", line 22, in <module>
    lst_gl = np.matrix(pd.read_table(fin, skiprows=6, sep='\s+', header=None))
  File "/usr/local/lib64/python3.9/site-packages/pandas/io/parsers/readers.py", line 1403, in read_table
    return _read(filepath_or_buffer, kwds)
  File "/usr/local/lib64/python3.9/site-packages/pandas/io/parsers/readers.py", line 618, in _read
    parser = TextFileReader(filepath_or_buffer, **kwds)
  File "/usr/local/lib64/python3.9/site-packages/pandas/io/parsers/readers.py", line 1618, in __init__
    self._engine = self._make_engine(f, self.engine)
  File "/usr/local/lib64/python3.9/site-packages/pandas/io/parsers/readers.py", line 1878, in _make_engine
    self.handles = get_handle(
  File "/usr/local/lib64/python3.9/site-packages/pandas/io/common.py", line 873, in get_handle
    handle = open(
FileNotFoundError: [Errno 2] No such file or directory: '/mnt/cwdata/p/m/lcd//2025/10/2025_287_glsea.asc'
quietly pushing to husky... (0 => success)
0
0
=====================================================
============    10-15 02:05    ======================
=====================================================
no file for today... using yesterdays date
executing ./contour.py 2025 10 287
Traceback (most recent call last):
  File "/home/kessler/plot_gen/contour_glsea/./contour.py", line 22, in <module>
    lst_gl = np.matrix(pd.read_table(fin, skiprows=6, sep='\s+', header=None))
  File "/usr/local/lib64/python3.9/site-packages/pandas/io/parsers/readers.py", line 1403, in read_table
    return _read(filepath_or_buffer, kwds)
  File "/usr/local/lib64/python3.9/site-packages/pandas/io/parsers/readers.py", line 618, in _read
    parser = TextFileReader(filepath_or_buffer, **kwds)
  File "/usr/local/lib64/python3.9/site-packages/pandas/io/parsers/readers.py", line 1618, in __init__
    self._engine = self._make_engine(f, self.engine)
  File "/usr/local/lib64/python3.9/site-packages/pandas/io/parsers/readers.py", line 1878, in _make_engine
    self.handles = get_handle(
  File "/usr/local/lib64/python3.9/site-packages/pandas/io/common.py", line 873, in get_handle
    handle = open(
FileNotFoundError: [Errno 2] No such file or directory: '/mnt/cwdata/p/m/lcd//2025/10/2025_287_glsea.asc'
quietly pushing to husky... (0 => success)
0
0
=====================================================
============    10-15 03:05    ======================
=====================================================
no file for today... using yesterdays date
executing ./contour.py 2025 10 287
plotting sup...
plotting mic...
plotting hur...
plotting eri...
plotting ont...
quietly pushing to husky... (0 => success)
0
0
=====================================================
============    10-15 04:05    ======================
=====================================================
no file for today... using yesterdays date
executing ./contour.py 2025 10 287
plotting sup...
plotting mic...
plotting hur...
plotting eri...
plotting ont...
quietly pushing to husky... (0 => success)
0
0
=====================================================
============    10-15 05:05    ======================
=====================================================
no file for today... using yesterdays date
executing ./contour.py 2025 10 287
plotting sup...
plotting mic...
plotting hur...
plotting eri...
plotting ont...
quietly pushing to husky... (0 => success)
0
0
=====================================================
============    10-15 06:05    ======================
=====================================================
no file for today... using yesterdays date
executing ./contour.py 2025 10 287
plotting sup...
plotting mic...
plotting hur...
plotting eri...
plotting ont...
quietly pushing to husky... (0 => success)
0
0
=====================================================
============    10-15 07:05    ======================
=====================================================
no file for today... using yesterdays date
executing ./contour.py 2025 10 287
plotting sup...
plotting mic...
plotting hur...
plotting eri...
plotting ont...
quietly pushing to husky... (0 => success)
0
0
=====================================================
============    10-15 08:05    ======================
=====================================================
no file for today... using yesterdays date
executing ./contour.py 2025 10 287
plotting sup...
plotting mic...
plotting hur...
plotting eri...
plotting ont...
quietly pushing to husky... (0 => success)
0
0
=====================================================
============    10-15 09:05    ======================
=====================================================
no file for today... using yesterdays date
executing ./contour.py 2025 10 287
plotting sup...
plotting mic...
plotting hur...
plotting eri...
plotting ont...
quietly pushing to husky... (0 => success)
0
0
=====================================================
============    10-15 10:05    ======================
=====================================================
no file for today... using yesterdays date
executing ./contour.py 2025 10 287
plotting sup...
plotting mic...
plotting hur...
plotting eri...
plotting ont...
quietly pushing to husky... (0 => success)
0
0
=====================================================
============    10-15 11:05    ======================
=====================================================
no file for today... using yesterdays date
executing ./contour.py 2025 10 287
plotting sup...
plotting mic...
plotting hur...
plotting eri...
plotting ont...
quietly pushing to husky... (0 => success)
0
0
=====================================================
============    10-15 12:05    ======================
=====================================================
no file for today... using yesterdays date
executing ./contour.py 2025 10 287
plotting sup...
plotting mic...
plotting hur...
plotting eri...
plotting ont...
quietly pushing to husky... (0 => success)
0
0
=====================================================
============    10-15 13:05    ======================
=====================================================
no file for today... using yesterdays date
executing ./contour.py 2025 10 287
plotting sup...
plotting mic...
plotting hur...
plotting eri...
plotting ont...
quietly pushing to husky... (0 => success)
0
0
=====================================================
============    10-15 14:05    ======================
=====================================================
no file for today... using yesterdays date
executing ./contour.py 2025 10 287
plotting sup...
plotting mic...
plotting hur...
plotting eri...
plotting ont...
quietly pushing to husky... (0 => success)
0
0
=====================================================
============    10-15 15:05    ======================
=====================================================
no file for today... using yesterdays date
executing ./contour.py 2025 10 287
plotting sup...
plotting mic...
plotting hur...
plotting eri...
plotting ont...
quietly pushing to husky... (0 => success)
0
0
=====================================================
============    10-15 16:05    ======================
=====================================================
no file for today... using yesterdays date
executing ./contour.py 2025 10 287
plotting sup...
plotting mic...
plotting hur...
plotting eri...
plotting ont...
quietly pushing to husky... (0 => success)
0
0
=====================================================
============    10-15 17:05    ======================
=====================================================
no file for today... using yesterdays date
executing ./contour.py 2025 10 287
plotting sup...
plotting mic...
plotting hur...
plotting eri...
plotting ont...
quietly pushing to husky... (0 => success)
0
0
=====================================================
============    10-15 18:05    ======================
=====================================================
no file for today... using yesterdays date
executing ./contour.py 2025 10 287
plotting sup...
plotting mic...
plotting hur...
plotting eri...
plotting ont...
quietly pushing to husky... (0 => success)
0
0
=====================================================
============    10-15 19:05    ======================
=====================================================
no file for today... using yesterdays date
executing ./contour.py 2025 10 287
plotting sup...
plotting mic...
plotting hur...
plotting eri...
plotting ont...
quietly pushing to husky... (0 => success)
0
0
=====================================================
============    10-15 20:05    ======================
=====================================================
no file for today... using yesterdays date
executing ./contour.py 2025 10 287
plotting sup...
plotting mic...
plotting hur...
plotting eri...
plotting ont...
quietly pushing to husky... (0 => success)
0
0
=====================================================
============    10-15 21:05    ======================
=====================================================
no file for today... using yesterdays date
executing ./contour.py 2025 10 287
plotting sup...
plotting mic...
plotting hur...
plotting eri...
plotting ont...
quietly pushing to husky... (0 => success)
0
0
=====================================================
============    10-15 22:05    ======================
=====================================================
no file for today... using yesterdays date
executing ./contour.py 2025 10 287
plotting sup...
plotting mic...
plotting hur...
plotting eri...
plotting ont...
quietly pushing to husky... (0 => success)
0
0
=====================================================
============    10-15 23:05    ======================
=====================================================
no file for today... using yesterdays date
executing ./contour.py 2025 10 287
plotting sup...
plotting mic...
plotting hur...
plotting eri...
plotting ont...
quietly pushing to husky... (0 => success)
0
0
=====================================================
============    10-16 00:05    ======================
=====================================================
no file for today... using yesterdays date
executing ./contour.py 2025 10 288
Traceback (most recent call last):
  File "/home/kessler/plot_gen/contour_glsea/./contour.py", line 22, in <module>
    lst_gl = np.matrix(pd.read_table(fin, skiprows=6, sep='\s+', header=None))
  File "/usr/local/lib64/python3.9/site-packages/pandas/io/parsers/readers.py", line 1403, in read_table
    return _read(filepath_or_buffer, kwds)
  File "/usr/local/lib64/python3.9/site-packages/pandas/io/parsers/readers.py", line 618, in _read
    parser = TextFileReader(filepath_or_buffer, **kwds)
  File "/usr/local/lib64/python3.9/site-packages/pandas/io/parsers/readers.py", line 1618, in __init__
    self._engine = self._make_engine(f, self.engine)
  File "/usr/local/lib64/python3.9/site-packages/pandas/io/parsers/readers.py", line 1878, in _make_engine
    self.handles = get_handle(
  File "/usr/local/lib64/python3.9/site-packages/pandas/io/common.py", line 873, in get_handle
    handle = open(
FileNotFoundError: [Errno 2] No such file or directory: '/mnt/cwdata/p/m/lcd//2025/10/2025_288_glsea.asc'
quietly pushing to husky... (0 => success)
0
0
=====================================================
============    10-16 01:05    ======================
=====================================================
no file for today... using yesterdays date
executing ./contour.py 2025 10 288
Traceback (most recent call last):
  File "/home/kessler/plot_gen/contour_glsea/./contour.py", line 22, in <module>
    lst_gl = np.matrix(pd.read_table(fin, skiprows=6, sep='\s+', header=None))
  File "/usr/local/lib64/python3.9/site-packages/pandas/io/parsers/readers.py", line 1403, in read_table
    return _read(filepath_or_buffer, kwds)
  File "/usr/local/lib64/python3.9/site-packages/pandas/io/parsers/readers.py", line 618, in _read
    parser = TextFileReader(filepath_or_buffer, **kwds)
  File "/usr/local/lib64/python3.9/site-packages/pandas/io/parsers/readers.py", line 1618, in __init__
    self._engine = self._make_engine(f, self.engine)
  File "/usr/local/lib64/python3.9/site-packages/pandas/io/parsers/readers.py", line 1878, in _make_engine
    self.handles = get_handle(
  File "/usr/local/lib64/python3.9/site-packages/pandas/io/common.py", line 873, in get_handle
    handle = open(
FileNotFoundError: [Errno 2] No such file or directory: '/mnt/cwdata/p/m/lcd//2025/10/2025_288_glsea.asc'
quietly pushing to husky... (0 => success)
0
0
=====================================================
============    10-16 02:05    ======================
=====================================================
no file for today... using yesterdays date
executing ./contour.py 2025 10 288
Traceback (most recent call last):
  File "/home/kessler/plot_gen/contour_glsea/./contour.py", line 22, in <module>
    lst_gl = np.matrix(pd.read_table(fin, skiprows=6, sep='\s+', header=None))
  File "/usr/local/lib64/python3.9/site-packages/pandas/io/parsers/readers.py", line 1403, in read_table
    return _read(filepath_or_buffer, kwds)
  File "/usr/local/lib64/python3.9/site-packages/pandas/io/parsers/readers.py", line 618, in _read
    parser = TextFileReader(filepath_or_buffer, **kwds)
  File "/usr/local/lib64/python3.9/site-packages/pandas/io/parsers/readers.py", line 1618, in __init__
    self._engine = self._make_engine(f, self.engine)
  File "/usr/local/lib64/python3.9/site-packages/pandas/io/parsers/readers.py", line 1878, in _make_engine
    self.handles = get_handle(
  File "/usr/local/lib64/python3.9/site-packages/pandas/io/common.py", line 873, in get_handle
    handle = open(
FileNotFoundError: [Errno 2] No such file or directory: '/mnt/cwdata/p/m/lcd//2025/10/2025_288_glsea.asc'
quietly pushing to husky... (0 => success)
0
0
=====================================================
============    10-16 03:05    ======================
=====================================================
no file for today... using yesterdays date
executing ./contour.py 2025 10 288
plotting sup...
plotting mic...
plotting hur...
plotting eri...
plotting ont...
quietly pushing to husky... (0 => success)
0
0
=====================================================
============    10-16 04:05    ======================
=====================================================
no file for today... using yesterdays date
executing ./contour.py 2025 10 288
plotting sup...
plotting mic...
plotting hur...
plotting eri...
plotting ont...
quietly pushing to husky... (0 => success)
0
0
=====================================================
============    10-16 05:05    ======================
=====================================================
no file for today... using yesterdays date
executing ./contour.py 2025 10 288
plotting sup...
plotting mic...
plotting hur...
plotting eri...
plotting ont...
quietly pushing to husky... (0 => success)
0
0
=====================================================
============    10-16 06:05    ======================
=====================================================
no file for today... using yesterdays date
executing ./contour.py 2025 10 288
plotting sup...
plotting mic...
plotting hur...
plotting eri...
plotting ont...
quietly pushing to husky... (0 => success)
0
0
=====================================================
============    10-16 07:05    ======================
=====================================================
no file for today... using yesterdays date
executing ./contour.py 2025 10 288
plotting sup...
plotting mic...
plotting hur...
plotting eri...
plotting ont...
quietly pushing to husky... (0 => success)
0
0
=====================================================
============    10-16 08:05    ======================
=====================================================
no file for today... using yesterdays date
executing ./contour.py 2025 10 288
plotting sup...
plotting mic...
plotting hur...
plotting eri...
plotting ont...
quietly pushing to husky... (0 => success)
0
0
=====================================================
============    10-16 09:05    ======================
=====================================================
no file for today... using yesterdays date
executing ./contour.py 2025 10 288
plotting sup...
plotting mic...
plotting hur...
plotting eri...
plotting ont...
quietly pushing to husky... (0 => success)
0
0
=====================================================
============    10-16 10:05    ======================
=====================================================
no file for today... using yesterdays date
executing ./contour.py 2025 10 288
plotting sup...
plotting mic...
plotting hur...
plotting eri...
plotting ont...
quietly pushing to husky... (0 => success)
0
0
=====================================================
============    10-16 11:05    ======================
=====================================================
no file for today... using yesterdays date
executing ./contour.py 2025 10 288
plotting sup...
plotting mic...
plotting hur...
plotting eri...
plotting ont...
quietly pushing to husky... (0 => success)
0
0
=====================================================
============    10-16 12:05    ======================
=====================================================
no file for today... using yesterdays date
executing ./contour.py 2025 10 288
plotting sup...
plotting mic...
plotting hur...
plotting eri...
plotting ont...
quietly pushing to husky... (0 => success)
0
0
=====================================================
============    10-16 13:05    ======================
=====================================================
no file for today... using yesterdays date
executing ./contour.py 2025 10 288
plotting sup...
plotting mic...
plotting hur...
plotting eri...
plotting ont...
quietly pushing to husky... (0 => success)
0
0
=====================================================
============    10-16 14:05    ======================
=====================================================
no file for today... using yesterdays date
executing ./contour.py 2025 10 288
plotting sup...
plotting mic...
plotting hur...
plotting eri...
plotting ont...
quietly pushing to husky... (0 => success)
0
0
=====================================================
============    10-16 15:05    ======================
=====================================================
no file for today... using yesterdays date
executing ./contour.py 2025 10 288
plotting sup...
plotting mic...
plotting hur...
plotting eri...
plotting ont...
quietly pushing to husky... (0 => success)
0
0
=====================================================
============    10-16 16:05    ======================
=====================================================
no file for today... using yesterdays date
executing ./contour.py 2025 10 288
plotting sup...
plotting mic...
plotting hur...
plotting eri...
plotting ont...
quietly pushing to husky... (0 => success)
0
0
=====================================================
============    10-16 17:05    ======================
=====================================================
no file for today... using yesterdays date
executing ./contour.py 2025 10 288
plotting sup...
plotting mic...
plotting hur...
plotting eri...
plotting ont...
quietly pushing to husky... (0 => success)
0
0
=====================================================
============    10-16 18:05    ======================
=====================================================
no file for today... using yesterdays date
executing ./contour.py 2025 10 288
plotting sup...
plotting mic...
plotting hur...
plotting eri...
plotting ont...
quietly pushing to husky... (0 => success)
0
0
=====================================================
============    10-16 19:05    ======================
=====================================================
no file for today... using yesterdays date
executing ./contour.py 2025 10 288
plotting sup...
plotting mic...
plotting hur...
plotting eri...
plotting ont...
quietly pushing to husky... (0 => success)
0
0
=====================================================
============    10-16 20:05    ======================
=====================================================
no file for today... using yesterdays date
executing ./contour.py 2025 10 288
plotting sup...
plotting mic...
plotting hur...
plotting eri...
plotting ont...
quietly pushing to husky... (0 => success)
0
0
=====================================================
============    10-16 21:05    ======================
=====================================================
no file for today... using yesterdays date
executing ./contour.py 2025 10 288
plotting sup...
plotting mic...
plotting hur...
plotting eri...
plotting ont...
quietly pushing to husky... (0 => success)
0
0
=====================================================
============    10-16 22:05    ======================
=====================================================
no file for today... using yesterdays date
executing ./contour.py 2025 10 288
plotting sup...
plotting mic...
plotting hur...
plotting eri...
plotting ont...
quietly pushing to husky... (0 => success)
0
0
=====================================================
============    10-16 23:05    ======================
=====================================================
no file for today... using yesterdays date
executing ./contour.py 2025 10 288
plotting sup...
plotting mic...
plotting hur...
plotting eri...
plotting ont...
quietly pushing to husky... (0 => success)
0
0
=====================================================
============    10-17 00:05    ======================
=====================================================
no file for today... using yesterdays date
executing ./contour.py 2025 10 289
Traceback (most recent call last):
  File "/home/kessler/plot_gen/contour_glsea/./contour.py", line 22, in <module>
    lst_gl = np.matrix(pd.read_table(fin, skiprows=6, sep='\s+', header=None))
  File "/usr/local/lib64/python3.9/site-packages/pandas/io/parsers/readers.py", line 1403, in read_table
    return _read(filepath_or_buffer, kwds)
  File "/usr/local/lib64/python3.9/site-packages/pandas/io/parsers/readers.py", line 618, in _read
    parser = TextFileReader(filepath_or_buffer, **kwds)
  File "/usr/local/lib64/python3.9/site-packages/pandas/io/parsers/readers.py", line 1618, in __init__
    self._engine = self._make_engine(f, self.engine)
  File "/usr/local/lib64/python3.9/site-packages/pandas/io/parsers/readers.py", line 1878, in _make_engine
    self.handles = get_handle(
  File "/usr/local/lib64/python3.9/site-packages/pandas/io/common.py", line 873, in get_handle
    handle = open(
FileNotFoundError: [Errno 2] No such file or directory: '/mnt/cwdata/p/m/lcd//2025/10/2025_289_glsea.asc'
quietly pushing to husky... (0 => success)
0
0
=====================================================
============    10-17 01:05    ======================
=====================================================
no file for today... using yesterdays date
executing ./contour.py 2025 10 289
Traceback (most recent call last):
  File "/home/kessler/plot_gen/contour_glsea/./contour.py", line 22, in <module>
    lst_gl = np.matrix(pd.read_table(fin, skiprows=6, sep='\s+', header=None))
  File "/usr/local/lib64/python3.9/site-packages/pandas/io/parsers/readers.py", line 1403, in read_table
    return _read(filepath_or_buffer, kwds)
  File "/usr/local/lib64/python3.9/site-packages/pandas/io/parsers/readers.py", line 618, in _read
    parser = TextFileReader(filepath_or_buffer, **kwds)
  File "/usr/local/lib64/python3.9/site-packages/pandas/io/parsers/readers.py", line 1618, in __init__
    self._engine = self._make_engine(f, self.engine)
  File "/usr/local/lib64/python3.9/site-packages/pandas/io/parsers/readers.py", line 1878, in _make_engine
    self.handles = get_handle(
  File "/usr/local/lib64/python3.9/site-packages/pandas/io/common.py", line 873, in get_handle
    handle = open(
FileNotFoundError: [Errno 2] No such file or directory: '/mnt/cwdata/p/m/lcd//2025/10/2025_289_glsea.asc'
quietly pushing to husky... (0 => success)
0
0
=====================================================
============    10-17 02:05    ======================
=====================================================
no file for today... using yesterdays date
executing ./contour.py 2025 10 289
Traceback (most recent call last):
  File "/home/kessler/plot_gen/contour_glsea/./contour.py", line 22, in <module>
    lst_gl = np.matrix(pd.read_table(fin, skiprows=6, sep='\s+', header=None))
  File "/usr/local/lib64/python3.9/site-packages/pandas/io/parsers/readers.py", line 1403, in read_table
    return _read(filepath_or_buffer, kwds)
  File "/usr/local/lib64/python3.9/site-packages/pandas/io/parsers/readers.py", line 618, in _read
    parser = TextFileReader(filepath_or_buffer, **kwds)
  File "/usr/local/lib64/python3.9/site-packages/pandas/io/parsers/readers.py", line 1618, in __init__
    self._engine = self._make_engine(f, self.engine)
  File "/usr/local/lib64/python3.9/site-packages/pandas/io/parsers/readers.py", line 1878, in _make_engine
    self.handles = get_handle(
  File "/usr/local/lib64/python3.9/site-packages/pandas/io/common.py", line 873, in get_handle
    handle = open(
FileNotFoundError: [Errno 2] No such file or directory: '/mnt/cwdata/p/m/lcd//2025/10/2025_289_glsea.asc'
quietly pushing to husky... (0 => success)
0
0
=====================================================
============    10-17 03:05    ======================
=====================================================
no file for today... using yesterdays date
executing ./contour.py 2025 10 289
plotting sup...
plotting mic...
plotting hur...
plotting eri...
plotting ont...
quietly pushing to husky... (0 => success)
0
0
=====================================================
============    10-17 04:05    ======================
=====================================================
no file for today... using yesterdays date
executing ./contour.py 2025 10 289
plotting sup...
plotting mic...
plotting hur...
plotting eri...
plotting ont...
quietly pushing to husky... (0 => success)
0
0
=====================================================
============    10-17 05:05    ======================
=====================================================
no file for today... using yesterdays date
executing ./contour.py 2025 10 289
plotting sup...
plotting mic...
plotting hur...
plotting eri...
plotting ont...
quietly pushing to husky... (0 => success)
0
0
=====================================================
============    10-17 06:05    ======================
=====================================================
no file for today... using yesterdays date
executing ./contour.py 2025 10 289
plotting sup...
plotting mic...
plotting hur...
plotting eri...
plotting ont...
quietly pushing to husky... (0 => success)
0
0
=====================================================
============    10-17 07:05    ======================
=====================================================
no file for today... using yesterdays date
executing ./contour.py 2025 10 289
plotting sup...
plotting mic...
plotting hur...
plotting eri...
plotting ont...
quietly pushing to husky... (0 => success)
0
0
=====================================================
============    10-17 08:05    ======================
=====================================================
no file for today... using yesterdays date
executing ./contour.py 2025 10 289
plotting sup...
plotting mic...
plotting hur...
plotting eri...
plotting ont...
quietly pushing to husky... (0 => success)
0
0
=====================================================
============    10-17 09:05    ======================
=====================================================
no file for today... using yesterdays date
executing ./contour.py 2025 10 289
plotting sup...
plotting mic...
plotting hur...
plotting eri...
plotting ont...
quietly pushing to husky... (0 => success)
0
0
=====================================================
============    10-17 10:05    ======================
=====================================================
no file for today... using yesterdays date
executing ./contour.py 2025 10 289
plotting sup...
plotting mic...
plotting hur...
plotting eri...
plotting ont...
quietly pushing to husky... (0 => success)
0
0
=====================================================
============    10-17 11:05    ======================
=====================================================
no file for today... using yesterdays date
executing ./contour.py 2025 10 289
plotting sup...
plotting mic...
plotting hur...
plotting eri...
plotting ont...
quietly pushing to husky... (0 => success)
0
0
=====================================================
============    10-17 12:05    ======================
=====================================================
no file for today... using yesterdays date
executing ./contour.py 2025 10 289
plotting sup...
plotting mic...
plotting hur...
plotting eri...
plotting ont...
quietly pushing to husky... (0 => success)
0
0
=====================================================
============    10-17 13:05    ======================
=====================================================
no file for today... using yesterdays date
executing ./contour.py 2025 10 289
plotting sup...
plotting mic...
plotting hur...
plotting eri...
plotting ont...
quietly pushing to husky... (0 => success)
0
0
=====================================================
============    10-17 14:05    ======================
=====================================================
no file for today... using yesterdays date
executing ./contour.py 2025 10 289
plotting sup...
plotting mic...
plotting hur...
plotting eri...
plotting ont...
quietly pushing to husky... (0 => success)
0
0
=====================================================
============    10-17 15:05    ======================
=====================================================
no file for today... using yesterdays date
executing ./contour.py 2025 10 289
plotting sup...
plotting mic...
plotting hur...
plotting eri...
plotting ont...
quietly pushing to husky... (0 => success)
0
0
=====================================================
============    10-17 16:05    ======================
=====================================================
no file for today... using yesterdays date
executing ./contour.py 2025 10 289
plotting sup...
plotting mic...
plotting hur...
plotting eri...
plotting ont...
quietly pushing to husky... (0 => success)
0
0
=====================================================
============    10-17 17:05    ======================
=====================================================
no file for today... using yesterdays date
executing ./contour.py 2025 10 289
plotting sup...
plotting mic...
plotting hur...
plotting eri...
plotting ont...
quietly pushing to husky... (0 => success)
0
0
=====================================================
============    10-17 18:05    ======================
=====================================================
no file for today... using yesterdays date
executing ./contour.py 2025 10 289
plotting sup...
plotting mic...
plotting hur...
plotting eri...
plotting ont...
quietly pushing to husky... (0 => success)
0
0
=====================================================
============    10-17 19:05    ======================
=====================================================
no file for today... using yesterdays date
executing ./contour.py 2025 10 289
plotting sup...
plotting mic...
plotting hur...
plotting eri...
plotting ont...
quietly pushing to husky... (0 => success)
0
0
=====================================================
============    10-17 20:05    ======================
=====================================================
no file for today... using yesterdays date
executing ./contour.py 2025 10 289
plotting sup...
plotting mic...
plotting hur...
plotting eri...
plotting ont...
quietly pushing to husky... (0 => success)
0
0
=====================================================
============    10-17 21:05    ======================
=====================================================
no file for today... using yesterdays date
executing ./contour.py 2025 10 289
plotting sup...
plotting mic...
plotting hur...
plotting eri...
plotting ont...
quietly pushing to husky... (0 => success)
0
0
=====================================================
============    10-17 22:05    ======================
=====================================================
no file for today... using yesterdays date
executing ./contour.py 2025 10 289
plotting sup...
plotting mic...
plotting hur...
plotting eri...
plotting ont...
quietly pushing to husky... (0 => success)
0
0
=====================================================
============    10-17 23:05    ======================
=====================================================
no file for today... using yesterdays date
executing ./contour.py 2025 10 289
plotting sup...
plotting mic...
plotting hur...
plotting eri...
plotting ont...
quietly pushing to husky... (0 => success)
0
0
=====================================================
============    10-18 00:05    ======================
=====================================================
no file for today... using yesterdays date
executing ./contour.py 2025 10 290
Traceback (most recent call last):
  File "/home/kessler/plot_gen/contour_glsea/./contour.py", line 22, in <module>
    lst_gl = np.matrix(pd.read_table(fin, skiprows=6, sep='\s+', header=None))
  File "/usr/local/lib64/python3.9/site-packages/pandas/io/parsers/readers.py", line 1403, in read_table
    return _read(filepath_or_buffer, kwds)
  File "/usr/local/lib64/python3.9/site-packages/pandas/io/parsers/readers.py", line 618, in _read
    parser = TextFileReader(filepath_or_buffer, **kwds)
  File "/usr/local/lib64/python3.9/site-packages/pandas/io/parsers/readers.py", line 1618, in __init__
    self._engine = self._make_engine(f, self.engine)
  File "/usr/local/lib64/python3.9/site-packages/pandas/io/parsers/readers.py", line 1878, in _make_engine
    self.handles = get_handle(
  File "/usr/local/lib64/python3.9/site-packages/pandas/io/common.py", line 873, in get_handle
    handle = open(
FileNotFoundError: [Errno 2] No such file or directory: '/mnt/cwdata/p/m/lcd//2025/10/2025_290_glsea.asc'
quietly pushing to husky... (0 => success)
0
0
=====================================================
============    10-18 01:05    ======================
=====================================================
no file for today... using yesterdays date
executing ./contour.py 2025 10 290
Traceback (most recent call last):
  File "/home/kessler/plot_gen/contour_glsea/./contour.py", line 22, in <module>
    lst_gl = np.matrix(pd.read_table(fin, skiprows=6, sep='\s+', header=None))
  File "/usr/local/lib64/python3.9/site-packages/pandas/io/parsers/readers.py", line 1403, in read_table
    return _read(filepath_or_buffer, kwds)
  File "/usr/local/lib64/python3.9/site-packages/pandas/io/parsers/readers.py", line 618, in _read
    parser = TextFileReader(filepath_or_buffer, **kwds)
  File "/usr/local/lib64/python3.9/site-packages/pandas/io/parsers/readers.py", line 1618, in __init__
    self._engine = self._make_engine(f, self.engine)
  File "/usr/local/lib64/python3.9/site-packages/pandas/io/parsers/readers.py", line 1878, in _make_engine
    self.handles = get_handle(
  File "/usr/local/lib64/python3.9/site-packages/pandas/io/common.py", line 873, in get_handle
    handle = open(
FileNotFoundError: [Errno 2] No such file or directory: '/mnt/cwdata/p/m/lcd//2025/10/2025_290_glsea.asc'
quietly pushing to husky... (0 => success)
0
0
=====================================================
============    10-18 02:05    ======================
=====================================================
no file for today... using yesterdays date
executing ./contour.py 2025 10 290
Traceback (most recent call last):
  File "/home/kessler/plot_gen/contour_glsea/./contour.py", line 22, in <module>
    lst_gl = np.matrix(pd.read_table(fin, skiprows=6, sep='\s+', header=None))
  File "/usr/local/lib64/python3.9/site-packages/pandas/io/parsers/readers.py", line 1403, in read_table
    return _read(filepath_or_buffer, kwds)
  File "/usr/local/lib64/python3.9/site-packages/pandas/io/parsers/readers.py", line 618, in _read
    parser = TextFileReader(filepath_or_buffer, **kwds)
  File "/usr/local/lib64/python3.9/site-packages/pandas/io/parsers/readers.py", line 1618, in __init__
    self._engine = self._make_engine(f, self.engine)
  File "/usr/local/lib64/python3.9/site-packages/pandas/io/parsers/readers.py", line 1878, in _make_engine
    self.handles = get_handle(
  File "/usr/local/lib64/python3.9/site-packages/pandas/io/common.py", line 873, in get_handle
    handle = open(
FileNotFoundError: [Errno 2] No such file or directory: '/mnt/cwdata/p/m/lcd//2025/10/2025_290_glsea.asc'
quietly pushing to husky... (0 => success)
0
0
=====================================================
============    10-18 03:05    ======================
=====================================================
no file for today... using yesterdays date
executing ./contour.py 2025 10 290
plotting sup...
plotting mic...
plotting hur...
plotting eri...
plotting ont...
quietly pushing to husky... (0 => success)
0
0
=====================================================
============    10-18 04:05    ======================
=====================================================
no file for today... using yesterdays date
executing ./contour.py 2025 10 290
plotting sup...
plotting mic...
plotting hur...
plotting eri...
plotting ont...
quietly pushing to husky... (0 => success)
0
0
=====================================================
============    10-18 05:05    ======================
=====================================================
no file for today... using yesterdays date
executing ./contour.py 2025 10 290
plotting sup...
plotting mic...
plotting hur...
plotting eri...
plotting ont...
quietly pushing to husky... (0 => success)
0
0
=====================================================
============    10-18 06:05    ======================
=====================================================
no file for today... using yesterdays date
executing ./contour.py 2025 10 290
plotting sup...
plotting mic...
plotting hur...
plotting eri...
plotting ont...
quietly pushing to husky... (0 => success)
0
0
=====================================================
============    10-18 07:05    ======================
=====================================================
no file for today... using yesterdays date
executing ./contour.py 2025 10 290
plotting sup...
plotting mic...
plotting hur...
plotting eri...
plotting ont...
quietly pushing to husky... (0 => success)
0
0
=====================================================
============    10-18 08:05    ======================
=====================================================
no file for today... using yesterdays date
executing ./contour.py 2025 10 290
plotting sup...
plotting mic...
plotting hur...
plotting eri...
plotting ont...
quietly pushing to husky... (0 => success)
0
0
=====================================================
============    10-18 09:05    ======================
=====================================================
no file for today... using yesterdays date
executing ./contour.py 2025 10 290
plotting sup...
plotting mic...
plotting hur...
plotting eri...
plotting ont...
quietly pushing to husky... (0 => success)
0
0
=====================================================
============    10-18 10:05    ======================
=====================================================
no file for today... using yesterdays date
executing ./contour.py 2025 10 290
plotting sup...
plotting mic...
plotting hur...
plotting eri...
plotting ont...
quietly pushing to husky... (0 => success)
0
0
=====================================================
============    10-18 11:05    ======================
=====================================================
no file for today... using yesterdays date
executing ./contour.py 2025 10 290
plotting sup...
plotting mic...
plotting hur...
plotting eri...
plotting ont...
quietly pushing to husky... (0 => success)
0
0
=====================================================
============    10-18 12:05    ======================
=====================================================
no file for today... using yesterdays date
executing ./contour.py 2025 10 290
plotting sup...
plotting mic...
plotting hur...
plotting eri...
plotting ont...
quietly pushing to husky... (0 => success)
0
0
=====================================================
============    10-18 13:05    ======================
=====================================================
no file for today... using yesterdays date
executing ./contour.py 2025 10 290
plotting sup...
plotting mic...
plotting hur...
plotting eri...
plotting ont...
quietly pushing to husky... (0 => success)
0
0
=====================================================
============    10-18 14:05    ======================
=====================================================
no file for today... using yesterdays date
executing ./contour.py 2025 10 290
plotting sup...
plotting mic...
plotting hur...
plotting eri...
plotting ont...
quietly pushing to husky... (0 => success)
0
0
=====================================================
============    10-18 15:05    ======================
=====================================================
no file for today... using yesterdays date
executing ./contour.py 2025 10 290
plotting sup...
plotting mic...
plotting hur...
plotting eri...
plotting ont...
quietly pushing to husky... (0 => success)
0
0
=====================================================
============    10-18 16:05    ======================
=====================================================
no file for today... using yesterdays date
executing ./contour.py 2025 10 290
plotting sup...
plotting mic...
plotting hur...
plotting eri...
plotting ont...
quietly pushing to husky... (0 => success)
0
0
=====================================================
============    10-18 17:05    ======================
=====================================================
no file for today... using yesterdays date
executing ./contour.py 2025 10 290
plotting sup...
plotting mic...
plotting hur...
plotting eri...
plotting ont...
quietly pushing to husky... (0 => success)
0
0
=====================================================
============    10-18 18:05    ======================
=====================================================
no file for today... using yesterdays date
executing ./contour.py 2025 10 290
plotting sup...
plotting mic...
plotting hur...
plotting eri...
plotting ont...
quietly pushing to husky... (0 => success)
0
0
=====================================================
============    10-18 19:05    ======================
=====================================================
no file for today... using yesterdays date
executing ./contour.py 2025 10 290
plotting sup...
plotting mic...
plotting hur...
plotting eri...
plotting ont...
quietly pushing to husky... (0 => success)
0
0
=====================================================
============    10-18 20:05    ======================
=====================================================
no file for today... using yesterdays date
executing ./contour.py 2025 10 290
plotting sup...
plotting mic...
plotting hur...
plotting eri...
plotting ont...
quietly pushing to husky... (0 => success)
0
0
=====================================================
============    10-18 21:05    ======================
=====================================================
no file for today... using yesterdays date
executing ./contour.py 2025 10 290
plotting sup...
plotting mic...
plotting hur...
plotting eri...
plotting ont...
quietly pushing to husky... (0 => success)
0
0
=====================================================
============    10-18 22:05    ======================
=====================================================
no file for today... using yesterdays date
executing ./contour.py 2025 10 290
plotting sup...
plotting mic...
plotting hur...
plotting eri...
plotting ont...
quietly pushing to husky... (0 => success)
0
0
=====================================================
============    10-18 23:05    ======================
=====================================================
no file for today... using yesterdays date
executing ./contour.py 2025 10 290
plotting sup...
plotting mic...
plotting hur...
plotting eri...
plotting ont...
quietly pushing to husky... (0 => success)
0
0
=====================================================
============    10-19 00:05    ======================
=====================================================
no file for today... using yesterdays date
executing ./contour.py 2025 10 291
Traceback (most recent call last):
  File "/home/kessler/plot_gen/contour_glsea/./contour.py", line 22, in <module>
    lst_gl = np.matrix(pd.read_table(fin, skiprows=6, sep='\s+', header=None))
  File "/usr/local/lib64/python3.9/site-packages/pandas/io/parsers/readers.py", line 1403, in read_table
    return _read(filepath_or_buffer, kwds)
  File "/usr/local/lib64/python3.9/site-packages/pandas/io/parsers/readers.py", line 618, in _read
    parser = TextFileReader(filepath_or_buffer, **kwds)
  File "/usr/local/lib64/python3.9/site-packages/pandas/io/parsers/readers.py", line 1618, in __init__
    self._engine = self._make_engine(f, self.engine)
  File "/usr/local/lib64/python3.9/site-packages/pandas/io/parsers/readers.py", line 1878, in _make_engine
    self.handles = get_handle(
  File "/usr/local/lib64/python3.9/site-packages/pandas/io/common.py", line 873, in get_handle
    handle = open(
FileNotFoundError: [Errno 2] No such file or directory: '/mnt/cwdata/p/m/lcd//2025/10/2025_291_glsea.asc'
quietly pushing to husky... (0 => success)
0
0
=====================================================
============    10-19 01:05    ======================
=====================================================
no file for today... using yesterdays date
executing ./contour.py 2025 10 291
Traceback (most recent call last):
  File "/home/kessler/plot_gen/contour_glsea/./contour.py", line 22, in <module>
    lst_gl = np.matrix(pd.read_table(fin, skiprows=6, sep='\s+', header=None))
  File "/usr/local/lib64/python3.9/site-packages/pandas/io/parsers/readers.py", line 1403, in read_table
    return _read(filepath_or_buffer, kwds)
  File "/usr/local/lib64/python3.9/site-packages/pandas/io/parsers/readers.py", line 618, in _read
    parser = TextFileReader(filepath_or_buffer, **kwds)
  File "/usr/local/lib64/python3.9/site-packages/pandas/io/parsers/readers.py", line 1618, in __init__
    self._engine = self._make_engine(f, self.engine)
  File "/usr/local/lib64/python3.9/site-packages/pandas/io/parsers/readers.py", line 1878, in _make_engine
    self.handles = get_handle(
  File "/usr/local/lib64/python3.9/site-packages/pandas/io/common.py", line 873, in get_handle
    handle = open(
FileNotFoundError: [Errno 2] No such file or directory: '/mnt/cwdata/p/m/lcd//2025/10/2025_291_glsea.asc'
quietly pushing to husky... (0 => success)
0
0
=====================================================
============    10-19 02:05    ======================
=====================================================
no file for today... using yesterdays date
executing ./contour.py 2025 10 291
Traceback (most recent call last):
  File "/home/kessler/plot_gen/contour_glsea/./contour.py", line 22, in <module>
    lst_gl = np.matrix(pd.read_table(fin, skiprows=6, sep='\s+', header=None))
  File "/usr/local/lib64/python3.9/site-packages/pandas/io/parsers/readers.py", line 1403, in read_table
    return _read(filepath_or_buffer, kwds)
  File "/usr/local/lib64/python3.9/site-packages/pandas/io/parsers/readers.py", line 618, in _read
    parser = TextFileReader(filepath_or_buffer, **kwds)
  File "/usr/local/lib64/python3.9/site-packages/pandas/io/parsers/readers.py", line 1618, in __init__
    self._engine = self._make_engine(f, self.engine)
  File "/usr/local/lib64/python3.9/site-packages/pandas/io/parsers/readers.py", line 1878, in _make_engine
    self.handles = get_handle(
  File "/usr/local/lib64/python3.9/site-packages/pandas/io/common.py", line 873, in get_handle
    handle = open(
FileNotFoundError: [Errno 2] No such file or directory: '/mnt/cwdata/p/m/lcd//2025/10/2025_291_glsea.asc'
quietly pushing to husky... (0 => success)
0
0
=====================================================
============    10-19 03:05    ======================
=====================================================
no file for today... using yesterdays date
executing ./contour.py 2025 10 291
plotting sup...
plotting mic...
plotting hur...
plotting eri...
plotting ont...
quietly pushing to husky... (0 => success)
0
0
=====================================================
============    10-19 04:05    ======================
=====================================================
no file for today... using yesterdays date
executing ./contour.py 2025 10 291
plotting sup...
plotting mic...
plotting hur...
plotting eri...
plotting ont...
quietly pushing to husky... (0 => success)
0
0
=====================================================
============    10-19 05:05    ======================
=====================================================
no file for today... using yesterdays date
executing ./contour.py 2025 10 291
plotting sup...
plotting mic...
plotting hur...
plotting eri...
plotting ont...
quietly pushing to husky... (0 => success)
0
0
=====================================================
============    10-19 06:05    ======================
=====================================================
no file for today... using yesterdays date
executing ./contour.py 2025 10 291
plotting sup...
plotting mic...
plotting hur...
plotting eri...
plotting ont...
quietly pushing to husky... (0 => success)
0
0
=====================================================
============    10-19 07:05    ======================
=====================================================
no file for today... using yesterdays date
executing ./contour.py 2025 10 291
plotting sup...
plotting mic...
plotting hur...
plotting eri...
plotting ont...
quietly pushing to husky... (0 => success)
0
0
=====================================================
============    10-19 08:05    ======================
=====================================================
no file for today... using yesterdays date
executing ./contour.py 2025 10 291
plotting sup...
plotting mic...
plotting hur...
plotting eri...
plotting ont...
quietly pushing to husky... (0 => success)
0
0
=====================================================
============    10-19 09:05    ======================
=====================================================
no file for today... using yesterdays date
executing ./contour.py 2025 10 291
plotting sup...
plotting mic...
plotting hur...
plotting eri...
plotting ont...
quietly pushing to husky... (0 => success)
0
0
=====================================================
============    10-19 10:05    ======================
=====================================================
no file for today... using yesterdays date
executing ./contour.py 2025 10 291
plotting sup...
plotting mic...
plotting hur...
plotting eri...
plotting ont...
quietly pushing to husky... (0 => success)
0
0
=====================================================
============    10-19 11:05    ======================
=====================================================
no file for today... using yesterdays date
executing ./contour.py 2025 10 291
plotting sup...
plotting mic...
plotting hur...
plotting eri...
plotting ont...
quietly pushing to husky... (0 => success)
0
0
=====================================================
============    10-19 12:05    ======================
=====================================================
no file for today... using yesterdays date
executing ./contour.py 2025 10 291
plotting sup...
plotting mic...
plotting hur...
plotting eri...
plotting ont...
quietly pushing to husky... (0 => success)
0
0
=====================================================
============    10-19 13:05    ======================
=====================================================
no file for today... using yesterdays date
executing ./contour.py 2025 10 291
plotting sup...
plotting mic...
plotting hur...
plotting eri...
plotting ont...
quietly pushing to husky... (0 => success)
0
0
=====================================================
============    10-19 14:05    ======================
=====================================================
no file for today... using yesterdays date
executing ./contour.py 2025 10 291
plotting sup...
plotting mic...
plotting hur...
plotting eri...
plotting ont...
quietly pushing to husky... (0 => success)
0
0
=====================================================
============    10-19 15:05    ======================
=====================================================
no file for today... using yesterdays date
executing ./contour.py 2025 10 291
plotting sup...
plotting mic...
plotting hur...
plotting eri...
plotting ont...
quietly pushing to husky... (0 => success)
0
0
=====================================================
============    10-19 16:05    ======================
=====================================================
no file for today... using yesterdays date
executing ./contour.py 2025 10 291
plotting sup...
plotting mic...
plotting hur...
plotting eri...
plotting ont...
quietly pushing to husky... (0 => success)
0
0
=====================================================
============    10-19 17:05    ======================
=====================================================
no file for today... using yesterdays date
executing ./contour.py 2025 10 291
plotting sup...
plotting mic...
plotting hur...
plotting eri...
plotting ont...
quietly pushing to husky... (0 => success)
0
0
=====================================================
============    10-19 18:05    ======================
=====================================================
no file for today... using yesterdays date
executing ./contour.py 2025 10 291
plotting sup...
plotting mic...
plotting hur...
plotting eri...
plotting ont...
quietly pushing to husky... (0 => success)
0
0
=====================================================
============    10-19 19:05    ======================
=====================================================
no file for today... using yesterdays date
executing ./contour.py 2025 10 291
plotting sup...
plotting mic...
plotting hur...
plotting eri...
plotting ont...
quietly pushing to husky... (0 => success)
0
0
=====================================================
============    10-19 20:05    ======================
=====================================================
no file for today... using yesterdays date
executing ./contour.py 2025 10 291
plotting sup...
plotting mic...
plotting hur...
plotting eri...
plotting ont...
quietly pushing to husky... (0 => success)
0
0
=====================================================
============    10-19 21:05    ======================
=====================================================
no file for today... using yesterdays date
executing ./contour.py 2025 10 291
plotting sup...
plotting mic...
plotting hur...
plotting eri...
plotting ont...
quietly pushing to husky... (0 => success)
0
0
=====================================================
============    10-19 22:05    ======================
=====================================================
no file for today... using yesterdays date
executing ./contour.py 2025 10 291
plotting sup...
plotting mic...
plotting hur...
plotting eri...
plotting ont...
quietly pushing to husky... (0 => success)
0
0
=====================================================
============    10-19 23:05    ======================
=====================================================
no file for today... using yesterdays date
executing ./contour.py 2025 10 291
plotting sup...
plotting mic...
plotting hur...
plotting eri...
plotting ont...
quietly pushing to husky... (0 => success)
0
0
=====================================================
============    10-20 00:05    ======================
=====================================================
no file for today... using yesterdays date
executing ./contour.py 2025 10 292
Traceback (most recent call last):
  File "/home/kessler/plot_gen/contour_glsea/./contour.py", line 22, in <module>
    lst_gl = np.matrix(pd.read_table(fin, skiprows=6, sep='\s+', header=None))
  File "/usr/local/lib64/python3.9/site-packages/pandas/io/parsers/readers.py", line 1403, in read_table
    return _read(filepath_or_buffer, kwds)
  File "/usr/local/lib64/python3.9/site-packages/pandas/io/parsers/readers.py", line 618, in _read
    parser = TextFileReader(filepath_or_buffer, **kwds)
  File "/usr/local/lib64/python3.9/site-packages/pandas/io/parsers/readers.py", line 1618, in __init__
    self._engine = self._make_engine(f, self.engine)
  File "/usr/local/lib64/python3.9/site-packages/pandas/io/parsers/readers.py", line 1878, in _make_engine
    self.handles = get_handle(
  File "/usr/local/lib64/python3.9/site-packages/pandas/io/common.py", line 873, in get_handle
    handle = open(
FileNotFoundError: [Errno 2] No such file or directory: '/mnt/cwdata/p/m/lcd//2025/10/2025_292_glsea.asc'
quietly pushing to husky... (0 => success)
0
0
=====================================================
============    10-20 01:05    ======================
=====================================================
no file for today... using yesterdays date
executing ./contour.py 2025 10 292
Traceback (most recent call last):
  File "/home/kessler/plot_gen/contour_glsea/./contour.py", line 22, in <module>
    lst_gl = np.matrix(pd.read_table(fin, skiprows=6, sep='\s+', header=None))
  File "/usr/local/lib64/python3.9/site-packages/pandas/io/parsers/readers.py", line 1403, in read_table
    return _read(filepath_or_buffer, kwds)
  File "/usr/local/lib64/python3.9/site-packages/pandas/io/parsers/readers.py", line 618, in _read
    parser = TextFileReader(filepath_or_buffer, **kwds)
  File "/usr/local/lib64/python3.9/site-packages/pandas/io/parsers/readers.py", line 1618, in __init__
    self._engine = self._make_engine(f, self.engine)
  File "/usr/local/lib64/python3.9/site-packages/pandas/io/parsers/readers.py", line 1878, in _make_engine
    self.handles = get_handle(
  File "/usr/local/lib64/python3.9/site-packages/pandas/io/common.py", line 873, in get_handle
    handle = open(
FileNotFoundError: [Errno 2] No such file or directory: '/mnt/cwdata/p/m/lcd//2025/10/2025_292_glsea.asc'
quietly pushing to husky... (0 => success)
0
0
=====================================================
============    10-20 02:05    ======================
=====================================================
no file for today... using yesterdays date
executing ./contour.py 2025 10 292
Traceback (most recent call last):
  File "/home/kessler/plot_gen/contour_glsea/./contour.py", line 22, in <module>
    lst_gl = np.matrix(pd.read_table(fin, skiprows=6, sep='\s+', header=None))
  File "/usr/local/lib64/python3.9/site-packages/pandas/io/parsers/readers.py", line 1403, in read_table
    return _read(filepath_or_buffer, kwds)
  File "/usr/local/lib64/python3.9/site-packages/pandas/io/parsers/readers.py", line 618, in _read
    parser = TextFileReader(filepath_or_buffer, **kwds)
  File "/usr/local/lib64/python3.9/site-packages/pandas/io/parsers/readers.py", line 1618, in __init__
    self._engine = self._make_engine(f, self.engine)
  File "/usr/local/lib64/python3.9/site-packages/pandas/io/parsers/readers.py", line 1878, in _make_engine
    self.handles = get_handle(
  File "/usr/local/lib64/python3.9/site-packages/pandas/io/common.py", line 873, in get_handle
    handle = open(
FileNotFoundError: [Errno 2] No such file or directory: '/mnt/cwdata/p/m/lcd//2025/10/2025_292_glsea.asc'
quietly pushing to husky... (0 => success)
0
0
=====================================================
============    10-20 03:05    ======================
=====================================================
no file for today... using yesterdays date
executing ./contour.py 2025 10 292
plotting sup...
plotting mic...
plotting hur...
plotting eri...
plotting ont...
quietly pushing to husky... (0 => success)
0
0
=====================================================
============    10-20 04:05    ======================
=====================================================
no file for today... using yesterdays date
executing ./contour.py 2025 10 292
plotting sup...
plotting mic...
plotting hur...
plotting eri...
plotting ont...
quietly pushing to husky... (0 => success)
0
0
=====================================================
============    10-20 05:05    ======================
=====================================================
no file for today... using yesterdays date
executing ./contour.py 2025 10 292
plotting sup...
plotting mic...
plotting hur...
plotting eri...
plotting ont...
quietly pushing to husky... (0 => success)
0
0
=====================================================
============    10-20 06:05    ======================
=====================================================
no file for today... using yesterdays date
executing ./contour.py 2025 10 292
plotting sup...
plotting mic...
plotting hur...
plotting eri...
plotting ont...
quietly pushing to husky... (0 => success)
0
0
=====================================================
============    10-20 07:05    ======================
=====================================================
no file for today... using yesterdays date
executing ./contour.py 2025 10 292
plotting sup...
plotting mic...
plotting hur...
plotting eri...
plotting ont...
quietly pushing to husky... (0 => success)
0
0
=====================================================
============    10-20 08:05    ======================
=====================================================
no file for today... using yesterdays date
executing ./contour.py 2025 10 292
plotting sup...
plotting mic...
plotting hur...
plotting eri...
plotting ont...
quietly pushing to husky... (0 => success)
0
0
=====================================================
============    10-20 09:05    ======================
=====================================================
no file for today... using yesterdays date
executing ./contour.py 2025 10 292
plotting sup...
plotting mic...
plotting hur...
plotting eri...
plotting ont...
quietly pushing to husky... (0 => success)
0
0
=====================================================
============    10-20 10:05    ======================
=====================================================
no file for today... using yesterdays date
executing ./contour.py 2025 10 292
plotting sup...
plotting mic...
plotting hur...
plotting eri...
plotting ont...
quietly pushing to husky... (0 => success)
0
0
=====================================================
============    10-20 11:05    ======================
=====================================================
no file for today... using yesterdays date
executing ./contour.py 2025 10 292
plotting sup...
plotting mic...
plotting hur...
plotting eri...
plotting ont...
quietly pushing to husky... (0 => success)
0
0
=====================================================
============    10-20 12:05    ======================
=====================================================
no file for today... using yesterdays date
executing ./contour.py 2025 10 292
plotting sup...
plotting mic...
plotting hur...
plotting eri...
plotting ont...
quietly pushing to husky... (0 => success)
0
0
=====================================================
============    10-20 13:05    ======================
=====================================================
no file for today... using yesterdays date
executing ./contour.py 2025 10 292
plotting sup...
plotting mic...
plotting hur...
plotting eri...
plotting ont...
quietly pushing to husky... (0 => success)
0
0
=====================================================
============    10-20 14:05    ======================
=====================================================
no file for today... using yesterdays date
executing ./contour.py 2025 10 292
plotting sup...
plotting mic...
plotting hur...
plotting eri...
plotting ont...
quietly pushing to husky... (0 => success)
0
0
=====================================================
============    10-20 15:05    ======================
=====================================================
no file for today... using yesterdays date
executing ./contour.py 2025 10 292
plotting sup...
plotting mic...
plotting hur...
plotting eri...
plotting ont...
quietly pushing to husky... (0 => success)
0
0
=====================================================
============    10-20 16:05    ======================
=====================================================
no file for today... using yesterdays date
executing ./contour.py 2025 10 292
plotting sup...
plotting mic...
plotting hur...
plotting eri...
plotting ont...
quietly pushing to husky... (0 => success)
0
0
=====================================================
============    10-20 17:05    ======================
=====================================================
no file for today... using yesterdays date
executing ./contour.py 2025 10 292
plotting sup...
plotting mic...
plotting hur...
plotting eri...
plotting ont...
quietly pushing to husky... (0 => success)
0
0
=====================================================
============    10-20 18:05    ======================
=====================================================
no file for today... using yesterdays date
executing ./contour.py 2025 10 292
plotting sup...
plotting mic...
plotting hur...
plotting eri...
plotting ont...
quietly pushing to husky... (0 => success)
0
0
=====================================================
============    10-20 19:05    ======================
=====================================================
no file for today... using yesterdays date
executing ./contour.py 2025 10 292
plotting sup...
plotting mic...
plotting hur...
plotting eri...
plotting ont...
quietly pushing to husky... (0 => success)
0
0
=====================================================
============    10-20 20:05    ======================
=====================================================
no file for today... using yesterdays date
executing ./contour.py 2025 10 292
plotting sup...
plotting mic...
plotting hur...
plotting eri...
plotting ont...
quietly pushing to husky... (0 => success)
0
0
=====================================================
============    10-20 21:05    ======================
=====================================================
no file for today... using yesterdays date
executing ./contour.py 2025 10 292
plotting sup...
plotting mic...
plotting hur...
plotting eri...
plotting ont...
quietly pushing to husky... (0 => success)
0
0
=====================================================
============    10-20 22:05    ======================
=====================================================
no file for today... using yesterdays date
executing ./contour.py 2025 10 292
plotting sup...
plotting mic...
plotting hur...
plotting eri...
plotting ont...
quietly pushing to husky... (0 => success)
0
0
=====================================================
============    10-20 23:05    ======================
=====================================================
no file for today... using yesterdays date
executing ./contour.py 2025 10 292
plotting sup...
plotting mic...
plotting hur...
plotting eri...
plotting ont...
quietly pushing to husky... (0 => success)
0
0
=====================================================
============    10-21 00:05    ======================
=====================================================
no file for today... using yesterdays date
executing ./contour.py 2025 10 293
Traceback (most recent call last):
  File "/home/kessler/plot_gen/contour_glsea/./contour.py", line 22, in <module>
    lst_gl = np.matrix(pd.read_table(fin, skiprows=6, sep='\s+', header=None))
  File "/usr/local/lib64/python3.9/site-packages/pandas/io/parsers/readers.py", line 1403, in read_table
    return _read(filepath_or_buffer, kwds)
  File "/usr/local/lib64/python3.9/site-packages/pandas/io/parsers/readers.py", line 618, in _read
    parser = TextFileReader(filepath_or_buffer, **kwds)
  File "/usr/local/lib64/python3.9/site-packages/pandas/io/parsers/readers.py", line 1618, in __init__
    self._engine = self._make_engine(f, self.engine)
  File "/usr/local/lib64/python3.9/site-packages/pandas/io/parsers/readers.py", line 1878, in _make_engine
    self.handles = get_handle(
  File "/usr/local/lib64/python3.9/site-packages/pandas/io/common.py", line 873, in get_handle
    handle = open(
FileNotFoundError: [Errno 2] No such file or directory: '/mnt/cwdata/p/m/lcd//2025/10/2025_293_glsea.asc'
quietly pushing to husky... (0 => success)
0
0
=====================================================
============    10-21 01:05    ======================
=====================================================
no file for today... using yesterdays date
executing ./contour.py 2025 10 293
Traceback (most recent call last):
  File "/home/kessler/plot_gen/contour_glsea/./contour.py", line 22, in <module>
    lst_gl = np.matrix(pd.read_table(fin, skiprows=6, sep='\s+', header=None))
  File "/usr/local/lib64/python3.9/site-packages/pandas/io/parsers/readers.py", line 1403, in read_table
    return _read(filepath_or_buffer, kwds)
  File "/usr/local/lib64/python3.9/site-packages/pandas/io/parsers/readers.py", line 618, in _read
    parser = TextFileReader(filepath_or_buffer, **kwds)
  File "/usr/local/lib64/python3.9/site-packages/pandas/io/parsers/readers.py", line 1618, in __init__
    self._engine = self._make_engine(f, self.engine)
  File "/usr/local/lib64/python3.9/site-packages/pandas/io/parsers/readers.py", line 1878, in _make_engine
    self.handles = get_handle(
  File "/usr/local/lib64/python3.9/site-packages/pandas/io/common.py", line 873, in get_handle
    handle = open(
FileNotFoundError: [Errno 2] No such file or directory: '/mnt/cwdata/p/m/lcd//2025/10/2025_293_glsea.asc'
quietly pushing to husky... (0 => success)
0
0
=====================================================
============    10-21 02:05    ======================
=====================================================
no file for today... using yesterdays date
executing ./contour.py 2025 10 293
Traceback (most recent call last):
  File "/home/kessler/plot_gen/contour_glsea/./contour.py", line 22, in <module>
    lst_gl = np.matrix(pd.read_table(fin, skiprows=6, sep='\s+', header=None))
  File "/usr/local/lib64/python3.9/site-packages/pandas/io/parsers/readers.py", line 1403, in read_table
    return _read(filepath_or_buffer, kwds)
  File "/usr/local/lib64/python3.9/site-packages/pandas/io/parsers/readers.py", line 618, in _read
    parser = TextFileReader(filepath_or_buffer, **kwds)
  File "/usr/local/lib64/python3.9/site-packages/pandas/io/parsers/readers.py", line 1618, in __init__
    self._engine = self._make_engine(f, self.engine)
  File "/usr/local/lib64/python3.9/site-packages/pandas/io/parsers/readers.py", line 1878, in _make_engine
    self.handles = get_handle(
  File "/usr/local/lib64/python3.9/site-packages/pandas/io/common.py", line 873, in get_handle
    handle = open(
FileNotFoundError: [Errno 2] No such file or directory: '/mnt/cwdata/p/m/lcd//2025/10/2025_293_glsea.asc'
quietly pushing to husky... (0 => success)
0
0
=====================================================
============    10-21 03:05    ======================
=====================================================
no file for today... using yesterdays date
executing ./contour.py 2025 10 293
plotting sup...
plotting mic...
plotting hur...
plotting eri...
plotting ont...
quietly pushing to husky... (0 => success)
0
0
=====================================================
============    10-21 04:05    ======================
=====================================================
no file for today... using yesterdays date
executing ./contour.py 2025 10 293
plotting sup...
plotting mic...
plotting hur...
plotting eri...
plotting ont...
quietly pushing to husky... (0 => success)
0
0
=====================================================
============    10-21 05:05    ======================
=====================================================
no file for today... using yesterdays date
executing ./contour.py 2025 10 293
plotting sup...
plotting mic...
plotting hur...
plotting eri...
plotting ont...
quietly pushing to husky... (0 => success)
0
0
=====================================================
============    10-21 06:05    ======================
=====================================================
no file for today... using yesterdays date
executing ./contour.py 2025 10 293
plotting sup...
plotting mic...
plotting hur...
plotting eri...
plotting ont...
quietly pushing to husky... (0 => success)
0
0
=====================================================
============    10-21 07:05    ======================
=====================================================
no file for today... using yesterdays date
executing ./contour.py 2025 10 293
plotting sup...
plotting mic...
plotting hur...
plotting eri...
plotting ont...
quietly pushing to husky... (0 => success)
0
0
=====================================================
============    10-21 08:05    ======================
=====================================================
no file for today... using yesterdays date
executing ./contour.py 2025 10 293
plotting sup...
plotting mic...
plotting hur...
plotting eri...
plotting ont...
quietly pushing to husky... (0 => success)
0
0
=====================================================
============    10-21 09:05    ======================
=====================================================
no file for today... using yesterdays date
executing ./contour.py 2025 10 293
plotting sup...
plotting mic...
plotting hur...
plotting eri...
plotting ont...
quietly pushing to husky... (0 => success)
0
0
=====================================================
============    10-21 10:05    ======================
=====================================================
no file for today... using yesterdays date
executing ./contour.py 2025 10 293
plotting sup...
plotting mic...
plotting hur...
plotting eri...
plotting ont...
quietly pushing to husky... (0 => success)
0
0
=====================================================
============    10-21 11:05    ======================
=====================================================
no file for today... using yesterdays date
executing ./contour.py 2025 10 293
plotting sup...
plotting mic...
plotting hur...
plotting eri...
plotting ont...
quietly pushing to husky... (0 => success)
0
0
=====================================================
============    10-21 12:05    ======================
=====================================================
no file for today... using yesterdays date
executing ./contour.py 2025 10 293
plotting sup...
plotting mic...
plotting hur...
plotting eri...
plotting ont...
quietly pushing to husky... (0 => success)
0
0
=====================================================
============    10-21 13:05    ======================
=====================================================
no file for today... using yesterdays date
executing ./contour.py 2025 10 293
plotting sup...
plotting mic...
plotting hur...
plotting eri...
plotting ont...
quietly pushing to husky... (0 => success)
0
0
=====================================================
============    10-21 14:05    ======================
=====================================================
no file for today... using yesterdays date
executing ./contour.py 2025 10 293
plotting sup...
plotting mic...
plotting hur...
plotting eri...
plotting ont...
quietly pushing to husky... (0 => success)
0
0
=====================================================
============    10-21 15:05    ======================
=====================================================
no file for today... using yesterdays date
executing ./contour.py 2025 10 293
plotting sup...
plotting mic...
plotting hur...
plotting eri...
plotting ont...
quietly pushing to husky... (0 => success)
0
0
=====================================================
============    10-21 16:05    ======================
=====================================================
no file for today... using yesterdays date
executing ./contour.py 2025 10 293
plotting sup...
plotting mic...
plotting hur...
plotting eri...
plotting ont...
quietly pushing to husky... (0 => success)
0
0
=====================================================
============    10-21 17:05    ======================
=====================================================
no file for today... using yesterdays date
executing ./contour.py 2025 10 293
plotting sup...
plotting mic...
plotting hur...
plotting eri...
plotting ont...
quietly pushing to husky... (0 => success)
0
0
=====================================================
============    10-21 18:05    ======================
=====================================================
no file for today... using yesterdays date
executing ./contour.py 2025 10 293
plotting sup...
plotting mic...
plotting hur...
plotting eri...
plotting ont...
quietly pushing to husky... (0 => success)
0
0
=====================================================
============    10-21 19:05    ======================
=====================================================
no file for today... using yesterdays date
executing ./contour.py 2025 10 293
plotting sup...
plotting mic...
plotting hur...
plotting eri...
plotting ont...
quietly pushing to husky... (0 => success)
0
0
=====================================================
============    10-21 20:05    ======================
=====================================================
no file for today... using yesterdays date
executing ./contour.py 2025 10 293
plotting sup...
plotting mic...
plotting hur...
plotting eri...
plotting ont...
quietly pushing to husky... (0 => success)
0
0
=====================================================
============    10-21 21:05    ======================
=====================================================
no file for today... using yesterdays date
executing ./contour.py 2025 10 293
plotting sup...
plotting mic...
plotting hur...
plotting eri...
plotting ont...
quietly pushing to husky... (0 => success)
0
0
=====================================================
============    10-21 22:05    ======================
=====================================================
no file for today... using yesterdays date
executing ./contour.py 2025 10 293
plotting sup...
plotting mic...
plotting hur...
plotting eri...
plotting ont...
quietly pushing to husky... (0 => success)
0
0
=====================================================
============    10-21 23:05    ======================
=====================================================
no file for today... using yesterdays date
executing ./contour.py 2025 10 293
plotting sup...
plotting mic...
plotting hur...
plotting eri...
plotting ont...
quietly pushing to husky... (0 => success)
0
0
=====================================================
============    10-22 00:05    ======================
=====================================================
no file for today... using yesterdays date
executing ./contour.py 2025 10 294
Traceback (most recent call last):
  File "/home/kessler/plot_gen/contour_glsea/./contour.py", line 22, in <module>
    lst_gl = np.matrix(pd.read_table(fin, skiprows=6, sep='\s+', header=None))
  File "/usr/local/lib64/python3.9/site-packages/pandas/io/parsers/readers.py", line 1403, in read_table
    return _read(filepath_or_buffer, kwds)
  File "/usr/local/lib64/python3.9/site-packages/pandas/io/parsers/readers.py", line 618, in _read
    parser = TextFileReader(filepath_or_buffer, **kwds)
  File "/usr/local/lib64/python3.9/site-packages/pandas/io/parsers/readers.py", line 1618, in __init__
    self._engine = self._make_engine(f, self.engine)
  File "/usr/local/lib64/python3.9/site-packages/pandas/io/parsers/readers.py", line 1878, in _make_engine
    self.handles = get_handle(
  File "/usr/local/lib64/python3.9/site-packages/pandas/io/common.py", line 873, in get_handle
    handle = open(
FileNotFoundError: [Errno 2] No such file or directory: '/mnt/cwdata/p/m/lcd//2025/10/2025_294_glsea.asc'
quietly pushing to husky... (0 => success)
0
0
=====================================================
============    10-22 01:05    ======================
=====================================================
no file for today... using yesterdays date
executing ./contour.py 2025 10 294
Traceback (most recent call last):
  File "/home/kessler/plot_gen/contour_glsea/./contour.py", line 22, in <module>
    lst_gl = np.matrix(pd.read_table(fin, skiprows=6, sep='\s+', header=None))
  File "/usr/local/lib64/python3.9/site-packages/pandas/io/parsers/readers.py", line 1403, in read_table
    return _read(filepath_or_buffer, kwds)
  File "/usr/local/lib64/python3.9/site-packages/pandas/io/parsers/readers.py", line 618, in _read
    parser = TextFileReader(filepath_or_buffer, **kwds)
  File "/usr/local/lib64/python3.9/site-packages/pandas/io/parsers/readers.py", line 1618, in __init__
    self._engine = self._make_engine(f, self.engine)
  File "/usr/local/lib64/python3.9/site-packages/pandas/io/parsers/readers.py", line 1878, in _make_engine
    self.handles = get_handle(
  File "/usr/local/lib64/python3.9/site-packages/pandas/io/common.py", line 873, in get_handle
    handle = open(
FileNotFoundError: [Errno 2] No such file or directory: '/mnt/cwdata/p/m/lcd//2025/10/2025_294_glsea.asc'
quietly pushing to husky... (0 => success)
0
0
=====================================================
============    10-22 02:05    ======================
=====================================================
no file for today... using yesterdays date
executing ./contour.py 2025 10 294
Traceback (most recent call last):
  File "/home/kessler/plot_gen/contour_glsea/./contour.py", line 22, in <module>
    lst_gl = np.matrix(pd.read_table(fin, skiprows=6, sep='\s+', header=None))
  File "/usr/local/lib64/python3.9/site-packages/pandas/io/parsers/readers.py", line 1403, in read_table
    return _read(filepath_or_buffer, kwds)
  File "/usr/local/lib64/python3.9/site-packages/pandas/io/parsers/readers.py", line 618, in _read
    parser = TextFileReader(filepath_or_buffer, **kwds)
  File "/usr/local/lib64/python3.9/site-packages/pandas/io/parsers/readers.py", line 1618, in __init__
    self._engine = self._make_engine(f, self.engine)
  File "/usr/local/lib64/python3.9/site-packages/pandas/io/parsers/readers.py", line 1878, in _make_engine
    self.handles = get_handle(
  File "/usr/local/lib64/python3.9/site-packages/pandas/io/common.py", line 873, in get_handle
    handle = open(
FileNotFoundError: [Errno 2] No such file or directory: '/mnt/cwdata/p/m/lcd//2025/10/2025_294_glsea.asc'
quietly pushing to husky... (0 => success)
0
0
=====================================================
============    10-22 03:05    ======================
=====================================================
no file for today... using yesterdays date
executing ./contour.py 2025 10 294
plotting sup...
plotting mic...
plotting hur...
plotting eri...
plotting ont...
quietly pushing to husky... (0 => success)
0
0
=====================================================
============    10-22 04:05    ======================
=====================================================
no file for today... using yesterdays date
executing ./contour.py 2025 10 294
plotting sup...
plotting mic...
plotting hur...
plotting eri...
plotting ont...
quietly pushing to husky... (0 => success)
0
0
=====================================================
============    10-22 05:05    ======================
=====================================================
no file for today... using yesterdays date
executing ./contour.py 2025 10 294
plotting sup...
plotting mic...
plotting hur...
plotting eri...
plotting ont...
quietly pushing to husky... (0 => success)
0
0
=====================================================
============    10-22 06:05    ======================
=====================================================
no file for today... using yesterdays date
executing ./contour.py 2025 10 294
plotting sup...
plotting mic...
plotting hur...
plotting eri...
plotting ont...
quietly pushing to husky... (0 => success)
0
0
=====================================================
============    10-22 07:05    ======================
=====================================================
no file for today... using yesterdays date
executing ./contour.py 2025 10 294
plotting sup...
plotting mic...
plotting hur...
plotting eri...
plotting ont...
quietly pushing to husky... (0 => success)
0
0
=====================================================
============    10-22 08:05    ======================
=====================================================
no file for today... using yesterdays date
executing ./contour.py 2025 10 294
plotting sup...
plotting mic...
plotting hur...
plotting eri...
plotting ont...
quietly pushing to husky... (0 => success)
0
0
=====================================================
============    10-22 09:05    ======================
=====================================================
no file for today... using yesterdays date
executing ./contour.py 2025 10 294
plotting sup...
plotting mic...
plotting hur...
plotting eri...
plotting ont...
quietly pushing to husky... (0 => success)
0
0
=====================================================
============    10-22 10:05    ======================
=====================================================
no file for today... using yesterdays date
executing ./contour.py 2025 10 294
plotting sup...
plotting mic...
plotting hur...
plotting eri...
plotting ont...
quietly pushing to husky... (0 => success)
0
0
=====================================================
============    10-22 11:05    ======================
=====================================================
no file for today... using yesterdays date
executing ./contour.py 2025 10 294
plotting sup...
plotting mic...
plotting hur...
plotting eri...
plotting ont...
quietly pushing to husky... (0 => success)
0
0
=====================================================
============    10-22 12:05    ======================
=====================================================
no file for today... using yesterdays date
executing ./contour.py 2025 10 294
plotting sup...
plotting mic...
plotting hur...
plotting eri...
plotting ont...
quietly pushing to husky... (0 => success)
0
0
=====================================================
============    10-22 13:05    ======================
=====================================================
no file for today... using yesterdays date
executing ./contour.py 2025 10 294
plotting sup...
plotting mic...
plotting hur...
plotting eri...
plotting ont...
quietly pushing to husky... (0 => success)
0
0
=====================================================
============    10-22 14:05    ======================
=====================================================
no file for today... using yesterdays date
executing ./contour.py 2025 10 294
plotting sup...
plotting mic...
plotting hur...
plotting eri...
plotting ont...
quietly pushing to husky... (0 => success)
0
0
=====================================================
============    10-22 15:05    ======================
=====================================================
no file for today... using yesterdays date
executing ./contour.py 2025 10 294
plotting sup...
plotting mic...
plotting hur...
plotting eri...
plotting ont...
quietly pushing to husky... (0 => success)
0
0
=====================================================
============    10-22 16:05    ======================
=====================================================
no file for today... using yesterdays date
executing ./contour.py 2025 10 294
plotting sup...
plotting mic...
plotting hur...
plotting eri...
plotting ont...
quietly pushing to husky... (0 => success)
0
0
=====================================================
============    10-22 17:05    ======================
=====================================================
no file for today... using yesterdays date
executing ./contour.py 2025 10 294
plotting sup...
plotting mic...
plotting hur...
plotting eri...
plotting ont...
quietly pushing to husky... (0 => success)
0
0
=====================================================
============    10-22 18:05    ======================
=====================================================
no file for today... using yesterdays date
executing ./contour.py 2025 10 294
plotting sup...
plotting mic...
plotting hur...
plotting eri...
plotting ont...
quietly pushing to husky... (0 => success)
0
0
=====================================================
============    10-22 19:05    ======================
=====================================================
no file for today... using yesterdays date
executing ./contour.py 2025 10 294
plotting sup...
plotting mic...
plotting hur...
plotting eri...
plotting ont...
quietly pushing to husky... (0 => success)
0
0
=====================================================
============    10-22 20:05    ======================
=====================================================
no file for today... using yesterdays date
executing ./contour.py 2025 10 294
plotting sup...
plotting mic...
plotting hur...
plotting eri...
plotting ont...
quietly pushing to husky... (0 => success)
0
0
=====================================================
============    10-22 21:05    ======================
=====================================================
no file for today... using yesterdays date
executing ./contour.py 2025 10 294
plotting sup...
plotting mic...
plotting hur...
plotting eri...
plotting ont...
quietly pushing to husky... (0 => success)
0
0
=====================================================
============    10-22 22:05    ======================
=====================================================
no file for today... using yesterdays date
executing ./contour.py 2025 10 294
plotting sup...
plotting mic...
plotting hur...
plotting eri...
plotting ont...
quietly pushing to husky... (0 => success)
0
0
=====================================================
============    10-22 23:05    ======================
=====================================================
no file for today... using yesterdays date
executing ./contour.py 2025 10 294
plotting sup...
plotting mic...
plotting hur...
plotting eri...
plotting ont...
quietly pushing to husky... (0 => success)
0
0
=====================================================
============    10-23 00:05    ======================
=====================================================
no file for today... using yesterdays date
executing ./contour.py 2025 10 295
Traceback (most recent call last):
  File "/home/kessler/plot_gen/contour_glsea/./contour.py", line 22, in <module>
    lst_gl = np.matrix(pd.read_table(fin, skiprows=6, sep='\s+', header=None))
  File "/usr/local/lib64/python3.9/site-packages/pandas/io/parsers/readers.py", line 1403, in read_table
    return _read(filepath_or_buffer, kwds)
  File "/usr/local/lib64/python3.9/site-packages/pandas/io/parsers/readers.py", line 618, in _read
    parser = TextFileReader(filepath_or_buffer, **kwds)
  File "/usr/local/lib64/python3.9/site-packages/pandas/io/parsers/readers.py", line 1618, in __init__
    self._engine = self._make_engine(f, self.engine)
  File "/usr/local/lib64/python3.9/site-packages/pandas/io/parsers/readers.py", line 1878, in _make_engine
    self.handles = get_handle(
  File "/usr/local/lib64/python3.9/site-packages/pandas/io/common.py", line 873, in get_handle
    handle = open(
FileNotFoundError: [Errno 2] No such file or directory: '/mnt/cwdata/p/m/lcd//2025/10/2025_295_glsea.asc'
quietly pushing to husky... (0 => success)
0
0
=====================================================
============    10-23 01:05    ======================
=====================================================
no file for today... using yesterdays date
executing ./contour.py 2025 10 295
Traceback (most recent call last):
  File "/home/kessler/plot_gen/contour_glsea/./contour.py", line 22, in <module>
    lst_gl = np.matrix(pd.read_table(fin, skiprows=6, sep='\s+', header=None))
  File "/usr/local/lib64/python3.9/site-packages/pandas/io/parsers/readers.py", line 1403, in read_table
    return _read(filepath_or_buffer, kwds)
  File "/usr/local/lib64/python3.9/site-packages/pandas/io/parsers/readers.py", line 618, in _read
    parser = TextFileReader(filepath_or_buffer, **kwds)
  File "/usr/local/lib64/python3.9/site-packages/pandas/io/parsers/readers.py", line 1618, in __init__
    self._engine = self._make_engine(f, self.engine)
  File "/usr/local/lib64/python3.9/site-packages/pandas/io/parsers/readers.py", line 1878, in _make_engine
    self.handles = get_handle(
  File "/usr/local/lib64/python3.9/site-packages/pandas/io/common.py", line 873, in get_handle
    handle = open(
FileNotFoundError: [Errno 2] No such file or directory: '/mnt/cwdata/p/m/lcd//2025/10/2025_295_glsea.asc'
quietly pushing to husky... (0 => success)
0
0
=====================================================
============    10-23 02:05    ======================
=====================================================
no file for today... using yesterdays date
executing ./contour.py 2025 10 295
Traceback (most recent call last):
  File "/home/kessler/plot_gen/contour_glsea/./contour.py", line 22, in <module>
    lst_gl = np.matrix(pd.read_table(fin, skiprows=6, sep='\s+', header=None))
  File "/usr/local/lib64/python3.9/site-packages/pandas/io/parsers/readers.py", line 1403, in read_table
    return _read(filepath_or_buffer, kwds)
  File "/usr/local/lib64/python3.9/site-packages/pandas/io/parsers/readers.py", line 618, in _read
    parser = TextFileReader(filepath_or_buffer, **kwds)
  File "/usr/local/lib64/python3.9/site-packages/pandas/io/parsers/readers.py", line 1618, in __init__
    self._engine = self._make_engine(f, self.engine)
  File "/usr/local/lib64/python3.9/site-packages/pandas/io/parsers/readers.py", line 1878, in _make_engine
    self.handles = get_handle(
  File "/usr/local/lib64/python3.9/site-packages/pandas/io/common.py", line 873, in get_handle
    handle = open(
FileNotFoundError: [Errno 2] No such file or directory: '/mnt/cwdata/p/m/lcd//2025/10/2025_295_glsea.asc'
quietly pushing to husky... (0 => success)
0
0
=====================================================
============    10-23 03:05    ======================
=====================================================
no file for today... using yesterdays date
executing ./contour.py 2025 10 295
plotting sup...
plotting mic...
plotting hur...
plotting eri...
plotting ont...
quietly pushing to husky... (0 => success)
0
0
=====================================================
============    10-23 04:05    ======================
=====================================================
no file for today... using yesterdays date
executing ./contour.py 2025 10 295
plotting sup...
plotting mic...
plotting hur...
plotting eri...
plotting ont...
quietly pushing to husky... (0 => success)
0
0
=====================================================
============    10-23 05:05    ======================
=====================================================
no file for today... using yesterdays date
executing ./contour.py 2025 10 295
plotting sup...
plotting mic...
plotting hur...
plotting eri...
plotting ont...
quietly pushing to husky... (0 => success)
0
0
=====================================================
============    10-23 06:05    ======================
=====================================================
no file for today... using yesterdays date
executing ./contour.py 2025 10 295
plotting sup...
plotting mic...
plotting hur...
plotting eri...
plotting ont...
quietly pushing to husky... (0 => success)
0
0
=====================================================
============    10-23 07:05    ======================
=====================================================
no file for today... using yesterdays date
executing ./contour.py 2025 10 295
plotting sup...
plotting mic...
plotting hur...
plotting eri...
plotting ont...
quietly pushing to husky... (0 => success)
0
0
=====================================================
============    10-23 08:05    ======================
=====================================================
no file for today... using yesterdays date
executing ./contour.py 2025 10 295
plotting sup...
plotting mic...
plotting hur...
plotting eri...
plotting ont...
quietly pushing to husky... (0 => success)
0
0
=====================================================
============    10-23 09:05    ======================
=====================================================
no file for today... using yesterdays date
executing ./contour.py 2025 10 295
plotting sup...
plotting mic...
plotting hur...
plotting eri...
plotting ont...
quietly pushing to husky... (0 => success)
0
0
=====================================================
============    10-23 10:05    ======================
=====================================================
no file for today... using yesterdays date
executing ./contour.py 2025 10 295
plotting sup...
plotting mic...
plotting hur...
plotting eri...
plotting ont...
quietly pushing to husky... (0 => success)
0
0
=====================================================
============    10-23 11:05    ======================
=====================================================
no file for today... using yesterdays date
executing ./contour.py 2025 10 295
plotting sup...
plotting mic...
plotting hur...
plotting eri...
plotting ont...
quietly pushing to husky... (0 => success)
0
0
=====================================================
============    10-23 12:05    ======================
=====================================================
no file for today... using yesterdays date
executing ./contour.py 2025 10 295
plotting sup...
plotting mic...
plotting hur...
plotting eri...
plotting ont...
quietly pushing to husky... (0 => success)
0
0
=====================================================
============    10-23 13:05    ======================
=====================================================
no file for today... using yesterdays date
executing ./contour.py 2025 10 295
plotting sup...
plotting mic...
plotting hur...
plotting eri...
plotting ont...
quietly pushing to husky... (0 => success)
0
0
=====================================================
============    10-23 14:05    ======================
=====================================================
no file for today... using yesterdays date
executing ./contour.py 2025 10 295
plotting sup...
plotting mic...
plotting hur...
plotting eri...
plotting ont...
quietly pushing to husky... (0 => success)
0
0
=====================================================
============    10-23 15:05    ======================
=====================================================
no file for today... using yesterdays date
executing ./contour.py 2025 10 295
plotting sup...
plotting mic...
plotting hur...
plotting eri...
plotting ont...
quietly pushing to husky... (0 => success)
0
0
=====================================================
============    10-23 16:05    ======================
=====================================================
no file for today... using yesterdays date
executing ./contour.py 2025 10 295
plotting sup...
plotting mic...
plotting hur...
plotting eri...
plotting ont...
quietly pushing to husky... (0 => success)
0
0
=====================================================
============    10-23 17:05    ======================
=====================================================
no file for today... using yesterdays date
executing ./contour.py 2025 10 295
plotting sup...
plotting mic...
plotting hur...
plotting eri...
plotting ont...
quietly pushing to husky... (0 => success)
0
0
=====================================================
============    10-23 18:05    ======================
=====================================================
no file for today... using yesterdays date
executing ./contour.py 2025 10 295
plotting sup...
plotting mic...
plotting hur...
plotting eri...
plotting ont...
quietly pushing to husky... (0 => success)
0
0
=====================================================
============    10-23 19:05    ======================
=====================================================
no file for today... using yesterdays date
executing ./contour.py 2025 10 295
plotting sup...
plotting mic...
plotting hur...
plotting eri...
plotting ont...
quietly pushing to husky... (0 => success)
0
0
=====================================================
============    10-23 20:05    ======================
=====================================================
no file for today... using yesterdays date
executing ./contour.py 2025 10 295
plotting sup...
plotting mic...
plotting hur...
plotting eri...
plotting ont...
quietly pushing to husky... (0 => success)
0
0
=====================================================
============    10-23 21:05    ======================
=====================================================
no file for today... using yesterdays date
executing ./contour.py 2025 10 295
plotting sup...
plotting mic...
plotting hur...
plotting eri...
plotting ont...
quietly pushing to husky... (0 => success)
0
0
=====================================================
============    10-23 22:05    ======================
=====================================================
no file for today... using yesterdays date
executing ./contour.py 2025 10 295
plotting sup...
plotting mic...
plotting hur...
plotting eri...
plotting ont...
quietly pushing to husky... (0 => success)
0
0
=====================================================
============    10-23 23:05    ======================
=====================================================
no file for today... using yesterdays date
executing ./contour.py 2025 10 295
plotting sup...
plotting mic...
plotting hur...
plotting eri...
plotting ont...
quietly pushing to husky... (0 => success)
0
0
=====================================================
============    10-24 00:05    ======================
=====================================================
no file for today... using yesterdays date
executing ./contour.py 2025 10 296
Traceback (most recent call last):
  File "/home/kessler/plot_gen/contour_glsea/./contour.py", line 22, in <module>
    lst_gl = np.matrix(pd.read_table(fin, skiprows=6, sep='\s+', header=None))
  File "/usr/local/lib64/python3.9/site-packages/pandas/io/parsers/readers.py", line 1403, in read_table
    return _read(filepath_or_buffer, kwds)
  File "/usr/local/lib64/python3.9/site-packages/pandas/io/parsers/readers.py", line 618, in _read
    parser = TextFileReader(filepath_or_buffer, **kwds)
  File "/usr/local/lib64/python3.9/site-packages/pandas/io/parsers/readers.py", line 1618, in __init__
    self._engine = self._make_engine(f, self.engine)
  File "/usr/local/lib64/python3.9/site-packages/pandas/io/parsers/readers.py", line 1878, in _make_engine
    self.handles = get_handle(
  File "/usr/local/lib64/python3.9/site-packages/pandas/io/common.py", line 873, in get_handle
    handle = open(
FileNotFoundError: [Errno 2] No such file or directory: '/mnt/cwdata/p/m/lcd//2025/10/2025_296_glsea.asc'
quietly pushing to husky... (0 => success)
0
0
=====================================================
============    10-24 01:05    ======================
=====================================================
no file for today... using yesterdays date
executing ./contour.py 2025 10 296
Traceback (most recent call last):
  File "/home/kessler/plot_gen/contour_glsea/./contour.py", line 22, in <module>
    lst_gl = np.matrix(pd.read_table(fin, skiprows=6, sep='\s+', header=None))
  File "/usr/local/lib64/python3.9/site-packages/pandas/io/parsers/readers.py", line 1403, in read_table
    return _read(filepath_or_buffer, kwds)
  File "/usr/local/lib64/python3.9/site-packages/pandas/io/parsers/readers.py", line 618, in _read
    parser = TextFileReader(filepath_or_buffer, **kwds)
  File "/usr/local/lib64/python3.9/site-packages/pandas/io/parsers/readers.py", line 1618, in __init__
    self._engine = self._make_engine(f, self.engine)
  File "/usr/local/lib64/python3.9/site-packages/pandas/io/parsers/readers.py", line 1878, in _make_engine
    self.handles = get_handle(
  File "/usr/local/lib64/python3.9/site-packages/pandas/io/common.py", line 873, in get_handle
    handle = open(
FileNotFoundError: [Errno 2] No such file or directory: '/mnt/cwdata/p/m/lcd//2025/10/2025_296_glsea.asc'
quietly pushing to husky... (0 => success)
0
0
=====================================================
============    10-24 02:05    ======================
=====================================================
no file for today... using yesterdays date
executing ./contour.py 2025 10 296
Traceback (most recent call last):
  File "/home/kessler/plot_gen/contour_glsea/./contour.py", line 22, in <module>
    lst_gl = np.matrix(pd.read_table(fin, skiprows=6, sep='\s+', header=None))
  File "/usr/local/lib64/python3.9/site-packages/pandas/io/parsers/readers.py", line 1403, in read_table
    return _read(filepath_or_buffer, kwds)
  File "/usr/local/lib64/python3.9/site-packages/pandas/io/parsers/readers.py", line 618, in _read
    parser = TextFileReader(filepath_or_buffer, **kwds)
  File "/usr/local/lib64/python3.9/site-packages/pandas/io/parsers/readers.py", line 1618, in __init__
    self._engine = self._make_engine(f, self.engine)
  File "/usr/local/lib64/python3.9/site-packages/pandas/io/parsers/readers.py", line 1878, in _make_engine
    self.handles = get_handle(
  File "/usr/local/lib64/python3.9/site-packages/pandas/io/common.py", line 873, in get_handle
    handle = open(
FileNotFoundError: [Errno 2] No such file or directory: '/mnt/cwdata/p/m/lcd//2025/10/2025_296_glsea.asc'
quietly pushing to husky... (0 => success)
0
0
=====================================================
============    10-24 03:05    ======================
=====================================================
no file for today... using yesterdays date
executing ./contour.py 2025 10 296
plotting sup...
plotting mic...
plotting hur...
plotting eri...
plotting ont...
quietly pushing to husky... (0 => success)
0
0
=====================================================
============    10-24 04:05    ======================
=====================================================
no file for today... using yesterdays date
executing ./contour.py 2025 10 296
plotting sup...
plotting mic...
plotting hur...
plotting eri...
plotting ont...
quietly pushing to husky... (0 => success)
0
0
=====================================================
============    10-24 05:05    ======================
=====================================================
no file for today... using yesterdays date
executing ./contour.py 2025 10 296
plotting sup...
plotting mic...
plotting hur...
plotting eri...
plotting ont...
quietly pushing to husky... (0 => success)
0
0
=====================================================
============    10-24 06:05    ======================
=====================================================
no file for today... using yesterdays date
executing ./contour.py 2025 10 296
plotting sup...
plotting mic...
plotting hur...
plotting eri...
plotting ont...
quietly pushing to husky... (0 => success)
0
0
=====================================================
============    10-24 07:05    ======================
=====================================================
no file for today... using yesterdays date
executing ./contour.py 2025 10 296
plotting sup...
plotting mic...
plotting hur...
plotting eri...
plotting ont...
quietly pushing to husky... (0 => success)
0
0
=====================================================
============    10-24 08:05    ======================
=====================================================
no file for today... using yesterdays date
executing ./contour.py 2025 10 296
plotting sup...
plotting mic...
plotting hur...
plotting eri...
plotting ont...
quietly pushing to husky... (0 => success)
0
0
=====================================================
============    10-24 09:05    ======================
=====================================================
no file for today... using yesterdays date
executing ./contour.py 2025 10 296
plotting sup...
plotting mic...
plotting hur...
plotting eri...
plotting ont...
quietly pushing to husky... (0 => success)
0
0
=====================================================
============    10-24 10:05    ======================
=====================================================
no file for today... using yesterdays date
executing ./contour.py 2025 10 296
plotting sup...
plotting mic...
plotting hur...
plotting eri...
plotting ont...
quietly pushing to husky... (0 => success)
0
0
=====================================================
============    10-24 11:05    ======================
=====================================================
no file for today... using yesterdays date
executing ./contour.py 2025 10 296
plotting sup...
plotting mic...
plotting hur...
plotting eri...
plotting ont...
quietly pushing to husky... (0 => success)
0
0
=====================================================
============    10-24 12:05    ======================
=====================================================
no file for today... using yesterdays date
executing ./contour.py 2025 10 296
plotting sup...
plotting mic...
plotting hur...
plotting eri...
plotting ont...
quietly pushing to husky... (0 => success)
0
0
=====================================================
============    10-24 13:05    ======================
=====================================================
no file for today... using yesterdays date
executing ./contour.py 2025 10 296
plotting sup...
plotting mic...
plotting hur...
plotting eri...
plotting ont...
quietly pushing to husky... (0 => success)
0
0
=====================================================
============    10-24 14:05    ======================
=====================================================
no file for today... using yesterdays date
executing ./contour.py 2025 10 296
plotting sup...
plotting mic...
plotting hur...
plotting eri...
plotting ont...
quietly pushing to husky... (0 => success)
0
0
=====================================================
============    10-24 15:05    ======================
=====================================================
no file for today... using yesterdays date
executing ./contour.py 2025 10 296
plotting sup...
plotting mic...
plotting hur...
plotting eri...
plotting ont...
quietly pushing to husky... (0 => success)
0
0
=====================================================
============    10-24 16:05    ======================
=====================================================
no file for today... using yesterdays date
executing ./contour.py 2025 10 296
plotting sup...
plotting mic...
plotting hur...
plotting eri...
plotting ont...
quietly pushing to husky... (0 => success)
0
0
=====================================================
============    10-24 17:05    ======================
=====================================================
no file for today... using yesterdays date
executing ./contour.py 2025 10 296
plotting sup...
plotting mic...
plotting hur...
plotting eri...
plotting ont...
quietly pushing to husky... (0 => success)
0
0
=====================================================
============    10-24 18:05    ======================
=====================================================
no file for today... using yesterdays date
executing ./contour.py 2025 10 296
plotting sup...
plotting mic...
plotting hur...
plotting eri...
plotting ont...
quietly pushing to husky... (0 => success)
0
0
=====================================================
============    10-24 19:05    ======================
=====================================================
no file for today... using yesterdays date
executing ./contour.py 2025 10 296
plotting sup...
plotting mic...
plotting hur...
plotting eri...
plotting ont...
quietly pushing to husky... (0 => success)
0
0
=====================================================
============    10-24 20:05    ======================
=====================================================
no file for today... using yesterdays date
executing ./contour.py 2025 10 296
plotting sup...
plotting mic...
plotting hur...
plotting eri...
plotting ont...
quietly pushing to husky... (0 => success)
0
0
=====================================================
============    10-24 21:05    ======================
=====================================================
no file for today... using yesterdays date
executing ./contour.py 2025 10 296
plotting sup...
plotting mic...
plotting hur...
plotting eri...
plotting ont...
quietly pushing to husky... (0 => success)
0
0
=====================================================
============    10-24 22:05    ======================
=====================================================
no file for today... using yesterdays date
executing ./contour.py 2025 10 296
plotting sup...
plotting mic...
plotting hur...
plotting eri...
plotting ont...
quietly pushing to husky... (0 => success)
0
0
=====================================================
============    10-24 23:05    ======================
=====================================================
no file for today... using yesterdays date
executing ./contour.py 2025 10 296
plotting sup...
plotting mic...
plotting hur...
plotting eri...
plotting ont...
quietly pushing to husky... (0 => success)
0
0
=====================================================
============    10-25 00:05    ======================
=====================================================
no file for today... using yesterdays date
executing ./contour.py 2025 10 297
Traceback (most recent call last):
  File "/home/kessler/plot_gen/contour_glsea/./contour.py", line 22, in <module>
    lst_gl = np.matrix(pd.read_table(fin, skiprows=6, sep='\s+', header=None))
  File "/usr/local/lib64/python3.9/site-packages/pandas/io/parsers/readers.py", line 1403, in read_table
    return _read(filepath_or_buffer, kwds)
  File "/usr/local/lib64/python3.9/site-packages/pandas/io/parsers/readers.py", line 618, in _read
    parser = TextFileReader(filepath_or_buffer, **kwds)
  File "/usr/local/lib64/python3.9/site-packages/pandas/io/parsers/readers.py", line 1618, in __init__
    self._engine = self._make_engine(f, self.engine)
  File "/usr/local/lib64/python3.9/site-packages/pandas/io/parsers/readers.py", line 1878, in _make_engine
    self.handles = get_handle(
  File "/usr/local/lib64/python3.9/site-packages/pandas/io/common.py", line 873, in get_handle
    handle = open(
FileNotFoundError: [Errno 2] No such file or directory: '/mnt/cwdata/p/m/lcd//2025/10/2025_297_glsea.asc'
quietly pushing to husky... (0 => success)
0
0
=====================================================
============    10-25 01:05    ======================
=====================================================
no file for today... using yesterdays date
executing ./contour.py 2025 10 297
Traceback (most recent call last):
  File "/home/kessler/plot_gen/contour_glsea/./contour.py", line 22, in <module>
    lst_gl = np.matrix(pd.read_table(fin, skiprows=6, sep='\s+', header=None))
  File "/usr/local/lib64/python3.9/site-packages/pandas/io/parsers/readers.py", line 1403, in read_table
    return _read(filepath_or_buffer, kwds)
  File "/usr/local/lib64/python3.9/site-packages/pandas/io/parsers/readers.py", line 618, in _read
    parser = TextFileReader(filepath_or_buffer, **kwds)
  File "/usr/local/lib64/python3.9/site-packages/pandas/io/parsers/readers.py", line 1618, in __init__
    self._engine = self._make_engine(f, self.engine)
  File "/usr/local/lib64/python3.9/site-packages/pandas/io/parsers/readers.py", line 1878, in _make_engine
    self.handles = get_handle(
  File "/usr/local/lib64/python3.9/site-packages/pandas/io/common.py", line 873, in get_handle
    handle = open(
FileNotFoundError: [Errno 2] No such file or directory: '/mnt/cwdata/p/m/lcd//2025/10/2025_297_glsea.asc'
quietly pushing to husky... (0 => success)
0
0
=====================================================
============    10-25 02:05    ======================
=====================================================
no file for today... using yesterdays date
executing ./contour.py 2025 10 297
Traceback (most recent call last):
  File "/home/kessler/plot_gen/contour_glsea/./contour.py", line 22, in <module>
    lst_gl = np.matrix(pd.read_table(fin, skiprows=6, sep='\s+', header=None))
  File "/usr/local/lib64/python3.9/site-packages/pandas/io/parsers/readers.py", line 1403, in read_table
    return _read(filepath_or_buffer, kwds)
  File "/usr/local/lib64/python3.9/site-packages/pandas/io/parsers/readers.py", line 618, in _read
    parser = TextFileReader(filepath_or_buffer, **kwds)
  File "/usr/local/lib64/python3.9/site-packages/pandas/io/parsers/readers.py", line 1618, in __init__
    self._engine = self._make_engine(f, self.engine)
  File "/usr/local/lib64/python3.9/site-packages/pandas/io/parsers/readers.py", line 1878, in _make_engine
    self.handles = get_handle(
  File "/usr/local/lib64/python3.9/site-packages/pandas/io/common.py", line 873, in get_handle
    handle = open(
FileNotFoundError: [Errno 2] No such file or directory: '/mnt/cwdata/p/m/lcd//2025/10/2025_297_glsea.asc'
quietly pushing to husky... (0 => success)
0
0
=====================================================
============    10-25 03:05    ======================
=====================================================
no file for today... using yesterdays date
executing ./contour.py 2025 10 297
plotting sup...
plotting mic...
plotting hur...
plotting eri...
plotting ont...
quietly pushing to husky... (0 => success)
0
0
=====================================================
============    10-25 04:05    ======================
=====================================================
no file for today... using yesterdays date
executing ./contour.py 2025 10 297
plotting sup...
plotting mic...
plotting hur...
plotting eri...
plotting ont...
quietly pushing to husky... (0 => success)
0
0
=====================================================
============    10-25 05:05    ======================
=====================================================
no file for today... using yesterdays date
executing ./contour.py 2025 10 297
plotting sup...
plotting mic...
plotting hur...
plotting eri...
plotting ont...
quietly pushing to husky... (0 => success)
0
0
=====================================================
============    10-25 06:05    ======================
=====================================================
no file for today... using yesterdays date
executing ./contour.py 2025 10 297
plotting sup...
plotting mic...
plotting hur...
plotting eri...
plotting ont...
quietly pushing to husky... (0 => success)
0
0
=====================================================
============    10-25 07:05    ======================
=====================================================
no file for today... using yesterdays date
executing ./contour.py 2025 10 297
plotting sup...
plotting mic...
plotting hur...
plotting eri...
plotting ont...
quietly pushing to husky... (0 => success)
0
0
=====================================================
============    10-25 08:05    ======================
=====================================================
no file for today... using yesterdays date
executing ./contour.py 2025 10 297
plotting sup...
plotting mic...
plotting hur...
plotting eri...
plotting ont...
quietly pushing to husky... (0 => success)
0
0
=====================================================
============    10-25 09:05    ======================
=====================================================
no file for today... using yesterdays date
executing ./contour.py 2025 10 297
plotting sup...
plotting mic...
plotting hur...
plotting eri...
plotting ont...
quietly pushing to husky... (0 => success)
0
0
=====================================================
============    10-25 10:05    ======================
=====================================================
no file for today... using yesterdays date
executing ./contour.py 2025 10 297
plotting sup...
plotting mic...
plotting hur...
plotting eri...
plotting ont...
quietly pushing to husky... (0 => success)
0
0
=====================================================
============    10-25 11:05    ======================
=====================================================
no file for today... using yesterdays date
executing ./contour.py 2025 10 297
plotting sup...
plotting mic...
plotting hur...
plotting eri...
plotting ont...
quietly pushing to husky... (0 => success)
0
0
=====================================================
============    10-25 12:05    ======================
=====================================================
no file for today... using yesterdays date
executing ./contour.py 2025 10 297
plotting sup...
plotting mic...
plotting hur...
plotting eri...
plotting ont...
quietly pushing to husky... (0 => success)
0
0
=====================================================
============    10-25 13:05    ======================
=====================================================
no file for today... using yesterdays date
executing ./contour.py 2025 10 297
plotting sup...
plotting mic...
plotting hur...
plotting eri...
plotting ont...
quietly pushing to husky... (0 => success)
0
0
=====================================================
============    10-25 14:05    ======================
=====================================================
no file for today... using yesterdays date
executing ./contour.py 2025 10 297
plotting sup...
plotting mic...
plotting hur...
plotting eri...
plotting ont...
quietly pushing to husky... (0 => success)
0
0
=====================================================
============    10-25 15:05    ======================
=====================================================
no file for today... using yesterdays date
executing ./contour.py 2025 10 297
plotting sup...
plotting mic...
plotting hur...
plotting eri...
plotting ont...
quietly pushing to husky... (0 => success)
0
0
=====================================================
============    10-25 16:05    ======================
=====================================================
no file for today... using yesterdays date
executing ./contour.py 2025 10 297
plotting sup...
plotting mic...
plotting hur...
plotting eri...
plotting ont...
quietly pushing to husky... (0 => success)
0
0
=====================================================
============    10-25 17:05    ======================
=====================================================
no file for today... using yesterdays date
executing ./contour.py 2025 10 297
plotting sup...
plotting mic...
plotting hur...
plotting eri...
plotting ont...
quietly pushing to husky... (0 => success)
0
0
=====================================================
============    10-25 18:05    ======================
=====================================================
no file for today... using yesterdays date
executing ./contour.py 2025 10 297
plotting sup...
plotting mic...
plotting hur...
plotting eri...
plotting ont...
quietly pushing to husky... (0 => success)
0
0
=====================================================
============    10-25 19:05    ======================
=====================================================
no file for today... using yesterdays date
executing ./contour.py 2025 10 297
plotting sup...
plotting mic...
plotting hur...
plotting eri...
plotting ont...
quietly pushing to husky... (0 => success)
0
0
=====================================================
============    10-25 20:05    ======================
=====================================================
no file for today... using yesterdays date
executing ./contour.py 2025 10 297
plotting sup...
plotting mic...
plotting hur...
plotting eri...
plotting ont...
quietly pushing to husky... (0 => success)
0
0
=====================================================
============    10-25 21:05    ======================
=====================================================
no file for today... using yesterdays date
executing ./contour.py 2025 10 297
plotting sup...
plotting mic...
plotting hur...
plotting eri...
plotting ont...
quietly pushing to husky... (0 => success)
0
0
=====================================================
============    10-25 22:05    ======================
=====================================================
no file for today... using yesterdays date
executing ./contour.py 2025 10 297
plotting sup...
plotting mic...
plotting hur...
plotting eri...
plotting ont...
quietly pushing to husky... (0 => success)
0
0
=====================================================
============    10-25 23:05    ======================
=====================================================
no file for today... using yesterdays date
executing ./contour.py 2025 10 297
plotting sup...
plotting mic...
plotting hur...
plotting eri...
plotting ont...
quietly pushing to husky... (0 => success)
0
0
=====================================================
============    10-26 00:05    ======================
=====================================================
no file for today... using yesterdays date
executing ./contour.py 2025 10 298
Traceback (most recent call last):
  File "/home/kessler/plot_gen/contour_glsea/./contour.py", line 22, in <module>
    lst_gl = np.matrix(pd.read_table(fin, skiprows=6, sep='\s+', header=None))
  File "/usr/local/lib64/python3.9/site-packages/pandas/io/parsers/readers.py", line 1403, in read_table
    return _read(filepath_or_buffer, kwds)
  File "/usr/local/lib64/python3.9/site-packages/pandas/io/parsers/readers.py", line 618, in _read
    parser = TextFileReader(filepath_or_buffer, **kwds)
  File "/usr/local/lib64/python3.9/site-packages/pandas/io/parsers/readers.py", line 1618, in __init__
    self._engine = self._make_engine(f, self.engine)
  File "/usr/local/lib64/python3.9/site-packages/pandas/io/parsers/readers.py", line 1878, in _make_engine
    self.handles = get_handle(
  File "/usr/local/lib64/python3.9/site-packages/pandas/io/common.py", line 873, in get_handle
    handle = open(
FileNotFoundError: [Errno 2] No such file or directory: '/mnt/cwdata/p/m/lcd//2025/10/2025_298_glsea.asc'
quietly pushing to husky... (0 => success)
0
0
=====================================================
============    10-26 01:05    ======================
=====================================================
no file for today... using yesterdays date
executing ./contour.py 2025 10 298
Traceback (most recent call last):
  File "/home/kessler/plot_gen/contour_glsea/./contour.py", line 22, in <module>
    lst_gl = np.matrix(pd.read_table(fin, skiprows=6, sep='\s+', header=None))
  File "/usr/local/lib64/python3.9/site-packages/pandas/io/parsers/readers.py", line 1403, in read_table
    return _read(filepath_or_buffer, kwds)
  File "/usr/local/lib64/python3.9/site-packages/pandas/io/parsers/readers.py", line 618, in _read
    parser = TextFileReader(filepath_or_buffer, **kwds)
  File "/usr/local/lib64/python3.9/site-packages/pandas/io/parsers/readers.py", line 1618, in __init__
    self._engine = self._make_engine(f, self.engine)
  File "/usr/local/lib64/python3.9/site-packages/pandas/io/parsers/readers.py", line 1878, in _make_engine
    self.handles = get_handle(
  File "/usr/local/lib64/python3.9/site-packages/pandas/io/common.py", line 873, in get_handle
    handle = open(
FileNotFoundError: [Errno 2] No such file or directory: '/mnt/cwdata/p/m/lcd//2025/10/2025_298_glsea.asc'
quietly pushing to husky... (0 => success)
0
0
=====================================================
============    10-26 02:05    ======================
=====================================================
no file for today... using yesterdays date
executing ./contour.py 2025 10 298
Traceback (most recent call last):
  File "/home/kessler/plot_gen/contour_glsea/./contour.py", line 22, in <module>
    lst_gl = np.matrix(pd.read_table(fin, skiprows=6, sep='\s+', header=None))
  File "/usr/local/lib64/python3.9/site-packages/pandas/io/parsers/readers.py", line 1403, in read_table
    return _read(filepath_or_buffer, kwds)
  File "/usr/local/lib64/python3.9/site-packages/pandas/io/parsers/readers.py", line 618, in _read
    parser = TextFileReader(filepath_or_buffer, **kwds)
  File "/usr/local/lib64/python3.9/site-packages/pandas/io/parsers/readers.py", line 1618, in __init__
    self._engine = self._make_engine(f, self.engine)
  File "/usr/local/lib64/python3.9/site-packages/pandas/io/parsers/readers.py", line 1878, in _make_engine
    self.handles = get_handle(
  File "/usr/local/lib64/python3.9/site-packages/pandas/io/common.py", line 873, in get_handle
    handle = open(
FileNotFoundError: [Errno 2] No such file or directory: '/mnt/cwdata/p/m/lcd//2025/10/2025_298_glsea.asc'
quietly pushing to husky... (0 => success)
0
0
=====================================================
============    10-26 03:05    ======================
=====================================================
no file for today... using yesterdays date
executing ./contour.py 2025 10 298
plotting sup...
plotting mic...
plotting hur...
plotting eri...
plotting ont...
quietly pushing to husky... (0 => success)
0
0
=====================================================
============    10-26 04:05    ======================
=====================================================
no file for today... using yesterdays date
executing ./contour.py 2025 10 298
plotting sup...
plotting mic...
plotting hur...
plotting eri...
plotting ont...
quietly pushing to husky... (0 => success)
0
0
=====================================================
============    10-26 05:05    ======================
=====================================================
no file for today... using yesterdays date
executing ./contour.py 2025 10 298
plotting sup...
plotting mic...
plotting hur...
plotting eri...
plotting ont...
quietly pushing to husky... (0 => success)
0
0
=====================================================
============    10-26 06:05    ======================
=====================================================
no file for today... using yesterdays date
executing ./contour.py 2025 10 298
plotting sup...
plotting mic...
plotting hur...
plotting eri...
plotting ont...
quietly pushing to husky... (0 => success)
0
0
=====================================================
============    10-26 07:05    ======================
=====================================================
no file for today... using yesterdays date
executing ./contour.py 2025 10 298
plotting sup...
plotting mic...
plotting hur...
plotting eri...
plotting ont...
quietly pushing to husky... (0 => success)
0
0
=====================================================
============    10-26 08:05    ======================
=====================================================
no file for today... using yesterdays date
executing ./contour.py 2025 10 298
plotting sup...
plotting mic...
plotting hur...
plotting eri...
plotting ont...
quietly pushing to husky... (0 => success)
0
0
=====================================================
============    10-26 09:05    ======================
=====================================================
no file for today... using yesterdays date
executing ./contour.py 2025 10 298
plotting sup...
plotting mic...
plotting hur...
plotting eri...
plotting ont...
quietly pushing to husky... (0 => success)
0
0
=====================================================
============    10-26 10:05    ======================
=====================================================
no file for today... using yesterdays date
executing ./contour.py 2025 10 298
plotting sup...
plotting mic...
plotting hur...
plotting eri...
plotting ont...
quietly pushing to husky... (0 => success)
0
0
=====================================================
============    10-26 11:05    ======================
=====================================================
no file for today... using yesterdays date
executing ./contour.py 2025 10 298
plotting sup...
plotting mic...
plotting hur...
plotting eri...
plotting ont...
quietly pushing to husky... (0 => success)
0
0
=====================================================
============    10-26 12:05    ======================
=====================================================
no file for today... using yesterdays date
executing ./contour.py 2025 10 298
plotting sup...
plotting mic...
plotting hur...
plotting eri...
plotting ont...
quietly pushing to husky... (0 => success)
0
0
=====================================================
============    10-26 13:05    ======================
=====================================================
no file for today... using yesterdays date
executing ./contour.py 2025 10 298
plotting sup...
plotting mic...
plotting hur...
plotting eri...
plotting ont...
quietly pushing to husky... (0 => success)
0
0
=====================================================
============    10-26 14:05    ======================
=====================================================
no file for today... using yesterdays date
executing ./contour.py 2025 10 298
plotting sup...
plotting mic...
plotting hur...
plotting eri...
plotting ont...
quietly pushing to husky... (0 => success)
0
0
=====================================================
============    10-26 15:05    ======================
=====================================================
no file for today... using yesterdays date
executing ./contour.py 2025 10 298
plotting sup...
plotting mic...
plotting hur...
plotting eri...
plotting ont...
quietly pushing to husky... (0 => success)
0
0
=====================================================
============    10-26 16:05    ======================
=====================================================
no file for today... using yesterdays date
executing ./contour.py 2025 10 298
plotting sup...
plotting mic...
plotting hur...
plotting eri...
plotting ont...
quietly pushing to husky... (0 => success)
0
0
=====================================================
============    10-26 17:05    ======================
=====================================================
no file for today... using yesterdays date
executing ./contour.py 2025 10 298
plotting sup...
plotting mic...
plotting hur...
plotting eri...
plotting ont...
quietly pushing to husky... (0 => success)
0
0
=====================================================
============    10-26 18:05    ======================
=====================================================
no file for today... using yesterdays date
executing ./contour.py 2025 10 298
plotting sup...
plotting mic...
plotting hur...
plotting eri...
plotting ont...
quietly pushing to husky... (0 => success)
0
0
=====================================================
============    10-26 19:05    ======================
=====================================================
no file for today... using yesterdays date
executing ./contour.py 2025 10 298
plotting sup...
plotting mic...
plotting hur...
plotting eri...
plotting ont...
quietly pushing to husky... (0 => success)
0
0
=====================================================
============    10-26 20:05    ======================
=====================================================
no file for today... using yesterdays date
executing ./contour.py 2025 10 298
plotting sup...
plotting mic...
plotting hur...
plotting eri...
plotting ont...
quietly pushing to husky... (0 => success)
0
0
=====================================================
============    10-26 21:05    ======================
=====================================================
no file for today... using yesterdays date
executing ./contour.py 2025 10 298
plotting sup...
plotting mic...
plotting hur...
plotting eri...
plotting ont...
quietly pushing to husky... (0 => success)
0
0
=====================================================
============    10-26 22:05    ======================
=====================================================
no file for today... using yesterdays date
executing ./contour.py 2025 10 298
plotting sup...
plotting mic...
plotting hur...
plotting eri...
plotting ont...
quietly pushing to husky... (0 => success)
0
0
=====================================================
============    10-26 23:05    ======================
=====================================================
no file for today... using yesterdays date
executing ./contour.py 2025 10 298
plotting sup...
plotting mic...
plotting hur...
plotting eri...
plotting ont...
quietly pushing to husky... (0 => success)
0
0
=====================================================
============    10-27 00:05    ======================
=====================================================
no file for today... using yesterdays date
executing ./contour.py 2025 10 299
Traceback (most recent call last):
  File "/home/kessler/plot_gen/contour_glsea/./contour.py", line 22, in <module>
    lst_gl = np.matrix(pd.read_table(fin, skiprows=6, sep='\s+', header=None))
  File "/usr/local/lib64/python3.9/site-packages/pandas/io/parsers/readers.py", line 1403, in read_table
    return _read(filepath_or_buffer, kwds)
  File "/usr/local/lib64/python3.9/site-packages/pandas/io/parsers/readers.py", line 618, in _read
    parser = TextFileReader(filepath_or_buffer, **kwds)
  File "/usr/local/lib64/python3.9/site-packages/pandas/io/parsers/readers.py", line 1618, in __init__
    self._engine = self._make_engine(f, self.engine)
  File "/usr/local/lib64/python3.9/site-packages/pandas/io/parsers/readers.py", line 1878, in _make_engine
    self.handles = get_handle(
  File "/usr/local/lib64/python3.9/site-packages/pandas/io/common.py", line 873, in get_handle
    handle = open(
FileNotFoundError: [Errno 2] No such file or directory: '/mnt/cwdata/p/m/lcd//2025/10/2025_299_glsea.asc'
quietly pushing to husky... (0 => success)
0
0
=====================================================
============    10-27 01:05    ======================
=====================================================
no file for today... using yesterdays date
executing ./contour.py 2025 10 299
Traceback (most recent call last):
  File "/home/kessler/plot_gen/contour_glsea/./contour.py", line 22, in <module>
    lst_gl = np.matrix(pd.read_table(fin, skiprows=6, sep='\s+', header=None))
  File "/usr/local/lib64/python3.9/site-packages/pandas/io/parsers/readers.py", line 1403, in read_table
    return _read(filepath_or_buffer, kwds)
  File "/usr/local/lib64/python3.9/site-packages/pandas/io/parsers/readers.py", line 618, in _read
    parser = TextFileReader(filepath_or_buffer, **kwds)
  File "/usr/local/lib64/python3.9/site-packages/pandas/io/parsers/readers.py", line 1618, in __init__
    self._engine = self._make_engine(f, self.engine)
  File "/usr/local/lib64/python3.9/site-packages/pandas/io/parsers/readers.py", line 1878, in _make_engine
    self.handles = get_handle(
  File "/usr/local/lib64/python3.9/site-packages/pandas/io/common.py", line 873, in get_handle
    handle = open(
FileNotFoundError: [Errno 2] No such file or directory: '/mnt/cwdata/p/m/lcd//2025/10/2025_299_glsea.asc'
quietly pushing to husky... (0 => success)
0
0
=====================================================
============    10-27 02:05    ======================
=====================================================
no file for today... using yesterdays date
executing ./contour.py 2025 10 299
Traceback (most recent call last):
  File "/home/kessler/plot_gen/contour_glsea/./contour.py", line 22, in <module>
    lst_gl = np.matrix(pd.read_table(fin, skiprows=6, sep='\s+', header=None))
  File "/usr/local/lib64/python3.9/site-packages/pandas/io/parsers/readers.py", line 1403, in read_table
    return _read(filepath_or_buffer, kwds)
  File "/usr/local/lib64/python3.9/site-packages/pandas/io/parsers/readers.py", line 618, in _read
    parser = TextFileReader(filepath_or_buffer, **kwds)
  File "/usr/local/lib64/python3.9/site-packages/pandas/io/parsers/readers.py", line 1618, in __init__
    self._engine = self._make_engine(f, self.engine)
  File "/usr/local/lib64/python3.9/site-packages/pandas/io/parsers/readers.py", line 1878, in _make_engine
    self.handles = get_handle(
  File "/usr/local/lib64/python3.9/site-packages/pandas/io/common.py", line 873, in get_handle
    handle = open(
FileNotFoundError: [Errno 2] No such file or directory: '/mnt/cwdata/p/m/lcd//2025/10/2025_299_glsea.asc'
quietly pushing to husky... (0 => success)
0
0
=====================================================
============    10-27 03:05    ======================
=====================================================
no file for today... using yesterdays date
executing ./contour.py 2025 10 299
plotting sup...
plotting mic...
plotting hur...
plotting eri...
plotting ont...
quietly pushing to husky... (0 => success)
0
0
=====================================================
============    10-27 04:05    ======================
=====================================================
no file for today... using yesterdays date
executing ./contour.py 2025 10 299
plotting sup...
plotting mic...
plotting hur...
plotting eri...
plotting ont...
quietly pushing to husky... (0 => success)
0
0
=====================================================
============    10-27 05:05    ======================
=====================================================
no file for today... using yesterdays date
executing ./contour.py 2025 10 299
plotting sup...
plotting mic...
plotting hur...
plotting eri...
plotting ont...
quietly pushing to husky... (0 => success)
0
0
=====================================================
============    10-27 06:05    ======================
=====================================================
no file for today... using yesterdays date
executing ./contour.py 2025 10 299
plotting sup...
plotting mic...
plotting hur...
plotting eri...
plotting ont...
quietly pushing to husky... (0 => success)
0
0
=====================================================
============    10-27 07:05    ======================
=====================================================
no file for today... using yesterdays date
executing ./contour.py 2025 10 299
plotting sup...
plotting mic...
plotting hur...
plotting eri...
plotting ont...
quietly pushing to husky... (0 => success)
0
0
=====================================================
============    10-27 08:05    ======================
=====================================================
no file for today... using yesterdays date
executing ./contour.py 2025 10 299
plotting sup...
plotting mic...
plotting hur...
plotting eri...
plotting ont...
quietly pushing to husky... (0 => success)
0
0
=====================================================
============    10-27 09:05    ======================
=====================================================
no file for today... using yesterdays date
executing ./contour.py 2025 10 299
plotting sup...
plotting mic...
plotting hur...
plotting eri...
plotting ont...
quietly pushing to husky... (0 => success)
0
0
=====================================================
============    10-27 10:05    ======================
=====================================================
no file for today... using yesterdays date
executing ./contour.py 2025 10 299
plotting sup...
plotting mic...
plotting hur...
plotting eri...
plotting ont...
quietly pushing to husky... (0 => success)
0
0
=====================================================
============    10-27 11:05    ======================
=====================================================
no file for today... using yesterdays date
executing ./contour.py 2025 10 299
plotting sup...
plotting mic...
plotting hur...
plotting eri...
plotting ont...
quietly pushing to husky... (0 => success)
0
0
=====================================================
============    10-27 12:05    ======================
=====================================================
no file for today... using yesterdays date
executing ./contour.py 2025 10 299
plotting sup...
plotting mic...
plotting hur...
plotting eri...
plotting ont...
quietly pushing to husky... (0 => success)
0
0
=====================================================
============    10-27 13:05    ======================
=====================================================
no file for today... using yesterdays date
executing ./contour.py 2025 10 299
plotting sup...
plotting mic...
plotting hur...
plotting eri...
plotting ont...
quietly pushing to husky... (0 => success)
0
0
=====================================================
============    10-27 14:05    ======================
=====================================================
no file for today... using yesterdays date
executing ./contour.py 2025 10 299
plotting sup...
plotting mic...
plotting hur...
plotting eri...
plotting ont...
quietly pushing to husky... (0 => success)
0
0
=====================================================
============    10-27 15:05    ======================
=====================================================
no file for today... using yesterdays date
executing ./contour.py 2025 10 299
plotting sup...
plotting mic...
plotting hur...
plotting eri...
plotting ont...
quietly pushing to husky... (0 => success)
0
0
=====================================================
============    10-27 16:05    ======================
=====================================================
no file for today... using yesterdays date
executing ./contour.py 2025 10 299
plotting sup...
plotting mic...
plotting hur...
plotting eri...
plotting ont...
quietly pushing to husky... (0 => success)
0
0
=====================================================
============    10-27 17:05    ======================
=====================================================
no file for today... using yesterdays date
executing ./contour.py 2025 10 299
plotting sup...
plotting mic...
plotting hur...
plotting eri...
plotting ont...
quietly pushing to husky... (0 => success)
0
0
=====================================================
============    10-27 18:05    ======================
=====================================================
no file for today... using yesterdays date
executing ./contour.py 2025 10 299
plotting sup...
plotting mic...
plotting hur...
plotting eri...
plotting ont...
quietly pushing to husky... (0 => success)
0
0
=====================================================
============    10-27 19:05    ======================
=====================================================
no file for today... using yesterdays date
executing ./contour.py 2025 10 299
plotting sup...
plotting mic...
plotting hur...
plotting eri...
plotting ont...
quietly pushing to husky... (0 => success)
0
0
=====================================================
============    10-27 20:05    ======================
=====================================================
no file for today... using yesterdays date
executing ./contour.py 2025 10 299
plotting sup...
plotting mic...
plotting hur...
plotting eri...
plotting ont...
quietly pushing to husky... (0 => success)
0
0
=====================================================
============    10-27 21:05    ======================
=====================================================
no file for today... using yesterdays date
executing ./contour.py 2025 10 299
plotting sup...
plotting mic...
plotting hur...
plotting eri...
plotting ont...
quietly pushing to husky... (0 => success)
0
0
=====================================================
============    10-27 22:05    ======================
=====================================================
no file for today... using yesterdays date
executing ./contour.py 2025 10 299
plotting sup...
plotting mic...
plotting hur...
plotting eri...
plotting ont...
quietly pushing to husky... (0 => success)
0
0
=====================================================
============    10-27 23:05    ======================
=====================================================
no file for today... using yesterdays date
executing ./contour.py 2025 10 299
plotting sup...
plotting mic...
plotting hur...
plotting eri...
plotting ont...
quietly pushing to husky... (0 => success)
0
0
=====================================================
============    10-28 00:05    ======================
=====================================================
no file for today... using yesterdays date
executing ./contour.py 2025 10 300
Traceback (most recent call last):
  File "/home/kessler/plot_gen/contour_glsea/./contour.py", line 22, in <module>
    lst_gl = np.matrix(pd.read_table(fin, skiprows=6, sep='\s+', header=None))
  File "/usr/local/lib64/python3.9/site-packages/pandas/io/parsers/readers.py", line 1403, in read_table
    return _read(filepath_or_buffer, kwds)
  File "/usr/local/lib64/python3.9/site-packages/pandas/io/parsers/readers.py", line 618, in _read
    parser = TextFileReader(filepath_or_buffer, **kwds)
  File "/usr/local/lib64/python3.9/site-packages/pandas/io/parsers/readers.py", line 1618, in __init__
    self._engine = self._make_engine(f, self.engine)
  File "/usr/local/lib64/python3.9/site-packages/pandas/io/parsers/readers.py", line 1878, in _make_engine
    self.handles = get_handle(
  File "/usr/local/lib64/python3.9/site-packages/pandas/io/common.py", line 873, in get_handle
    handle = open(
FileNotFoundError: [Errno 2] No such file or directory: '/mnt/cwdata/p/m/lcd//2025/10/2025_300_glsea.asc'
quietly pushing to husky... (0 => success)
0
0
=====================================================
============    10-28 01:05    ======================
=====================================================
no file for today... using yesterdays date
executing ./contour.py 2025 10 300
Traceback (most recent call last):
  File "/home/kessler/plot_gen/contour_glsea/./contour.py", line 22, in <module>
    lst_gl = np.matrix(pd.read_table(fin, skiprows=6, sep='\s+', header=None))
  File "/usr/local/lib64/python3.9/site-packages/pandas/io/parsers/readers.py", line 1403, in read_table
    return _read(filepath_or_buffer, kwds)
  File "/usr/local/lib64/python3.9/site-packages/pandas/io/parsers/readers.py", line 618, in _read
    parser = TextFileReader(filepath_or_buffer, **kwds)
  File "/usr/local/lib64/python3.9/site-packages/pandas/io/parsers/readers.py", line 1618, in __init__
    self._engine = self._make_engine(f, self.engine)
  File "/usr/local/lib64/python3.9/site-packages/pandas/io/parsers/readers.py", line 1878, in _make_engine
    self.handles = get_handle(
  File "/usr/local/lib64/python3.9/site-packages/pandas/io/common.py", line 873, in get_handle
    handle = open(
FileNotFoundError: [Errno 2] No such file or directory: '/mnt/cwdata/p/m/lcd//2025/10/2025_300_glsea.asc'
quietly pushing to husky... (0 => success)
0
0
=====================================================
============    10-28 02:05    ======================
=====================================================
no file for today... using yesterdays date
executing ./contour.py 2025 10 300
Traceback (most recent call last):
  File "/home/kessler/plot_gen/contour_glsea/./contour.py", line 22, in <module>
    lst_gl = np.matrix(pd.read_table(fin, skiprows=6, sep='\s+', header=None))
  File "/usr/local/lib64/python3.9/site-packages/pandas/io/parsers/readers.py", line 1403, in read_table
    return _read(filepath_or_buffer, kwds)
  File "/usr/local/lib64/python3.9/site-packages/pandas/io/parsers/readers.py", line 618, in _read
    parser = TextFileReader(filepath_or_buffer, **kwds)
  File "/usr/local/lib64/python3.9/site-packages/pandas/io/parsers/readers.py", line 1618, in __init__
    self._engine = self._make_engine(f, self.engine)
  File "/usr/local/lib64/python3.9/site-packages/pandas/io/parsers/readers.py", line 1878, in _make_engine
    self.handles = get_handle(
  File "/usr/local/lib64/python3.9/site-packages/pandas/io/common.py", line 873, in get_handle
    handle = open(
FileNotFoundError: [Errno 2] No such file or directory: '/mnt/cwdata/p/m/lcd//2025/10/2025_300_glsea.asc'
quietly pushing to husky... (0 => success)
0
0
=====================================================
============    10-28 03:05    ======================
=====================================================
no file for today... using yesterdays date
executing ./contour.py 2025 10 300
plotting sup...
plotting mic...
plotting hur...
plotting eri...
plotting ont...
quietly pushing to husky... (0 => success)
0
0
=====================================================
============    10-28 04:05    ======================
=====================================================
no file for today... using yesterdays date
executing ./contour.py 2025 10 300
plotting sup...
plotting mic...
plotting hur...
plotting eri...
plotting ont...
quietly pushing to husky... (0 => success)
0
0
=====================================================
============    10-28 05:05    ======================
=====================================================
no file for today... using yesterdays date
executing ./contour.py 2025 10 300
plotting sup...
plotting mic...
plotting hur...
plotting eri...
plotting ont...
quietly pushing to husky... (0 => success)
0
0
=====================================================
============    10-28 06:05    ======================
=====================================================
no file for today... using yesterdays date
executing ./contour.py 2025 10 300
plotting sup...
plotting mic...
plotting hur...
plotting eri...
plotting ont...
quietly pushing to husky... (0 => success)
0
0
=====================================================
============    10-28 07:05    ======================
=====================================================
no file for today... using yesterdays date
executing ./contour.py 2025 10 300
plotting sup...
plotting mic...
plotting hur...
plotting eri...
plotting ont...
quietly pushing to husky... (0 => success)
0
0
=====================================================
============    10-28 08:05    ======================
=====================================================
no file for today... using yesterdays date
executing ./contour.py 2025 10 300
plotting sup...
plotting mic...
plotting hur...
plotting eri...
plotting ont...
quietly pushing to husky... (0 => success)
0
0
=====================================================
============    10-28 09:05    ======================
=====================================================
no file for today... using yesterdays date
executing ./contour.py 2025 10 300
plotting sup...
plotting mic...
plotting hur...
plotting eri...
plotting ont...
quietly pushing to husky... (0 => success)
0
0
=====================================================
============    10-28 10:05    ======================
=====================================================
no file for today... using yesterdays date
executing ./contour.py 2025 10 300
plotting sup...
plotting mic...
plotting hur...
plotting eri...
plotting ont...
quietly pushing to husky... (0 => success)
0
0
=====================================================
============    10-28 11:05    ======================
=====================================================
no file for today... using yesterdays date
executing ./contour.py 2025 10 300
plotting sup...
plotting mic...
plotting hur...
plotting eri...
plotting ont...
quietly pushing to husky... (0 => success)
0
0
=====================================================
============    10-28 12:05    ======================
=====================================================
no file for today... using yesterdays date
executing ./contour.py 2025 10 300
plotting sup...
plotting mic...
plotting hur...
plotting eri...
plotting ont...
quietly pushing to husky... (0 => success)
0
0
=====================================================
============    10-28 13:05    ======================
=====================================================
no file for today... using yesterdays date
executing ./contour.py 2025 10 300
plotting sup...
plotting mic...
plotting hur...
plotting eri...
plotting ont...
quietly pushing to husky... (0 => success)
0
0
=====================================================
============    10-28 14:05    ======================
=====================================================
no file for today... using yesterdays date
executing ./contour.py 2025 10 300
plotting sup...
plotting mic...
plotting hur...
plotting eri...
plotting ont...
quietly pushing to husky... (0 => success)
0
0
=====================================================
============    10-28 15:05    ======================
=====================================================
no file for today... using yesterdays date
executing ./contour.py 2025 10 300
plotting sup...
plotting mic...
plotting hur...
plotting eri...
plotting ont...
quietly pushing to husky... (0 => success)
0
0
=====================================================
============    10-28 16:05    ======================
=====================================================
no file for today... using yesterdays date
executing ./contour.py 2025 10 300
plotting sup...
plotting mic...
plotting hur...
plotting eri...
plotting ont...
quietly pushing to husky... (0 => success)
0
0
=====================================================
============    10-28 17:05    ======================
=====================================================
no file for today... using yesterdays date
executing ./contour.py 2025 10 300
plotting sup...
plotting mic...
plotting hur...
plotting eri...
plotting ont...
quietly pushing to husky... (0 => success)
0
0
=====================================================
============    10-28 18:05    ======================
=====================================================
no file for today... using yesterdays date
executing ./contour.py 2025 10 300
plotting sup...
plotting mic...
plotting hur...
plotting eri...
plotting ont...
quietly pushing to husky... (0 => success)
0
0
=====================================================
============    10-28 19:05    ======================
=====================================================
no file for today... using yesterdays date
executing ./contour.py 2025 10 300
plotting sup...
plotting mic...
plotting hur...
plotting eri...
plotting ont...
quietly pushing to husky... (0 => success)
0
0
=====================================================
============    10-28 20:05    ======================
=====================================================
no file for today... using yesterdays date
executing ./contour.py 2025 10 300
plotting sup...
plotting mic...
plotting hur...
plotting eri...
plotting ont...
quietly pushing to husky... (0 => success)
0
0
=====================================================
============    10-28 21:05    ======================
=====================================================
no file for today... using yesterdays date
executing ./contour.py 2025 10 300
plotting sup...
plotting mic...
plotting hur...
plotting eri...
plotting ont...
quietly pushing to husky... (0 => success)
0
0
=====================================================
============    10-28 22:05    ======================
=====================================================
no file for today... using yesterdays date
executing ./contour.py 2025 10 300
plotting sup...
plotting mic...
plotting hur...
plotting eri...
plotting ont...
quietly pushing to husky... (0 => success)
0
0
=====================================================
============    10-28 23:05    ======================
=====================================================
no file for today... using yesterdays date
executing ./contour.py 2025 10 300
plotting sup...
plotting mic...
plotting hur...
plotting eri...
plotting ont...
quietly pushing to husky... (0 => success)
0
0
=====================================================
============    10-29 00:05    ======================
=====================================================
no file for today... using yesterdays date
executing ./contour.py 2025 10 301
Traceback (most recent call last):
  File "/home/kessler/plot_gen/contour_glsea/./contour.py", line 22, in <module>
    lst_gl = np.matrix(pd.read_table(fin, skiprows=6, sep='\s+', header=None))
  File "/usr/local/lib64/python3.9/site-packages/pandas/io/parsers/readers.py", line 1403, in read_table
    return _read(filepath_or_buffer, kwds)
  File "/usr/local/lib64/python3.9/site-packages/pandas/io/parsers/readers.py", line 618, in _read
    parser = TextFileReader(filepath_or_buffer, **kwds)
  File "/usr/local/lib64/python3.9/site-packages/pandas/io/parsers/readers.py", line 1618, in __init__
    self._engine = self._make_engine(f, self.engine)
  File "/usr/local/lib64/python3.9/site-packages/pandas/io/parsers/readers.py", line 1878, in _make_engine
    self.handles = get_handle(
  File "/usr/local/lib64/python3.9/site-packages/pandas/io/common.py", line 873, in get_handle
    handle = open(
FileNotFoundError: [Errno 2] No such file or directory: '/mnt/cwdata/p/m/lcd//2025/10/2025_301_glsea.asc'
quietly pushing to husky... (0 => success)
0
0
=====================================================
============    10-29 01:05    ======================
=====================================================
no file for today... using yesterdays date
executing ./contour.py 2025 10 301
Traceback (most recent call last):
  File "/home/kessler/plot_gen/contour_glsea/./contour.py", line 22, in <module>
    lst_gl = np.matrix(pd.read_table(fin, skiprows=6, sep='\s+', header=None))
  File "/usr/local/lib64/python3.9/site-packages/pandas/io/parsers/readers.py", line 1403, in read_table
    return _read(filepath_or_buffer, kwds)
  File "/usr/local/lib64/python3.9/site-packages/pandas/io/parsers/readers.py", line 618, in _read
    parser = TextFileReader(filepath_or_buffer, **kwds)
  File "/usr/local/lib64/python3.9/site-packages/pandas/io/parsers/readers.py", line 1618, in __init__
    self._engine = self._make_engine(f, self.engine)
  File "/usr/local/lib64/python3.9/site-packages/pandas/io/parsers/readers.py", line 1878, in _make_engine
    self.handles = get_handle(
  File "/usr/local/lib64/python3.9/site-packages/pandas/io/common.py", line 873, in get_handle
    handle = open(
FileNotFoundError: [Errno 2] No such file or directory: '/mnt/cwdata/p/m/lcd//2025/10/2025_301_glsea.asc'
quietly pushing to husky... (0 => success)
0
0
=====================================================
============    10-29 02:05    ======================
=====================================================
no file for today... using yesterdays date
executing ./contour.py 2025 10 301
Traceback (most recent call last):
  File "/home/kessler/plot_gen/contour_glsea/./contour.py", line 22, in <module>
    lst_gl = np.matrix(pd.read_table(fin, skiprows=6, sep='\s+', header=None))
  File "/usr/local/lib64/python3.9/site-packages/pandas/io/parsers/readers.py", line 1403, in read_table
    return _read(filepath_or_buffer, kwds)
  File "/usr/local/lib64/python3.9/site-packages/pandas/io/parsers/readers.py", line 618, in _read
    parser = TextFileReader(filepath_or_buffer, **kwds)
  File "/usr/local/lib64/python3.9/site-packages/pandas/io/parsers/readers.py", line 1618, in __init__
    self._engine = self._make_engine(f, self.engine)
  File "/usr/local/lib64/python3.9/site-packages/pandas/io/parsers/readers.py", line 1878, in _make_engine
    self.handles = get_handle(
  File "/usr/local/lib64/python3.9/site-packages/pandas/io/common.py", line 873, in get_handle
    handle = open(
FileNotFoundError: [Errno 2] No such file or directory: '/mnt/cwdata/p/m/lcd//2025/10/2025_301_glsea.asc'
quietly pushing to husky... (0 => success)
0
0
=====================================================
============    10-29 03:05    ======================
=====================================================
no file for today... using yesterdays date
executing ./contour.py 2025 10 301
plotting sup...
plotting mic...
plotting hur...
plotting eri...
plotting ont...
quietly pushing to husky... (0 => success)
0
0
=====================================================
============    10-29 04:05    ======================
=====================================================
no file for today... using yesterdays date
executing ./contour.py 2025 10 301
plotting sup...
plotting mic...
plotting hur...
plotting eri...
plotting ont...
quietly pushing to husky... (0 => success)
0
0
=====================================================
============    10-29 05:05    ======================
=====================================================
no file for today... using yesterdays date
executing ./contour.py 2025 10 301
plotting sup...
plotting mic...
plotting hur...
plotting eri...
plotting ont...
quietly pushing to husky... (0 => success)
0
0
=====================================================
============    10-29 06:05    ======================
=====================================================
no file for today... using yesterdays date
executing ./contour.py 2025 10 301
plotting sup...
plotting mic...
plotting hur...
plotting eri...
plotting ont...
quietly pushing to husky... (0 => success)
0
0
=====================================================
============    10-29 07:05    ======================
=====================================================
no file for today... using yesterdays date
executing ./contour.py 2025 10 301
plotting sup...
plotting mic...
plotting hur...
plotting eri...
plotting ont...
quietly pushing to husky... (0 => success)
0
0
=====================================================
============    10-29 08:05    ======================
=====================================================
no file for today... using yesterdays date
executing ./contour.py 2025 10 301
plotting sup...
plotting mic...
plotting hur...
plotting eri...
plotting ont...
quietly pushing to husky... (0 => success)
0
0
=====================================================
============    10-29 09:05    ======================
=====================================================
no file for today... using yesterdays date
executing ./contour.py 2025 10 301
plotting sup...
plotting mic...
plotting hur...
plotting eri...
plotting ont...
quietly pushing to husky... (0 => success)
0
0
=====================================================
============    10-29 10:05    ======================
=====================================================
no file for today... using yesterdays date
executing ./contour.py 2025 10 301
plotting sup...
plotting mic...
plotting hur...
plotting eri...
plotting ont...
quietly pushing to husky... (0 => success)
0
0
=====================================================
============    10-29 11:05    ======================
=====================================================
no file for today... using yesterdays date
executing ./contour.py 2025 10 301
plotting sup...
plotting mic...
plotting hur...
plotting eri...
plotting ont...
quietly pushing to husky... (0 => success)
0
0
=====================================================
============    10-29 12:05    ======================
=====================================================
no file for today... using yesterdays date
executing ./contour.py 2025 10 301
plotting sup...
plotting mic...
plotting hur...
plotting eri...
plotting ont...
quietly pushing to husky... (0 => success)
0
0
=====================================================
============    10-29 13:05    ======================
=====================================================
no file for today... using yesterdays date
executing ./contour.py 2025 10 301
plotting sup...
plotting mic...
plotting hur...
plotting eri...
plotting ont...
quietly pushing to husky... (0 => success)
0
0
=====================================================
============    10-29 14:05    ======================
=====================================================
no file for today... using yesterdays date
executing ./contour.py 2025 10 301
plotting sup...
plotting mic...
plotting hur...
plotting eri...
plotting ont...
quietly pushing to husky... (0 => success)
0
0
=====================================================
============    10-29 15:05    ======================
=====================================================
no file for today... using yesterdays date
executing ./contour.py 2025 10 301
plotting sup...
plotting mic...
plotting hur...
plotting eri...
plotting ont...
quietly pushing to husky... (0 => success)
0
0
=====================================================
============    10-29 16:05    ======================
=====================================================
no file for today... using yesterdays date
executing ./contour.py 2025 10 301
plotting sup...
plotting mic...
plotting hur...
plotting eri...
plotting ont...
quietly pushing to husky... (0 => success)
0
0
=====================================================
============    10-29 17:05    ======================
=====================================================
no file for today... using yesterdays date
executing ./contour.py 2025 10 301
plotting sup...
plotting mic...
plotting hur...
plotting eri...
plotting ont...
quietly pushing to husky... (0 => success)
0
0
=====================================================
============    10-29 18:05    ======================
=====================================================
no file for today... using yesterdays date
executing ./contour.py 2025 10 301
plotting sup...
plotting mic...
plotting hur...
plotting eri...
plotting ont...
quietly pushing to husky... (0 => success)
0
0
=====================================================
============    10-29 19:05    ======================
=====================================================
no file for today... using yesterdays date
executing ./contour.py 2025 10 301
plotting sup...
plotting mic...
plotting hur...
plotting eri...
plotting ont...
quietly pushing to husky... (0 => success)
0
0
=====================================================
============    10-29 20:05    ======================
=====================================================
no file for today... using yesterdays date
executing ./contour.py 2025 10 301
plotting sup...
plotting mic...
plotting hur...
plotting eri...
plotting ont...
quietly pushing to husky... (0 => success)
0
0
=====================================================
============    10-29 21:05    ======================
=====================================================
no file for today... using yesterdays date
executing ./contour.py 2025 10 301
plotting sup...
plotting mic...
plotting hur...
plotting eri...
plotting ont...
quietly pushing to husky... (0 => success)
0
0
=====================================================
============    10-29 22:05    ======================
=====================================================
no file for today... using yesterdays date
executing ./contour.py 2025 10 301
plotting sup...
plotting mic...
plotting hur...
plotting eri...
plotting ont...
quietly pushing to husky... (0 => success)
0
0
=====================================================
============    10-29 23:05    ======================
=====================================================
no file for today... using yesterdays date
executing ./contour.py 2025 10 301
plotting sup...
plotting mic...
plotting hur...
plotting eri...
plotting ont...
quietly pushing to husky... (0 => success)
0
0
=====================================================
============    10-30 00:05    ======================
=====================================================
no file for today... using yesterdays date
executing ./contour.py 2025 10 302
Traceback (most recent call last):
  File "/home/kessler/plot_gen/contour_glsea/./contour.py", line 22, in <module>
    lst_gl = np.matrix(pd.read_table(fin, skiprows=6, sep='\s+', header=None))
  File "/usr/local/lib64/python3.9/site-packages/pandas/io/parsers/readers.py", line 1403, in read_table
    return _read(filepath_or_buffer, kwds)
  File "/usr/local/lib64/python3.9/site-packages/pandas/io/parsers/readers.py", line 618, in _read
    parser = TextFileReader(filepath_or_buffer, **kwds)
  File "/usr/local/lib64/python3.9/site-packages/pandas/io/parsers/readers.py", line 1618, in __init__
    self._engine = self._make_engine(f, self.engine)
  File "/usr/local/lib64/python3.9/site-packages/pandas/io/parsers/readers.py", line 1878, in _make_engine
    self.handles = get_handle(
  File "/usr/local/lib64/python3.9/site-packages/pandas/io/common.py", line 873, in get_handle
    handle = open(
FileNotFoundError: [Errno 2] No such file or directory: '/mnt/cwdata/p/m/lcd//2025/10/2025_302_glsea.asc'
quietly pushing to husky... (0 => success)
0
0
=====================================================
============    10-30 01:05    ======================
=====================================================
no file for today... using yesterdays date
executing ./contour.py 2025 10 302
Traceback (most recent call last):
  File "/home/kessler/plot_gen/contour_glsea/./contour.py", line 22, in <module>
    lst_gl = np.matrix(pd.read_table(fin, skiprows=6, sep='\s+', header=None))
  File "/usr/local/lib64/python3.9/site-packages/pandas/io/parsers/readers.py", line 1403, in read_table
    return _read(filepath_or_buffer, kwds)
  File "/usr/local/lib64/python3.9/site-packages/pandas/io/parsers/readers.py", line 618, in _read
    parser = TextFileReader(filepath_or_buffer, **kwds)
  File "/usr/local/lib64/python3.9/site-packages/pandas/io/parsers/readers.py", line 1618, in __init__
    self._engine = self._make_engine(f, self.engine)
  File "/usr/local/lib64/python3.9/site-packages/pandas/io/parsers/readers.py", line 1878, in _make_engine
    self.handles = get_handle(
  File "/usr/local/lib64/python3.9/site-packages/pandas/io/common.py", line 873, in get_handle
    handle = open(
FileNotFoundError: [Errno 2] No such file or directory: '/mnt/cwdata/p/m/lcd//2025/10/2025_302_glsea.asc'
quietly pushing to husky... (0 => success)
0
0
=====================================================
============    10-30 02:05    ======================
=====================================================
no file for today... using yesterdays date
executing ./contour.py 2025 10 302
Traceback (most recent call last):
  File "/home/kessler/plot_gen/contour_glsea/./contour.py", line 22, in <module>
    lst_gl = np.matrix(pd.read_table(fin, skiprows=6, sep='\s+', header=None))
  File "/usr/local/lib64/python3.9/site-packages/pandas/io/parsers/readers.py", line 1403, in read_table
    return _read(filepath_or_buffer, kwds)
  File "/usr/local/lib64/python3.9/site-packages/pandas/io/parsers/readers.py", line 618, in _read
    parser = TextFileReader(filepath_or_buffer, **kwds)
  File "/usr/local/lib64/python3.9/site-packages/pandas/io/parsers/readers.py", line 1618, in __init__
    self._engine = self._make_engine(f, self.engine)
  File "/usr/local/lib64/python3.9/site-packages/pandas/io/parsers/readers.py", line 1878, in _make_engine
    self.handles = get_handle(
  File "/usr/local/lib64/python3.9/site-packages/pandas/io/common.py", line 873, in get_handle
    handle = open(
FileNotFoundError: [Errno 2] No such file or directory: '/mnt/cwdata/p/m/lcd//2025/10/2025_302_glsea.asc'
quietly pushing to husky... (0 => success)
0
0
=====================================================
============    10-30 03:05    ======================
=====================================================
no file for today... using yesterdays date
executing ./contour.py 2025 10 302
plotting sup...
plotting mic...
plotting hur...
plotting eri...
plotting ont...
quietly pushing to husky... (0 => success)
0
0
=====================================================
============    10-30 04:05    ======================
=====================================================
no file for today... using yesterdays date
executing ./contour.py 2025 10 302
plotting sup...
plotting mic...
plotting hur...
plotting eri...
plotting ont...
quietly pushing to husky... (0 => success)
0
0
=====================================================
============    10-30 05:05    ======================
=====================================================
no file for today... using yesterdays date
executing ./contour.py 2025 10 302
plotting sup...
plotting mic...
plotting hur...
plotting eri...
plotting ont...
quietly pushing to husky... (0 => success)
0
0
=====================================================
============    10-30 06:05    ======================
=====================================================
no file for today... using yesterdays date
executing ./contour.py 2025 10 302
plotting sup...
plotting mic...
plotting hur...
plotting eri...
plotting ont...
quietly pushing to husky... (0 => success)
0
0
=====================================================
============    10-30 07:05    ======================
=====================================================
no file for today... using yesterdays date
executing ./contour.py 2025 10 302
plotting sup...
plotting mic...
plotting hur...
plotting eri...
plotting ont...
quietly pushing to husky... (0 => success)
0
0
=====================================================
============    10-30 08:05    ======================
=====================================================
no file for today... using yesterdays date
executing ./contour.py 2025 10 302
plotting sup...
plotting mic...
plotting hur...
plotting eri...
plotting ont...
quietly pushing to husky... (0 => success)
0
0
=====================================================
============    10-30 09:05    ======================
=====================================================
no file for today... using yesterdays date
executing ./contour.py 2025 10 302
plotting sup...
plotting mic...
plotting hur...
plotting eri...
plotting ont...
quietly pushing to husky... (0 => success)
0
0
=====================================================
============    10-30 10:05    ======================
=====================================================
no file for today... using yesterdays date
executing ./contour.py 2025 10 302
plotting sup...
plotting mic...
plotting hur...
plotting eri...
plotting ont...
quietly pushing to husky... (0 => success)
0
0
=====================================================
============    10-30 11:05    ======================
=====================================================
no file for today... using yesterdays date
executing ./contour.py 2025 10 302
plotting sup...
plotting mic...
plotting hur...
plotting eri...
plotting ont...
quietly pushing to husky... (0 => success)
0
0
=====================================================
============    10-30 12:05    ======================
=====================================================
no file for today... using yesterdays date
executing ./contour.py 2025 10 302
plotting sup...
plotting mic...
plotting hur...
plotting eri...
plotting ont...
quietly pushing to husky... (0 => success)
0
0
=====================================================
============    10-30 13:05    ======================
=====================================================
no file for today... using yesterdays date
executing ./contour.py 2025 10 302
plotting sup...
plotting mic...
plotting hur...
plotting eri...
plotting ont...
quietly pushing to husky... (0 => success)
0
0
=====================================================
============    10-30 14:05    ======================
=====================================================
no file for today... using yesterdays date
executing ./contour.py 2025 10 302
plotting sup...
plotting mic...
plotting hur...
plotting eri...
plotting ont...
quietly pushing to husky... (0 => success)
0
0
=====================================================
============    10-30 15:05    ======================
=====================================================
no file for today... using yesterdays date
executing ./contour.py 2025 10 302
plotting sup...
plotting mic...
plotting hur...
plotting eri...
plotting ont...
quietly pushing to husky... (0 => success)
0
0
=====================================================
============    10-30 16:05    ======================
=====================================================
no file for today... using yesterdays date
executing ./contour.py 2025 10 302
plotting sup...
plotting mic...
plotting hur...
plotting eri...
plotting ont...
quietly pushing to husky... (0 => success)
0
0
=====================================================
============    10-30 17:05    ======================
=====================================================
no file for today... using yesterdays date
executing ./contour.py 2025 10 302
plotting sup...
plotting mic...
plotting hur...
plotting eri...
plotting ont...
quietly pushing to husky... (0 => success)
0
0
=====================================================
============    10-30 18:05    ======================
=====================================================
no file for today... using yesterdays date
executing ./contour.py 2025 10 302
plotting sup...
plotting mic...
plotting hur...
plotting eri...
plotting ont...
quietly pushing to husky... (0 => success)
0
0
=====================================================
============    10-30 19:05    ======================
=====================================================
no file for today... using yesterdays date
executing ./contour.py 2025 10 302
plotting sup...
plotting mic...
plotting hur...
plotting eri...
plotting ont...
quietly pushing to husky... (0 => success)
0
0
=====================================================
============    10-30 20:05    ======================
=====================================================
no file for today... using yesterdays date
executing ./contour.py 2025 10 302
plotting sup...
plotting mic...
plotting hur...
plotting eri...
plotting ont...
quietly pushing to husky... (0 => success)
0
0
=====================================================
============    10-30 21:05    ======================
=====================================================
no file for today... using yesterdays date
executing ./contour.py 2025 10 302
plotting sup...
plotting mic...
plotting hur...
plotting eri...
plotting ont...
quietly pushing to husky... (0 => success)
0
0
=====================================================
============    10-30 22:05    ======================
=====================================================
no file for today... using yesterdays date
executing ./contour.py 2025 10 302
plotting sup...
plotting mic...
plotting hur...
plotting eri...
plotting ont...
quietly pushing to husky... (0 => success)
0
0
=====================================================
============    10-30 23:05    ======================
=====================================================
no file for today... using yesterdays date
executing ./contour.py 2025 10 302
plotting sup...
plotting mic...
plotting hur...
plotting eri...
plotting ont...
quietly pushing to husky... (0 => success)
0
0
=====================================================
============    10-31 00:05    ======================
=====================================================
no file for today... using yesterdays date
executing ./contour.py 2025 10 303
Traceback (most recent call last):
  File "/home/kessler/plot_gen/contour_glsea/./contour.py", line 22, in <module>
    lst_gl = np.matrix(pd.read_table(fin, skiprows=6, sep='\s+', header=None))
  File "/usr/local/lib64/python3.9/site-packages/pandas/io/parsers/readers.py", line 1403, in read_table
    return _read(filepath_or_buffer, kwds)
  File "/usr/local/lib64/python3.9/site-packages/pandas/io/parsers/readers.py", line 618, in _read
    parser = TextFileReader(filepath_or_buffer, **kwds)
  File "/usr/local/lib64/python3.9/site-packages/pandas/io/parsers/readers.py", line 1618, in __init__
    self._engine = self._make_engine(f, self.engine)
  File "/usr/local/lib64/python3.9/site-packages/pandas/io/parsers/readers.py", line 1878, in _make_engine
    self.handles = get_handle(
  File "/usr/local/lib64/python3.9/site-packages/pandas/io/common.py", line 873, in get_handle
    handle = open(
FileNotFoundError: [Errno 2] No such file or directory: '/mnt/cwdata/p/m/lcd//2025/10/2025_303_glsea.asc'
quietly pushing to husky... (0 => success)
0
0
=====================================================
============    10-31 01:05    ======================
=====================================================
no file for today... using yesterdays date
executing ./contour.py 2025 10 303
Traceback (most recent call last):
  File "/home/kessler/plot_gen/contour_glsea/./contour.py", line 22, in <module>
    lst_gl = np.matrix(pd.read_table(fin, skiprows=6, sep='\s+', header=None))
  File "/usr/local/lib64/python3.9/site-packages/pandas/io/parsers/readers.py", line 1403, in read_table
    return _read(filepath_or_buffer, kwds)
  File "/usr/local/lib64/python3.9/site-packages/pandas/io/parsers/readers.py", line 618, in _read
    parser = TextFileReader(filepath_or_buffer, **kwds)
  File "/usr/local/lib64/python3.9/site-packages/pandas/io/parsers/readers.py", line 1618, in __init__
    self._engine = self._make_engine(f, self.engine)
  File "/usr/local/lib64/python3.9/site-packages/pandas/io/parsers/readers.py", line 1878, in _make_engine
    self.handles = get_handle(
  File "/usr/local/lib64/python3.9/site-packages/pandas/io/common.py", line 873, in get_handle
    handle = open(
FileNotFoundError: [Errno 2] No such file or directory: '/mnt/cwdata/p/m/lcd//2025/10/2025_303_glsea.asc'
quietly pushing to husky... (0 => success)
0
0
=====================================================
============    10-31 02:05    ======================
=====================================================
no file for today... using yesterdays date
executing ./contour.py 2025 10 303
Traceback (most recent call last):
  File "/home/kessler/plot_gen/contour_glsea/./contour.py", line 22, in <module>
    lst_gl = np.matrix(pd.read_table(fin, skiprows=6, sep='\s+', header=None))
  File "/usr/local/lib64/python3.9/site-packages/pandas/io/parsers/readers.py", line 1403, in read_table
    return _read(filepath_or_buffer, kwds)
  File "/usr/local/lib64/python3.9/site-packages/pandas/io/parsers/readers.py", line 618, in _read
    parser = TextFileReader(filepath_or_buffer, **kwds)
  File "/usr/local/lib64/python3.9/site-packages/pandas/io/parsers/readers.py", line 1618, in __init__
    self._engine = self._make_engine(f, self.engine)
  File "/usr/local/lib64/python3.9/site-packages/pandas/io/parsers/readers.py", line 1878, in _make_engine
    self.handles = get_handle(
  File "/usr/local/lib64/python3.9/site-packages/pandas/io/common.py", line 873, in get_handle
    handle = open(
FileNotFoundError: [Errno 2] No such file or directory: '/mnt/cwdata/p/m/lcd//2025/10/2025_303_glsea.asc'
quietly pushing to husky... (0 => success)
0
0
=====================================================
============    10-31 03:05    ======================
=====================================================
no file for today... using yesterdays date
executing ./contour.py 2025 10 303
plotting sup...
plotting mic...
plotting hur...
plotting eri...
plotting ont...
quietly pushing to husky... (0 => success)
0
0
=====================================================
============    10-31 04:05    ======================
=====================================================
no file for today... using yesterdays date
executing ./contour.py 2025 10 303
plotting sup...
plotting mic...
plotting hur...
plotting eri...
plotting ont...
quietly pushing to husky... (0 => success)
0
0
=====================================================
============    10-31 05:05    ======================
=====================================================
no file for today... using yesterdays date
executing ./contour.py 2025 10 303
plotting sup...
plotting mic...
plotting hur...
plotting eri...
plotting ont...
quietly pushing to husky... (0 => success)
0
0
=====================================================
============    10-31 06:05    ======================
=====================================================
no file for today... using yesterdays date
executing ./contour.py 2025 10 303
plotting sup...
plotting mic...
plotting hur...
plotting eri...
plotting ont...
quietly pushing to husky... (0 => success)
0
0
=====================================================
============    10-31 07:05    ======================
=====================================================
no file for today... using yesterdays date
executing ./contour.py 2025 10 303
plotting sup...
plotting mic...
plotting hur...
plotting eri...
plotting ont...
quietly pushing to husky... (0 => success)
0
0
=====================================================
============    10-31 08:05    ======================
=====================================================
no file for today... using yesterdays date
executing ./contour.py 2025 10 303
plotting sup...
plotting mic...
plotting hur...
plotting eri...
plotting ont...
quietly pushing to husky... (0 => success)
0
0
=====================================================
============    10-31 09:05    ======================
=====================================================
no file for today... using yesterdays date
executing ./contour.py 2025 10 303
plotting sup...
plotting mic...
plotting hur...
plotting eri...
plotting ont...
quietly pushing to husky... (0 => success)
0
0
=====================================================
============    10-31 10:05    ======================
=====================================================
no file for today... using yesterdays date
executing ./contour.py 2025 10 303
plotting sup...
plotting mic...
plotting hur...
plotting eri...
plotting ont...
quietly pushing to husky... (0 => success)
0
0
=====================================================
============    10-31 11:05    ======================
=====================================================
no file for today... using yesterdays date
executing ./contour.py 2025 10 303
plotting sup...
plotting mic...
plotting hur...
plotting eri...
plotting ont...
quietly pushing to husky... (0 => success)
0
0
=====================================================
============    10-31 12:05    ======================
=====================================================
no file for today... using yesterdays date
executing ./contour.py 2025 10 303
plotting sup...
plotting mic...
plotting hur...
plotting eri...
plotting ont...
quietly pushing to husky... (0 => success)
0
0
=====================================================
============    10-31 13:05    ======================
=====================================================
no file for today... using yesterdays date
executing ./contour.py 2025 10 303
plotting sup...
plotting mic...
plotting hur...
plotting eri...
plotting ont...
quietly pushing to husky... (0 => success)
0
0
=====================================================
============    10-31 14:05    ======================
=====================================================
no file for today... using yesterdays date
executing ./contour.py 2025 10 303
plotting sup...
plotting mic...
plotting hur...
plotting eri...
plotting ont...
quietly pushing to husky... (0 => success)
0
0
=====================================================
============    10-31 15:05    ======================
=====================================================
no file for today... using yesterdays date
executing ./contour.py 2025 10 303
plotting sup...
plotting mic...
plotting hur...
plotting eri...
plotting ont...
quietly pushing to husky... (0 => success)
0
0
=====================================================
============    10-31 16:05    ======================
=====================================================
no file for today... using yesterdays date
executing ./contour.py 2025 10 303
plotting sup...
plotting mic...
plotting hur...
plotting eri...
plotting ont...
quietly pushing to husky... (0 => success)
0
0
=====================================================
============    10-31 17:05    ======================
=====================================================
no file for today... using yesterdays date
executing ./contour.py 2025 10 303
plotting sup...
plotting mic...
plotting hur...
plotting eri...
plotting ont...
quietly pushing to husky... (0 => success)
0
0
=====================================================
============    10-31 18:05    ======================
=====================================================
no file for today... using yesterdays date
executing ./contour.py 2025 10 303
plotting sup...
plotting mic...
plotting hur...
plotting eri...
plotting ont...
quietly pushing to husky... (0 => success)
0
0
=====================================================
============    10-31 19:05    ======================
=====================================================
no file for today... using yesterdays date
executing ./contour.py 2025 10 303
plotting sup...
plotting mic...
plotting hur...
plotting eri...
plotting ont...
quietly pushing to husky... (0 => success)
0
0
=====================================================
============    10-31 20:05    ======================
=====================================================
no file for today... using yesterdays date
executing ./contour.py 2025 10 303
plotting sup...
plotting mic...
plotting hur...
plotting eri...
plotting ont...
quietly pushing to husky... (0 => success)
0
0
=====================================================
============    10-31 21:05    ======================
=====================================================
no file for today... using yesterdays date
executing ./contour.py 2025 10 303
plotting sup...
plotting mic...
plotting hur...
plotting eri...
plotting ont...
quietly pushing to husky... (0 => success)
0
0
=====================================================
============    10-31 22:05    ======================
=====================================================
no file for today... using yesterdays date
executing ./contour.py 2025 10 303
plotting sup...
plotting mic...
plotting hur...
plotting eri...
plotting ont...
quietly pushing to husky... (0 => success)
0
0
=====================================================
============    10-31 23:05    ======================
=====================================================
no file for today... using yesterdays date
executing ./contour.py 2025 10 303
plotting sup...
plotting mic...
plotting hur...
plotting eri...
plotting ont...
quietly pushing to husky... (0 => success)
0
0
=====================================================
============    11-01 00:05    ======================
=====================================================
no file for today... using yesterdays date
executing ./contour.py 2025 10 304
Traceback (most recent call last):
  File "/home/kessler/plot_gen/contour_glsea/./contour.py", line 22, in <module>
    lst_gl = np.matrix(pd.read_table(fin, skiprows=6, sep='\s+', header=None))
  File "/usr/local/lib64/python3.9/site-packages/pandas/io/parsers/readers.py", line 1403, in read_table
    return _read(filepath_or_buffer, kwds)
  File "/usr/local/lib64/python3.9/site-packages/pandas/io/parsers/readers.py", line 618, in _read
    parser = TextFileReader(filepath_or_buffer, **kwds)
  File "/usr/local/lib64/python3.9/site-packages/pandas/io/parsers/readers.py", line 1618, in __init__
    self._engine = self._make_engine(f, self.engine)
  File "/usr/local/lib64/python3.9/site-packages/pandas/io/parsers/readers.py", line 1878, in _make_engine
    self.handles = get_handle(
  File "/usr/local/lib64/python3.9/site-packages/pandas/io/common.py", line 873, in get_handle
    handle = open(
FileNotFoundError: [Errno 2] No such file or directory: '/mnt/cwdata/p/m/lcd//2025/10/2025_304_glsea.asc'
quietly pushing to husky... (0 => success)
0
0
=====================================================
============    11-01 01:05    ======================
=====================================================
no file for today... using yesterdays date
executing ./contour.py 2025 10 304
Traceback (most recent call last):
  File "/home/kessler/plot_gen/contour_glsea/./contour.py", line 22, in <module>
    lst_gl = np.matrix(pd.read_table(fin, skiprows=6, sep='\s+', header=None))
  File "/usr/local/lib64/python3.9/site-packages/pandas/io/parsers/readers.py", line 1403, in read_table
    return _read(filepath_or_buffer, kwds)
  File "/usr/local/lib64/python3.9/site-packages/pandas/io/parsers/readers.py", line 618, in _read
    parser = TextFileReader(filepath_or_buffer, **kwds)
  File "/usr/local/lib64/python3.9/site-packages/pandas/io/parsers/readers.py", line 1618, in __init__
    self._engine = self._make_engine(f, self.engine)
  File "/usr/local/lib64/python3.9/site-packages/pandas/io/parsers/readers.py", line 1878, in _make_engine
    self.handles = get_handle(
  File "/usr/local/lib64/python3.9/site-packages/pandas/io/common.py", line 873, in get_handle
    handle = open(
FileNotFoundError: [Errno 2] No such file or directory: '/mnt/cwdata/p/m/lcd//2025/10/2025_304_glsea.asc'
quietly pushing to husky... (0 => success)
0
0
=====================================================
============    11-01 02:05    ======================
=====================================================
no file for today... using yesterdays date
executing ./contour.py 2025 10 304
Traceback (most recent call last):
  File "/home/kessler/plot_gen/contour_glsea/./contour.py", line 22, in <module>
    lst_gl = np.matrix(pd.read_table(fin, skiprows=6, sep='\s+', header=None))
  File "/usr/local/lib64/python3.9/site-packages/pandas/io/parsers/readers.py", line 1403, in read_table
    return _read(filepath_or_buffer, kwds)
  File "/usr/local/lib64/python3.9/site-packages/pandas/io/parsers/readers.py", line 618, in _read
    parser = TextFileReader(filepath_or_buffer, **kwds)
  File "/usr/local/lib64/python3.9/site-packages/pandas/io/parsers/readers.py", line 1618, in __init__
    self._engine = self._make_engine(f, self.engine)
  File "/usr/local/lib64/python3.9/site-packages/pandas/io/parsers/readers.py", line 1878, in _make_engine
    self.handles = get_handle(
  File "/usr/local/lib64/python3.9/site-packages/pandas/io/common.py", line 873, in get_handle
    handle = open(
FileNotFoundError: [Errno 2] No such file or directory: '/mnt/cwdata/p/m/lcd//2025/10/2025_304_glsea.asc'
quietly pushing to husky... (0 => success)
0
0
=====================================================
============    11-01 03:05    ======================
=====================================================
no file for today... using yesterdays date
executing ./contour.py 2025 10 304
plotting sup...
plotting mic...
plotting hur...
plotting eri...
plotting ont...
quietly pushing to husky... (0 => success)
0
0
=====================================================
============    11-01 04:05    ======================
=====================================================
no file for today... using yesterdays date
executing ./contour.py 2025 10 304
plotting sup...
plotting mic...
plotting hur...
plotting eri...
plotting ont...
quietly pushing to husky... (0 => success)
0
0
=====================================================
============    11-01 05:05    ======================
=====================================================
no file for today... using yesterdays date
executing ./contour.py 2025 10 304
plotting sup...
plotting mic...
plotting hur...
plotting eri...
plotting ont...
quietly pushing to husky... (0 => success)
0
0
=====================================================
============    11-01 06:05    ======================
=====================================================
no file for today... using yesterdays date
executing ./contour.py 2025 10 304
plotting sup...
plotting mic...
plotting hur...
plotting eri...
plotting ont...
quietly pushing to husky... (0 => success)
0
0
=====================================================
============    11-01 07:05    ======================
=====================================================
no file for today... using yesterdays date
executing ./contour.py 2025 10 304
plotting sup...
plotting mic...
plotting hur...
plotting eri...
plotting ont...
quietly pushing to husky... (0 => success)
0
0
=====================================================
============    11-01 08:05    ======================
=====================================================
no file for today... using yesterdays date
executing ./contour.py 2025 10 304
plotting sup...
plotting mic...
plotting hur...
plotting eri...
plotting ont...
quietly pushing to husky... (0 => success)
0
0
=====================================================
============    11-01 09:05    ======================
=====================================================
no file for today... using yesterdays date
executing ./contour.py 2025 10 304
plotting sup...
plotting mic...
plotting hur...
plotting eri...
plotting ont...
quietly pushing to husky... (0 => success)
0
0
=====================================================
============    11-01 10:05    ======================
=====================================================
no file for today... using yesterdays date
executing ./contour.py 2025 10 304
plotting sup...
plotting mic...
plotting hur...
plotting eri...
plotting ont...
quietly pushing to husky... (0 => success)
0
0
=====================================================
============    11-01 11:05    ======================
=====================================================
no file for today... using yesterdays date
executing ./contour.py 2025 10 304
plotting sup...
plotting mic...
plotting hur...
plotting eri...
plotting ont...
quietly pushing to husky... (0 => success)
0
0
=====================================================
============    11-01 12:05    ======================
=====================================================
no file for today... using yesterdays date
executing ./contour.py 2025 10 304
plotting sup...
plotting mic...
plotting hur...
plotting eri...
plotting ont...
quietly pushing to husky... (0 => success)
0
0
=====================================================
============    11-01 13:05    ======================
=====================================================
no file for today... using yesterdays date
executing ./contour.py 2025 10 304
plotting sup...
plotting mic...
plotting hur...
plotting eri...
plotting ont...
quietly pushing to husky... (0 => success)
0
0
=====================================================
============    11-01 14:05    ======================
=====================================================
no file for today... using yesterdays date
executing ./contour.py 2025 10 304
plotting sup...
plotting mic...
plotting hur...
plotting eri...
plotting ont...
quietly pushing to husky... (0 => success)
0
0
=====================================================
============    11-01 15:05    ======================
=====================================================
no file for today... using yesterdays date
executing ./contour.py 2025 10 304
plotting sup...
plotting mic...
plotting hur...
plotting eri...
plotting ont...
quietly pushing to husky... (0 => success)
0
0
=====================================================
============    11-01 16:05    ======================
=====================================================
no file for today... using yesterdays date
executing ./contour.py 2025 10 304
plotting sup...
plotting mic...
plotting hur...
plotting eri...
plotting ont...
quietly pushing to husky... (0 => success)
0
0
=====================================================
============    11-01 17:05    ======================
=====================================================
no file for today... using yesterdays date
executing ./contour.py 2025 10 304
plotting sup...
plotting mic...
plotting hur...
plotting eri...
plotting ont...
quietly pushing to husky... (0 => success)
0
0
=====================================================
============    11-01 18:05    ======================
=====================================================
no file for today... using yesterdays date
executing ./contour.py 2025 10 304
plotting sup...
plotting mic...
plotting hur...
plotting eri...
plotting ont...
quietly pushing to husky... (0 => success)
0
0
=====================================================
============    11-01 19:05    ======================
=====================================================
no file for today... using yesterdays date
executing ./contour.py 2025 10 304
plotting sup...
plotting mic...
plotting hur...
plotting eri...
plotting ont...
quietly pushing to husky... (0 => success)
0
0
=====================================================
============    11-01 20:05    ======================
=====================================================
no file for today... using yesterdays date
executing ./contour.py 2025 10 304
plotting sup...
plotting mic...
plotting hur...
plotting eri...
plotting ont...
quietly pushing to husky... (0 => success)
0
0
=====================================================
============    11-01 21:05    ======================
=====================================================
no file for today... using yesterdays date
executing ./contour.py 2025 10 304
plotting sup...
plotting mic...
plotting hur...
plotting eri...
plotting ont...
quietly pushing to husky... (0 => success)
0
0
=====================================================
============    11-01 22:05    ======================
=====================================================
no file for today... using yesterdays date
executing ./contour.py 2025 10 304
plotting sup...
plotting mic...
plotting hur...
plotting eri...
plotting ont...
quietly pushing to husky... (0 => success)
0
0
=====================================================
============    11-01 23:05    ======================
=====================================================
no file for today... using yesterdays date
executing ./contour.py 2025 10 304
plotting sup...
plotting mic...
plotting hur...
plotting eri...
plotting ont...
quietly pushing to husky... (0 => success)
0
0
=====================================================
============    11-02 00:05    ======================
=====================================================
no file for today... using yesterdays date
executing ./contour.py 2025 11 305
Traceback (most recent call last):
  File "/home/kessler/plot_gen/contour_glsea/./contour.py", line 22, in <module>
    lst_gl = np.matrix(pd.read_table(fin, skiprows=6, sep='\s+', header=None))
  File "/usr/local/lib64/python3.9/site-packages/pandas/io/parsers/readers.py", line 1403, in read_table
    return _read(filepath_or_buffer, kwds)
  File "/usr/local/lib64/python3.9/site-packages/pandas/io/parsers/readers.py", line 618, in _read
    parser = TextFileReader(filepath_or_buffer, **kwds)
  File "/usr/local/lib64/python3.9/site-packages/pandas/io/parsers/readers.py", line 1618, in __init__
    self._engine = self._make_engine(f, self.engine)
  File "/usr/local/lib64/python3.9/site-packages/pandas/io/parsers/readers.py", line 1878, in _make_engine
    self.handles = get_handle(
  File "/usr/local/lib64/python3.9/site-packages/pandas/io/common.py", line 873, in get_handle
    handle = open(
FileNotFoundError: [Errno 2] No such file or directory: '/mnt/cwdata/p/m/lcd//2025/11/2025_305_glsea.asc'
quietly pushing to husky... (0 => success)
0
0
=====================================================
============    11-02 01:05    ======================
=====================================================
no file for today... using yesterdays date
executing ./contour.py 2025 11 305
Traceback (most recent call last):
  File "/home/kessler/plot_gen/contour_glsea/./contour.py", line 22, in <module>
    lst_gl = np.matrix(pd.read_table(fin, skiprows=6, sep='\s+', header=None))
  File "/usr/local/lib64/python3.9/site-packages/pandas/io/parsers/readers.py", line 1403, in read_table
    return _read(filepath_or_buffer, kwds)
  File "/usr/local/lib64/python3.9/site-packages/pandas/io/parsers/readers.py", line 618, in _read
    parser = TextFileReader(filepath_or_buffer, **kwds)
  File "/usr/local/lib64/python3.9/site-packages/pandas/io/parsers/readers.py", line 1618, in __init__
    self._engine = self._make_engine(f, self.engine)
  File "/usr/local/lib64/python3.9/site-packages/pandas/io/parsers/readers.py", line 1878, in _make_engine
    self.handles = get_handle(
  File "/usr/local/lib64/python3.9/site-packages/pandas/io/common.py", line 873, in get_handle
    handle = open(
FileNotFoundError: [Errno 2] No such file or directory: '/mnt/cwdata/p/m/lcd//2025/11/2025_305_glsea.asc'
quietly pushing to husky... (0 => success)
0
0
=====================================================
============    11-02 01:05    ======================
=====================================================
no file for today... using yesterdays date
executing ./contour.py 2025 11 305
Traceback (most recent call last):
  File "/home/kessler/plot_gen/contour_glsea/./contour.py", line 22, in <module>
    lst_gl = np.matrix(pd.read_table(fin, skiprows=6, sep='\s+', header=None))
  File "/usr/local/lib64/python3.9/site-packages/pandas/io/parsers/readers.py", line 1403, in read_table
    return _read(filepath_or_buffer, kwds)
  File "/usr/local/lib64/python3.9/site-packages/pandas/io/parsers/readers.py", line 618, in _read
    parser = TextFileReader(filepath_or_buffer, **kwds)
  File "/usr/local/lib64/python3.9/site-packages/pandas/io/parsers/readers.py", line 1618, in __init__
    self._engine = self._make_engine(f, self.engine)
  File "/usr/local/lib64/python3.9/site-packages/pandas/io/parsers/readers.py", line 1878, in _make_engine
    self.handles = get_handle(
  File "/usr/local/lib64/python3.9/site-packages/pandas/io/common.py", line 873, in get_handle
    handle = open(
FileNotFoundError: [Errno 2] No such file or directory: '/mnt/cwdata/p/m/lcd//2025/11/2025_305_glsea.asc'
quietly pushing to husky... (0 => success)
0
0
=====================================================
============    11-02 02:05    ======================
=====================================================
no file for today... using yesterdays date
executing ./contour.py 2025 11 305
Traceback (most recent call last):
  File "/home/kessler/plot_gen/contour_glsea/./contour.py", line 22, in <module>
    lst_gl = np.matrix(pd.read_table(fin, skiprows=6, sep='\s+', header=None))
  File "/usr/local/lib64/python3.9/site-packages/pandas/io/parsers/readers.py", line 1403, in read_table
    return _read(filepath_or_buffer, kwds)
  File "/usr/local/lib64/python3.9/site-packages/pandas/io/parsers/readers.py", line 618, in _read
    parser = TextFileReader(filepath_or_buffer, **kwds)
  File "/usr/local/lib64/python3.9/site-packages/pandas/io/parsers/readers.py", line 1618, in __init__
    self._engine = self._make_engine(f, self.engine)
  File "/usr/local/lib64/python3.9/site-packages/pandas/io/parsers/readers.py", line 1878, in _make_engine
    self.handles = get_handle(
  File "/usr/local/lib64/python3.9/site-packages/pandas/io/common.py", line 873, in get_handle
    handle = open(
FileNotFoundError: [Errno 2] No such file or directory: '/mnt/cwdata/p/m/lcd//2025/11/2025_305_glsea.asc'
quietly pushing to husky... (0 => success)
0
0
=====================================================
============    11-02 03:05    ======================
=====================================================
no file for today... using yesterdays date
executing ./contour.py 2025 11 305
plotting sup...
plotting mic...
plotting hur...
plotting eri...
plotting ont...
quietly pushing to husky... (0 => success)
0
0
=====================================================
============    11-02 04:05    ======================
=====================================================
no file for today... using yesterdays date
executing ./contour.py 2025 11 305
plotting sup...
plotting mic...
plotting hur...
plotting eri...
plotting ont...
quietly pushing to husky... (0 => success)
0
0
=====================================================
============    11-02 05:05    ======================
=====================================================
no file for today... using yesterdays date
executing ./contour.py 2025 11 305
plotting sup...
plotting mic...
plotting hur...
plotting eri...
plotting ont...
quietly pushing to husky... (0 => success)
0
0
=====================================================
============    11-02 06:05    ======================
=====================================================
no file for today... using yesterdays date
executing ./contour.py 2025 11 305
plotting sup...
plotting mic...
plotting hur...
plotting eri...
plotting ont...
quietly pushing to husky... (0 => success)
0
0
=====================================================
============    11-02 07:05    ======================
=====================================================
no file for today... using yesterdays date
executing ./contour.py 2025 11 305
plotting sup...
plotting mic...
plotting hur...
plotting eri...
plotting ont...
quietly pushing to husky... (0 => success)
0
0
=====================================================
============    11-02 08:05    ======================
=====================================================
no file for today... using yesterdays date
executing ./contour.py 2025 11 305
plotting sup...
plotting mic...
plotting hur...
plotting eri...
plotting ont...
quietly pushing to husky... (0 => success)
0
0
=====================================================
============    11-02 09:05    ======================
=====================================================
no file for today... using yesterdays date
executing ./contour.py 2025 11 305
plotting sup...
plotting mic...
plotting hur...
plotting eri...
plotting ont...
quietly pushing to husky... (0 => success)
0
0
=====================================================
============    11-02 10:05    ======================
=====================================================
no file for today... using yesterdays date
executing ./contour.py 2025 11 305
plotting sup...
plotting mic...
plotting hur...
plotting eri...
plotting ont...
quietly pushing to husky... (0 => success)
0
0
=====================================================
============    11-02 11:05    ======================
=====================================================
no file for today... using yesterdays date
executing ./contour.py 2025 11 305
plotting sup...
plotting mic...
plotting hur...
plotting eri...
plotting ont...
quietly pushing to husky... (0 => success)
0
0
=====================================================
============    11-02 12:05    ======================
=====================================================
no file for today... using yesterdays date
executing ./contour.py 2025 11 305
plotting sup...
plotting mic...
plotting hur...
plotting eri...
plotting ont...
quietly pushing to husky... (0 => success)
0
0
=====================================================
============    11-02 13:05    ======================
=====================================================
no file for today... using yesterdays date
executing ./contour.py 2025 11 305
plotting sup...
plotting mic...
plotting hur...
plotting eri...
plotting ont...
quietly pushing to husky... (0 => success)
0
0
=====================================================
============    11-02 14:05    ======================
=====================================================
no file for today... using yesterdays date
executing ./contour.py 2025 11 305
plotting sup...
plotting mic...
plotting hur...
plotting eri...
plotting ont...
quietly pushing to husky... (0 => success)
0
0
=====================================================
============    11-02 15:05    ======================
=====================================================
no file for today... using yesterdays date
executing ./contour.py 2025 11 305
plotting sup...
plotting mic...
plotting hur...
plotting eri...
plotting ont...
quietly pushing to husky... (0 => success)
0
0
=====================================================
============    11-02 16:05    ======================
=====================================================
no file for today... using yesterdays date
executing ./contour.py 2025 11 305
plotting sup...
plotting mic...
plotting hur...
plotting eri...
plotting ont...
quietly pushing to husky... (0 => success)
0
0
=====================================================
============    11-02 17:05    ======================
=====================================================
no file for today... using yesterdays date
executing ./contour.py 2025 11 305
plotting sup...
plotting mic...
plotting hur...
plotting eri...
plotting ont...
quietly pushing to husky... (0 => success)
0
0
=====================================================
============    11-02 18:05    ======================
=====================================================
no file for today... using yesterdays date
executing ./contour.py 2025 11 305
plotting sup...
plotting mic...
plotting hur...
plotting eri...
plotting ont...
quietly pushing to husky... (0 => success)
0
0
=====================================================
============    11-02 19:05    ======================
=====================================================
no file for today... using yesterdays date
executing ./contour.py 2025 11 305
plotting sup...
plotting mic...
plotting hur...
plotting eri...
plotting ont...
quietly pushing to husky... (0 => success)
0
0
=====================================================
============    11-02 20:05    ======================
=====================================================
no file for today... using yesterdays date
executing ./contour.py 2025 11 305
plotting sup...
plotting mic...
plotting hur...
plotting eri...
plotting ont...
quietly pushing to husky... (0 => success)
0
0
=====================================================
============    11-02 21:05    ======================
=====================================================
no file for today... using yesterdays date
executing ./contour.py 2025 11 305
plotting sup...
plotting mic...
plotting hur...
plotting eri...
plotting ont...
quietly pushing to husky... (0 => success)
0
0
=====================================================
============    11-02 22:05    ======================
=====================================================
no file for today... using yesterdays date
executing ./contour.py 2025 11 305
plotting sup...
plotting mic...
plotting hur...
plotting eri...
plotting ont...
quietly pushing to husky... (0 => success)
0
0
=====================================================
============    11-02 23:05    ======================
=====================================================
no file for today... using yesterdays date
executing ./contour.py 2025 11 306
Traceback (most recent call last):
  File "/home/kessler/plot_gen/contour_glsea/./contour.py", line 22, in <module>
    lst_gl = np.matrix(pd.read_table(fin, skiprows=6, sep='\s+', header=None))
  File "/usr/local/lib64/python3.9/site-packages/pandas/io/parsers/readers.py", line 1403, in read_table
    return _read(filepath_or_buffer, kwds)
  File "/usr/local/lib64/python3.9/site-packages/pandas/io/parsers/readers.py", line 618, in _read
    parser = TextFileReader(filepath_or_buffer, **kwds)
  File "/usr/local/lib64/python3.9/site-packages/pandas/io/parsers/readers.py", line 1618, in __init__
    self._engine = self._make_engine(f, self.engine)
  File "/usr/local/lib64/python3.9/site-packages/pandas/io/parsers/readers.py", line 1878, in _make_engine
    self.handles = get_handle(
  File "/usr/local/lib64/python3.9/site-packages/pandas/io/common.py", line 873, in get_handle
    handle = open(
FileNotFoundError: [Errno 2] No such file or directory: '/mnt/cwdata/p/m/lcd//2025/11/2025_306_glsea.asc'
quietly pushing to husky... (0 => success)
0
0
=====================================================
============    11-03 00:05    ======================
=====================================================
no file for today... using yesterdays date
executing ./contour.py 2025 11 306
Traceback (most recent call last):
  File "/home/kessler/plot_gen/contour_glsea/./contour.py", line 22, in <module>
    lst_gl = np.matrix(pd.read_table(fin, skiprows=6, sep='\s+', header=None))
  File "/usr/local/lib64/python3.9/site-packages/pandas/io/parsers/readers.py", line 1403, in read_table
    return _read(filepath_or_buffer, kwds)
  File "/usr/local/lib64/python3.9/site-packages/pandas/io/parsers/readers.py", line 618, in _read
    parser = TextFileReader(filepath_or_buffer, **kwds)
  File "/usr/local/lib64/python3.9/site-packages/pandas/io/parsers/readers.py", line 1618, in __init__
    self._engine = self._make_engine(f, self.engine)
  File "/usr/local/lib64/python3.9/site-packages/pandas/io/parsers/readers.py", line 1878, in _make_engine
    self.handles = get_handle(
  File "/usr/local/lib64/python3.9/site-packages/pandas/io/common.py", line 873, in get_handle
    handle = open(
FileNotFoundError: [Errno 2] No such file or directory: '/mnt/cwdata/p/m/lcd//2025/11/2025_306_glsea.asc'
quietly pushing to husky... (0 => success)
0
0
=====================================================
============    11-03 01:05    ======================
=====================================================
no file for today... using yesterdays date
executing ./contour.py 2025 11 306
Traceback (most recent call last):
  File "/home/kessler/plot_gen/contour_glsea/./contour.py", line 22, in <module>
    lst_gl = np.matrix(pd.read_table(fin, skiprows=6, sep='\s+', header=None))
  File "/usr/local/lib64/python3.9/site-packages/pandas/io/parsers/readers.py", line 1403, in read_table
    return _read(filepath_or_buffer, kwds)
  File "/usr/local/lib64/python3.9/site-packages/pandas/io/parsers/readers.py", line 618, in _read
    parser = TextFileReader(filepath_or_buffer, **kwds)
  File "/usr/local/lib64/python3.9/site-packages/pandas/io/parsers/readers.py", line 1618, in __init__
    self._engine = self._make_engine(f, self.engine)
  File "/usr/local/lib64/python3.9/site-packages/pandas/io/parsers/readers.py", line 1878, in _make_engine
    self.handles = get_handle(
  File "/usr/local/lib64/python3.9/site-packages/pandas/io/common.py", line 873, in get_handle
    handle = open(
FileNotFoundError: [Errno 2] No such file or directory: '/mnt/cwdata/p/m/lcd//2025/11/2025_306_glsea.asc'
quietly pushing to husky... (0 => success)
0
0
=====================================================
============    11-03 02:05    ======================
=====================================================
no file for today... using yesterdays date
executing ./contour.py 2025 11 306
Traceback (most recent call last):
  File "/home/kessler/plot_gen/contour_glsea/./contour.py", line 22, in <module>
    lst_gl = np.matrix(pd.read_table(fin, skiprows=6, sep='\s+', header=None))
  File "/usr/local/lib64/python3.9/site-packages/pandas/io/parsers/readers.py", line 1403, in read_table
    return _read(filepath_or_buffer, kwds)
  File "/usr/local/lib64/python3.9/site-packages/pandas/io/parsers/readers.py", line 618, in _read
    parser = TextFileReader(filepath_or_buffer, **kwds)
  File "/usr/local/lib64/python3.9/site-packages/pandas/io/parsers/readers.py", line 1618, in __init__
    self._engine = self._make_engine(f, self.engine)
  File "/usr/local/lib64/python3.9/site-packages/pandas/io/parsers/readers.py", line 1878, in _make_engine
    self.handles = get_handle(
  File "/usr/local/lib64/python3.9/site-packages/pandas/io/common.py", line 873, in get_handle
    handle = open(
FileNotFoundError: [Errno 2] No such file or directory: '/mnt/cwdata/p/m/lcd//2025/11/2025_306_glsea.asc'
quietly pushing to husky... (0 => success)
0
0
=====================================================
============    11-03 03:05    ======================
=====================================================
no file for today... using yesterdays date
executing ./contour.py 2025 11 306
plotting sup...
plotting mic...
plotting hur...
plotting eri...
plotting ont...
quietly pushing to husky... (0 => success)
0
0
=====================================================
============    11-03 04:05    ======================
=====================================================
no file for today... using yesterdays date
executing ./contour.py 2025 11 306
plotting sup...
plotting mic...
plotting hur...
plotting eri...
plotting ont...
quietly pushing to husky... (0 => success)
0
0
=====================================================
============    11-03 05:05    ======================
=====================================================
no file for today... using yesterdays date
executing ./contour.py 2025 11 306
plotting sup...
plotting mic...
plotting hur...
plotting eri...
plotting ont...
quietly pushing to husky... (0 => success)
0
0
=====================================================
============    11-03 06:05    ======================
=====================================================
no file for today... using yesterdays date
executing ./contour.py 2025 11 306
plotting sup...
plotting mic...
plotting hur...
plotting eri...
plotting ont...
quietly pushing to husky... (0 => success)
0
0
=====================================================
============    11-03 07:05    ======================
=====================================================
no file for today... using yesterdays date
executing ./contour.py 2025 11 306
plotting sup...
plotting mic...
plotting hur...
plotting eri...
plotting ont...
quietly pushing to husky... (0 => success)
0
0
=====================================================
============    11-03 08:05    ======================
=====================================================
no file for today... using yesterdays date
executing ./contour.py 2025 11 306
plotting sup...
plotting mic...
plotting hur...
plotting eri...
plotting ont...
quietly pushing to husky... (0 => success)
0
0
=====================================================
============    11-03 09:05    ======================
=====================================================
no file for today... using yesterdays date
executing ./contour.py 2025 11 306
plotting sup...
plotting mic...
plotting hur...
plotting eri...
plotting ont...
quietly pushing to husky... (0 => success)
0
0
=====================================================
============    11-03 10:05    ======================
=====================================================
no file for today... using yesterdays date
executing ./contour.py 2025 11 306
plotting sup...
plotting mic...
plotting hur...
plotting eri...
plotting ont...
quietly pushing to husky... (0 => success)
0
0
=====================================================
============    11-03 11:05    ======================
=====================================================
no file for today... using yesterdays date
executing ./contour.py 2025 11 306
plotting sup...
plotting mic...
plotting hur...
plotting eri...
plotting ont...
quietly pushing to husky... (0 => success)
0
0
=====================================================
============    11-03 12:05    ======================
=====================================================
no file for today... using yesterdays date
executing ./contour.py 2025 11 306
plotting sup...
plotting mic...
plotting hur...
plotting eri...
plotting ont...
quietly pushing to husky... (0 => success)
0
0
=====================================================
============    11-03 13:05    ======================
=====================================================
no file for today... using yesterdays date
executing ./contour.py 2025 11 306
plotting sup...
plotting mic...
plotting hur...
plotting eri...
plotting ont...
quietly pushing to husky... (0 => success)
0
0
=====================================================
============    11-03 14:05    ======================
=====================================================
no file for today... using yesterdays date
executing ./contour.py 2025 11 306
plotting sup...
plotting mic...
plotting hur...
plotting eri...
plotting ont...
quietly pushing to husky... (0 => success)
0
0
=====================================================
============    11-03 15:05    ======================
=====================================================
no file for today... using yesterdays date
executing ./contour.py 2025 11 306
plotting sup...
plotting mic...
plotting hur...
plotting eri...
plotting ont...
quietly pushing to husky... (0 => success)
0
0
=====================================================
============    11-03 16:05    ======================
=====================================================
no file for today... using yesterdays date
executing ./contour.py 2025 11 306
plotting sup...
plotting mic...
plotting hur...
plotting eri...
plotting ont...
quietly pushing to husky... (0 => success)
0
0
=====================================================
============    11-03 17:05    ======================
=====================================================
no file for today... using yesterdays date
executing ./contour.py 2025 11 306
plotting sup...
plotting mic...
plotting hur...
plotting eri...
plotting ont...
quietly pushing to husky... (0 => success)
0
0
=====================================================
============    11-03 18:05    ======================
=====================================================
no file for today... using yesterdays date
executing ./contour.py 2025 11 306
plotting sup...
plotting mic...
plotting hur...
plotting eri...
plotting ont...
quietly pushing to husky... (0 => success)
0
0
=====================================================
============    11-03 19:05    ======================
=====================================================
no file for today... using yesterdays date
executing ./contour.py 2025 11 306
plotting sup...
plotting mic...
plotting hur...
plotting eri...
plotting ont...
quietly pushing to husky... (0 => success)
0
0
=====================================================
============    11-03 20:05    ======================
=====================================================
no file for today... using yesterdays date
executing ./contour.py 2025 11 306
plotting sup...
plotting mic...
plotting hur...
plotting eri...
plotting ont...
quietly pushing to husky... (0 => success)
0
0
=====================================================
============    11-03 21:05    ======================
=====================================================
no file for today... using yesterdays date
executing ./contour.py 2025 11 306
plotting sup...
plotting mic...
plotting hur...
plotting eri...
plotting ont...
quietly pushing to husky... (0 => success)
0
0
=====================================================
============    11-03 22:05    ======================
=====================================================
no file for today... using yesterdays date
executing ./contour.py 2025 11 306
plotting sup...
plotting mic...
plotting hur...
plotting eri...
plotting ont...
quietly pushing to husky... (0 => success)
0
0
=====================================================
============    11-03 23:05    ======================
=====================================================
no file for today... using yesterdays date
executing ./contour.py 2025 11 306
plotting sup...
plotting mic...
plotting hur...
plotting eri...
plotting ont...
quietly pushing to husky... (0 => success)
0
0
=====================================================
============    11-04 00:05    ======================
=====================================================
no file for today... using yesterdays date
executing ./contour.py 2025 11 307
Traceback (most recent call last):
  File "/home/kessler/plot_gen/contour_glsea/./contour.py", line 22, in <module>
    lst_gl = np.matrix(pd.read_table(fin, skiprows=6, sep='\s+', header=None))
  File "/usr/local/lib64/python3.9/site-packages/pandas/io/parsers/readers.py", line 1403, in read_table
    return _read(filepath_or_buffer, kwds)
  File "/usr/local/lib64/python3.9/site-packages/pandas/io/parsers/readers.py", line 618, in _read
    parser = TextFileReader(filepath_or_buffer, **kwds)
  File "/usr/local/lib64/python3.9/site-packages/pandas/io/parsers/readers.py", line 1618, in __init__
    self._engine = self._make_engine(f, self.engine)
  File "/usr/local/lib64/python3.9/site-packages/pandas/io/parsers/readers.py", line 1878, in _make_engine
    self.handles = get_handle(
  File "/usr/local/lib64/python3.9/site-packages/pandas/io/common.py", line 873, in get_handle
    handle = open(
FileNotFoundError: [Errno 2] No such file or directory: '/mnt/cwdata/p/m/lcd//2025/11/2025_307_glsea.asc'
quietly pushing to husky... (0 => success)
0
0
=====================================================
============    11-04 01:05    ======================
=====================================================
no file for today... using yesterdays date
executing ./contour.py 2025 11 307
Traceback (most recent call last):
  File "/home/kessler/plot_gen/contour_glsea/./contour.py", line 22, in <module>
    lst_gl = np.matrix(pd.read_table(fin, skiprows=6, sep='\s+', header=None))
  File "/usr/local/lib64/python3.9/site-packages/pandas/io/parsers/readers.py", line 1403, in read_table
    return _read(filepath_or_buffer, kwds)
  File "/usr/local/lib64/python3.9/site-packages/pandas/io/parsers/readers.py", line 618, in _read
    parser = TextFileReader(filepath_or_buffer, **kwds)
  File "/usr/local/lib64/python3.9/site-packages/pandas/io/parsers/readers.py", line 1618, in __init__
    self._engine = self._make_engine(f, self.engine)
  File "/usr/local/lib64/python3.9/site-packages/pandas/io/parsers/readers.py", line 1878, in _make_engine
    self.handles = get_handle(
  File "/usr/local/lib64/python3.9/site-packages/pandas/io/common.py", line 873, in get_handle
    handle = open(
FileNotFoundError: [Errno 2] No such file or directory: '/mnt/cwdata/p/m/lcd//2025/11/2025_307_glsea.asc'
quietly pushing to husky... (0 => success)
0
0
=====================================================
============    11-04 02:05    ======================
=====================================================
no file for today... using yesterdays date
executing ./contour.py 2025 11 307
Traceback (most recent call last):
  File "/home/kessler/plot_gen/contour_glsea/./contour.py", line 22, in <module>
    lst_gl = np.matrix(pd.read_table(fin, skiprows=6, sep='\s+', header=None))
  File "/usr/local/lib64/python3.9/site-packages/pandas/io/parsers/readers.py", line 1403, in read_table
    return _read(filepath_or_buffer, kwds)
  File "/usr/local/lib64/python3.9/site-packages/pandas/io/parsers/readers.py", line 618, in _read
    parser = TextFileReader(filepath_or_buffer, **kwds)
  File "/usr/local/lib64/python3.9/site-packages/pandas/io/parsers/readers.py", line 1618, in __init__
    self._engine = self._make_engine(f, self.engine)
  File "/usr/local/lib64/python3.9/site-packages/pandas/io/parsers/readers.py", line 1878, in _make_engine
    self.handles = get_handle(
  File "/usr/local/lib64/python3.9/site-packages/pandas/io/common.py", line 873, in get_handle
    handle = open(
FileNotFoundError: [Errno 2] No such file or directory: '/mnt/cwdata/p/m/lcd//2025/11/2025_307_glsea.asc'
quietly pushing to husky... (0 => success)
0
0
=====================================================
============    11-04 03:05    ======================
=====================================================
no file for today... using yesterdays date
executing ./contour.py 2025 11 307
plotting sup...
plotting mic...
plotting hur...
plotting eri...
plotting ont...
quietly pushing to husky... (0 => success)
0
0
=====================================================
============    11-04 04:05    ======================
=====================================================
no file for today... using yesterdays date
executing ./contour.py 2025 11 307
plotting sup...
plotting mic...
plotting hur...
plotting eri...
plotting ont...
quietly pushing to husky... (0 => success)
0
0
=====================================================
============    11-04 05:05    ======================
=====================================================
no file for today... using yesterdays date
executing ./contour.py 2025 11 307
plotting sup...
plotting mic...
plotting hur...
plotting eri...
plotting ont...
quietly pushing to husky... (0 => success)
0
0
=====================================================
============    11-04 06:05    ======================
=====================================================
no file for today... using yesterdays date
executing ./contour.py 2025 11 307
plotting sup...
plotting mic...
plotting hur...
plotting eri...
plotting ont...
quietly pushing to husky... (0 => success)
0
0
=====================================================
============    11-04 07:05    ======================
=====================================================
no file for today... using yesterdays date
executing ./contour.py 2025 11 307
plotting sup...
plotting mic...
plotting hur...
plotting eri...
plotting ont...
quietly pushing to husky... (0 => success)
0
0
=====================================================
============    11-04 08:05    ======================
=====================================================
no file for today... using yesterdays date
executing ./contour.py 2025 11 307
plotting sup...
plotting mic...
plotting hur...
plotting eri...
plotting ont...
quietly pushing to husky... (0 => success)
0
0
=====================================================
============    11-04 09:05    ======================
=====================================================
no file for today... using yesterdays date
executing ./contour.py 2025 11 307
plotting sup...
plotting mic...
plotting hur...
plotting eri...
plotting ont...
quietly pushing to husky... (0 => success)
0
0
=====================================================
============    11-04 10:05    ======================
=====================================================
no file for today... using yesterdays date
executing ./contour.py 2025 11 307
plotting sup...
plotting mic...
plotting hur...
plotting eri...
plotting ont...
quietly pushing to husky... (0 => success)
0
0
=====================================================
============    11-04 11:05    ======================
=====================================================
no file for today... using yesterdays date
executing ./contour.py 2025 11 307
plotting sup...
plotting mic...
plotting hur...
plotting eri...
plotting ont...
quietly pushing to husky... (0 => success)
0
0
=====================================================
============    11-04 12:05    ======================
=====================================================
no file for today... using yesterdays date
executing ./contour.py 2025 11 307
plotting sup...
plotting mic...
plotting hur...
plotting eri...
plotting ont...
quietly pushing to husky... (0 => success)
0
0
=====================================================
============    11-04 13:05    ======================
=====================================================
no file for today... using yesterdays date
executing ./contour.py 2025 11 307
plotting sup...
plotting mic...
plotting hur...
plotting eri...
plotting ont...
quietly pushing to husky... (0 => success)
0
0
=====================================================
============    11-04 14:05    ======================
=====================================================
no file for today... using yesterdays date
executing ./contour.py 2025 11 307
plotting sup...
plotting mic...
plotting hur...
plotting eri...
plotting ont...
quietly pushing to husky... (0 => success)
0
0
=====================================================
============    11-04 15:05    ======================
=====================================================
no file for today... using yesterdays date
executing ./contour.py 2025 11 307
plotting sup...
plotting mic...
plotting hur...
plotting eri...
plotting ont...
quietly pushing to husky... (0 => success)
0
0
=====================================================
============    11-04 16:05    ======================
=====================================================
no file for today... using yesterdays date
executing ./contour.py 2025 11 307
plotting sup...
plotting mic...
plotting hur...
plotting eri...
plotting ont...
quietly pushing to husky... (0 => success)
0
0
=====================================================
============    11-04 17:05    ======================
=====================================================
no file for today... using yesterdays date
executing ./contour.py 2025 11 307
plotting sup...
plotting mic...
plotting hur...
plotting eri...
plotting ont...
quietly pushing to husky... (0 => success)
0
0
=====================================================
============    11-04 18:05    ======================
=====================================================
no file for today... using yesterdays date
executing ./contour.py 2025 11 307
plotting sup...
plotting mic...
plotting hur...
plotting eri...
plotting ont...
quietly pushing to husky... (0 => success)
0
0
=====================================================
============    11-04 19:05    ======================
=====================================================
no file for today... using yesterdays date
executing ./contour.py 2025 11 307
plotting sup...
plotting mic...
plotting hur...
plotting eri...
plotting ont...
quietly pushing to husky... (0 => success)
0
0
=====================================================
============    11-04 20:05    ======================
=====================================================
no file for today... using yesterdays date
executing ./contour.py 2025 11 307
plotting sup...
plotting mic...
plotting hur...
plotting eri...
plotting ont...
quietly pushing to husky... (0 => success)
0
0
=====================================================
============    11-04 21:05    ======================
=====================================================
no file for today... using yesterdays date
executing ./contour.py 2025 11 307
plotting sup...
plotting mic...
plotting hur...
plotting eri...
plotting ont...
quietly pushing to husky... (0 => success)
0
0
=====================================================
============    11-04 22:05    ======================
=====================================================
no file for today... using yesterdays date
executing ./contour.py 2025 11 307
plotting sup...
plotting mic...
plotting hur...
plotting eri...
plotting ont...
quietly pushing to husky... (0 => success)
0
0
=====================================================
============    11-04 23:05    ======================
=====================================================
no file for today... using yesterdays date
executing ./contour.py 2025 11 307
plotting sup...
plotting mic...
plotting hur...
plotting eri...
plotting ont...
quietly pushing to husky... (0 => success)
0
0
=====================================================
============    11-05 00:05    ======================
=====================================================
no file for today... using yesterdays date
executing ./contour.py 2025 11 308
Traceback (most recent call last):
  File "/home/kessler/plot_gen/contour_glsea/./contour.py", line 22, in <module>
    lst_gl = np.matrix(pd.read_table(fin, skiprows=6, sep='\s+', header=None))
  File "/usr/local/lib64/python3.9/site-packages/pandas/io/parsers/readers.py", line 1403, in read_table
    return _read(filepath_or_buffer, kwds)
  File "/usr/local/lib64/python3.9/site-packages/pandas/io/parsers/readers.py", line 618, in _read
    parser = TextFileReader(filepath_or_buffer, **kwds)
  File "/usr/local/lib64/python3.9/site-packages/pandas/io/parsers/readers.py", line 1618, in __init__
    self._engine = self._make_engine(f, self.engine)
  File "/usr/local/lib64/python3.9/site-packages/pandas/io/parsers/readers.py", line 1878, in _make_engine
    self.handles = get_handle(
  File "/usr/local/lib64/python3.9/site-packages/pandas/io/common.py", line 873, in get_handle
    handle = open(
FileNotFoundError: [Errno 2] No such file or directory: '/mnt/cwdata/p/m/lcd//2025/11/2025_308_glsea.asc'
quietly pushing to husky... (0 => success)
0
0
=====================================================
============    11-05 01:05    ======================
=====================================================
no file for today... using yesterdays date
executing ./contour.py 2025 11 308
Traceback (most recent call last):
  File "/home/kessler/plot_gen/contour_glsea/./contour.py", line 22, in <module>
    lst_gl = np.matrix(pd.read_table(fin, skiprows=6, sep='\s+', header=None))
  File "/usr/local/lib64/python3.9/site-packages/pandas/io/parsers/readers.py", line 1403, in read_table
    return _read(filepath_or_buffer, kwds)
  File "/usr/local/lib64/python3.9/site-packages/pandas/io/parsers/readers.py", line 618, in _read
    parser = TextFileReader(filepath_or_buffer, **kwds)
  File "/usr/local/lib64/python3.9/site-packages/pandas/io/parsers/readers.py", line 1618, in __init__
    self._engine = self._make_engine(f, self.engine)
  File "/usr/local/lib64/python3.9/site-packages/pandas/io/parsers/readers.py", line 1878, in _make_engine
    self.handles = get_handle(
  File "/usr/local/lib64/python3.9/site-packages/pandas/io/common.py", line 873, in get_handle
    handle = open(
FileNotFoundError: [Errno 2] No such file or directory: '/mnt/cwdata/p/m/lcd//2025/11/2025_308_glsea.asc'
quietly pushing to husky... (0 => success)
0
0
=====================================================
============    11-05 02:05    ======================
=====================================================
no file for today... using yesterdays date
executing ./contour.py 2025 11 308
Traceback (most recent call last):
  File "/home/kessler/plot_gen/contour_glsea/./contour.py", line 22, in <module>
    lst_gl = np.matrix(pd.read_table(fin, skiprows=6, sep='\s+', header=None))
  File "/usr/local/lib64/python3.9/site-packages/pandas/io/parsers/readers.py", line 1403, in read_table
    return _read(filepath_or_buffer, kwds)
  File "/usr/local/lib64/python3.9/site-packages/pandas/io/parsers/readers.py", line 618, in _read
    parser = TextFileReader(filepath_or_buffer, **kwds)
  File "/usr/local/lib64/python3.9/site-packages/pandas/io/parsers/readers.py", line 1618, in __init__
    self._engine = self._make_engine(f, self.engine)
  File "/usr/local/lib64/python3.9/site-packages/pandas/io/parsers/readers.py", line 1878, in _make_engine
    self.handles = get_handle(
  File "/usr/local/lib64/python3.9/site-packages/pandas/io/common.py", line 873, in get_handle
    handle = open(
FileNotFoundError: [Errno 2] No such file or directory: '/mnt/cwdata/p/m/lcd//2025/11/2025_308_glsea.asc'
quietly pushing to husky... (0 => success)
0
0
=====================================================
============    11-05 03:05    ======================
=====================================================
no file for today... using yesterdays date
executing ./contour.py 2025 11 308
plotting sup...
plotting mic...
plotting hur...
plotting eri...
plotting ont...
quietly pushing to husky... (0 => success)
0
0
=====================================================
============    11-05 04:05    ======================
=====================================================
no file for today... using yesterdays date
executing ./contour.py 2025 11 308
plotting sup...
plotting mic...
plotting hur...
plotting eri...
plotting ont...
quietly pushing to husky... (0 => success)
0
0
=====================================================
============    11-05 05:05    ======================
=====================================================
no file for today... using yesterdays date
executing ./contour.py 2025 11 308
plotting sup...
plotting mic...
plotting hur...
plotting eri...
plotting ont...
quietly pushing to husky... (0 => success)
0
0
=====================================================
============    11-05 06:05    ======================
=====================================================
no file for today... using yesterdays date
executing ./contour.py 2025 11 308
plotting sup...
plotting mic...
plotting hur...
plotting eri...
plotting ont...
quietly pushing to husky... (0 => success)
0
0
=====================================================
============    11-05 07:05    ======================
=====================================================
no file for today... using yesterdays date
executing ./contour.py 2025 11 308
plotting sup...
plotting mic...
plotting hur...
plotting eri...
plotting ont...
quietly pushing to husky... (0 => success)
0
0
=====================================================
============    11-05 08:05    ======================
=====================================================
no file for today... using yesterdays date
executing ./contour.py 2025 11 308
plotting sup...
plotting mic...
plotting hur...
plotting eri...
plotting ont...
quietly pushing to husky... (0 => success)
0
0
=====================================================
============    11-05 09:05    ======================
=====================================================
no file for today... using yesterdays date
executing ./contour.py 2025 11 308
plotting sup...
plotting mic...
plotting hur...
plotting eri...
plotting ont...
quietly pushing to husky... (0 => success)
0
0
=====================================================
============    11-05 10:05    ======================
=====================================================
no file for today... using yesterdays date
executing ./contour.py 2025 11 308
plotting sup...
plotting mic...
plotting hur...
plotting eri...
plotting ont...
quietly pushing to husky... (0 => success)
0
0
=====================================================
============    11-05 11:05    ======================
=====================================================
no file for today... using yesterdays date
executing ./contour.py 2025 11 308
plotting sup...
plotting mic...
plotting hur...
plotting eri...
plotting ont...
quietly pushing to husky... (0 => success)
0
0
=====================================================
============    11-05 12:05    ======================
=====================================================
no file for today... using yesterdays date
executing ./contour.py 2025 11 308
plotting sup...
plotting mic...
plotting hur...
plotting eri...
plotting ont...
quietly pushing to husky... (0 => success)
0
0
=====================================================
============    11-05 13:05    ======================
=====================================================
no file for today... using yesterdays date
executing ./contour.py 2025 11 308
plotting sup...
plotting mic...
plotting hur...
plotting eri...
plotting ont...
quietly pushing to husky... (0 => success)
0
0
=====================================================
============    11-05 14:05    ======================
=====================================================
no file for today... using yesterdays date
executing ./contour.py 2025 11 308
plotting sup...
plotting mic...
plotting hur...
plotting eri...
plotting ont...
quietly pushing to husky... (0 => success)
0
0
=====================================================
============    11-05 15:05    ======================
=====================================================
no file for today... using yesterdays date
executing ./contour.py 2025 11 308
plotting sup...
plotting mic...
plotting hur...
plotting eri...
plotting ont...
quietly pushing to husky... (0 => success)
0
0
=====================================================
============    11-05 16:05    ======================
=====================================================
no file for today... using yesterdays date
executing ./contour.py 2025 11 308
plotting sup...
plotting mic...
plotting hur...
plotting eri...
plotting ont...
quietly pushing to husky... (0 => success)
0
0
=====================================================
============    11-05 17:05    ======================
=====================================================
no file for today... using yesterdays date
executing ./contour.py 2025 11 308
plotting sup...
plotting mic...
plotting hur...
plotting eri...
plotting ont...
quietly pushing to husky... (0 => success)
0
0
=====================================================
============    11-05 18:05    ======================
=====================================================
no file for today... using yesterdays date
executing ./contour.py 2025 11 308
plotting sup...
plotting mic...
plotting hur...
plotting eri...
plotting ont...
quietly pushing to husky... (0 => success)
0
0
=====================================================
============    11-05 19:05    ======================
=====================================================
no file for today... using yesterdays date
executing ./contour.py 2025 11 308
plotting sup...
plotting mic...
plotting hur...
plotting eri...
plotting ont...
quietly pushing to husky... (0 => success)
0
0
=====================================================
============    11-05 20:05    ======================
=====================================================
no file for today... using yesterdays date
executing ./contour.py 2025 11 308
plotting sup...
plotting mic...
plotting hur...
plotting eri...
plotting ont...
quietly pushing to husky... (0 => success)
0
0
=====================================================
============    11-05 21:05    ======================
=====================================================
no file for today... using yesterdays date
executing ./contour.py 2025 11 308
plotting sup...
plotting mic...
plotting hur...
plotting eri...
plotting ont...
quietly pushing to husky... (0 => success)
0
0
=====================================================
============    11-05 22:05    ======================
=====================================================
no file for today... using yesterdays date
executing ./contour.py 2025 11 308
plotting sup...
plotting mic...
plotting hur...
plotting eri...
plotting ont...
quietly pushing to husky... (0 => success)
0
0
=====================================================
============    11-05 23:05    ======================
=====================================================
no file for today... using yesterdays date
executing ./contour.py 2025 11 308
plotting sup...
plotting mic...
plotting hur...
plotting eri...
plotting ont...
quietly pushing to husky... (0 => success)
0
0
=====================================================
============    11-06 00:05    ======================
=====================================================
no file for today... using yesterdays date
executing ./contour.py 2025 11 309
Traceback (most recent call last):
  File "/home/kessler/plot_gen/contour_glsea/./contour.py", line 22, in <module>
    lst_gl = np.matrix(pd.read_table(fin, skiprows=6, sep='\s+', header=None))
  File "/usr/local/lib64/python3.9/site-packages/pandas/io/parsers/readers.py", line 1403, in read_table
    return _read(filepath_or_buffer, kwds)
  File "/usr/local/lib64/python3.9/site-packages/pandas/io/parsers/readers.py", line 618, in _read
    parser = TextFileReader(filepath_or_buffer, **kwds)
  File "/usr/local/lib64/python3.9/site-packages/pandas/io/parsers/readers.py", line 1618, in __init__
    self._engine = self._make_engine(f, self.engine)
  File "/usr/local/lib64/python3.9/site-packages/pandas/io/parsers/readers.py", line 1878, in _make_engine
    self.handles = get_handle(
  File "/usr/local/lib64/python3.9/site-packages/pandas/io/common.py", line 873, in get_handle
    handle = open(
FileNotFoundError: [Errno 2] No such file or directory: '/mnt/cwdata/p/m/lcd//2025/11/2025_309_glsea.asc'
quietly pushing to husky... (0 => success)
0
0
=====================================================
============    11-06 01:05    ======================
=====================================================
no file for today... using yesterdays date
executing ./contour.py 2025 11 309
Traceback (most recent call last):
  File "/home/kessler/plot_gen/contour_glsea/./contour.py", line 22, in <module>
    lst_gl = np.matrix(pd.read_table(fin, skiprows=6, sep='\s+', header=None))
  File "/usr/local/lib64/python3.9/site-packages/pandas/io/parsers/readers.py", line 1403, in read_table
    return _read(filepath_or_buffer, kwds)
  File "/usr/local/lib64/python3.9/site-packages/pandas/io/parsers/readers.py", line 618, in _read
    parser = TextFileReader(filepath_or_buffer, **kwds)
  File "/usr/local/lib64/python3.9/site-packages/pandas/io/parsers/readers.py", line 1618, in __init__
    self._engine = self._make_engine(f, self.engine)
  File "/usr/local/lib64/python3.9/site-packages/pandas/io/parsers/readers.py", line 1878, in _make_engine
    self.handles = get_handle(
  File "/usr/local/lib64/python3.9/site-packages/pandas/io/common.py", line 873, in get_handle
    handle = open(
FileNotFoundError: [Errno 2] No such file or directory: '/mnt/cwdata/p/m/lcd//2025/11/2025_309_glsea.asc'
quietly pushing to husky... (0 => success)
0
0
=====================================================
============    11-06 02:05    ======================
=====================================================
no file for today... using yesterdays date
executing ./contour.py 2025 11 309
Traceback (most recent call last):
  File "/home/kessler/plot_gen/contour_glsea/./contour.py", line 22, in <module>
    lst_gl = np.matrix(pd.read_table(fin, skiprows=6, sep='\s+', header=None))
  File "/usr/local/lib64/python3.9/site-packages/pandas/io/parsers/readers.py", line 1403, in read_table
    return _read(filepath_or_buffer, kwds)
  File "/usr/local/lib64/python3.9/site-packages/pandas/io/parsers/readers.py", line 618, in _read
    parser = TextFileReader(filepath_or_buffer, **kwds)
  File "/usr/local/lib64/python3.9/site-packages/pandas/io/parsers/readers.py", line 1618, in __init__
    self._engine = self._make_engine(f, self.engine)
  File "/usr/local/lib64/python3.9/site-packages/pandas/io/parsers/readers.py", line 1878, in _make_engine
    self.handles = get_handle(
  File "/usr/local/lib64/python3.9/site-packages/pandas/io/common.py", line 873, in get_handle
    handle = open(
FileNotFoundError: [Errno 2] No such file or directory: '/mnt/cwdata/p/m/lcd//2025/11/2025_309_glsea.asc'
quietly pushing to husky... (0 => success)
0
0
=====================================================
============    11-06 03:05    ======================
=====================================================
no file for today... using yesterdays date
executing ./contour.py 2025 11 309
plotting sup...
plotting mic...
plotting hur...
plotting eri...
plotting ont...
quietly pushing to husky... (0 => success)
0
0
=====================================================
============    11-06 04:05    ======================
=====================================================
no file for today... using yesterdays date
executing ./contour.py 2025 11 309
plotting sup...
plotting mic...
plotting hur...
plotting eri...
plotting ont...
quietly pushing to husky... (0 => success)
0
0
=====================================================
============    11-06 05:05    ======================
=====================================================
no file for today... using yesterdays date
executing ./contour.py 2025 11 309
plotting sup...
plotting mic...
plotting hur...
plotting eri...
plotting ont...
quietly pushing to husky... (0 => success)
0
0
=====================================================
============    11-06 06:05    ======================
=====================================================
no file for today... using yesterdays date
executing ./contour.py 2025 11 309
plotting sup...
plotting mic...
plotting hur...
plotting eri...
plotting ont...
quietly pushing to husky... (0 => success)
0
0
=====================================================
============    11-06 07:05    ======================
=====================================================
no file for today... using yesterdays date
executing ./contour.py 2025 11 309
plotting sup...
plotting mic...
plotting hur...
plotting eri...
plotting ont...
quietly pushing to husky... (0 => success)
0
0
=====================================================
============    11-06 08:05    ======================
=====================================================
no file for today... using yesterdays date
executing ./contour.py 2025 11 309
plotting sup...
plotting mic...
plotting hur...
plotting eri...
plotting ont...
quietly pushing to husky... (0 => success)
0
0
=====================================================
============    11-06 09:05    ======================
=====================================================
no file for today... using yesterdays date
executing ./contour.py 2025 11 309
plotting sup...
plotting mic...
plotting hur...
plotting eri...
plotting ont...
quietly pushing to husky... (0 => success)
0
0
=====================================================
============    11-06 10:05    ======================
=====================================================
no file for today... using yesterdays date
executing ./contour.py 2025 11 309
plotting sup...
plotting mic...
plotting hur...
plotting eri...
plotting ont...
quietly pushing to husky... (0 => success)
0
0
=====================================================
============    11-06 11:05    ======================
=====================================================
no file for today... using yesterdays date
executing ./contour.py 2025 11 309
plotting sup...
plotting mic...
plotting hur...
plotting eri...
plotting ont...
quietly pushing to husky... (0 => success)
0
0
=====================================================
============    11-06 12:05    ======================
=====================================================
no file for today... using yesterdays date
executing ./contour.py 2025 11 309
plotting sup...
plotting mic...
plotting hur...
plotting eri...
plotting ont...
quietly pushing to husky... (0 => success)
0
0
=====================================================
============    11-06 13:05    ======================
=====================================================
no file for today... using yesterdays date
executing ./contour.py 2025 11 309
plotting sup...
plotting mic...
plotting hur...
plotting eri...
plotting ont...
quietly pushing to husky... (0 => success)
0
0
=====================================================
============    11-06 14:05    ======================
=====================================================
no file for today... using yesterdays date
executing ./contour.py 2025 11 309
plotting sup...
plotting mic...
plotting hur...
plotting eri...
plotting ont...
quietly pushing to husky... (0 => success)
0
0
=====================================================
============    11-06 15:05    ======================
=====================================================
no file for today... using yesterdays date
executing ./contour.py 2025 11 309
plotting sup...
plotting mic...
plotting hur...
plotting eri...
plotting ont...
quietly pushing to husky... (0 => success)
0
0
=====================================================
============    11-06 16:05    ======================
=====================================================
no file for today... using yesterdays date
executing ./contour.py 2025 11 309
plotting sup...
plotting mic...
plotting hur...
plotting eri...
plotting ont...
quietly pushing to husky... (0 => success)
0
0
=====================================================
============    11-06 17:05    ======================
=====================================================
no file for today... using yesterdays date
executing ./contour.py 2025 11 309
plotting sup...
plotting mic...
plotting hur...
plotting eri...
plotting ont...
quietly pushing to husky... (0 => success)
0
0
=====================================================
============    11-06 18:05    ======================
=====================================================
no file for today... using yesterdays date
executing ./contour.py 2025 11 309
plotting sup...
plotting mic...
plotting hur...
plotting eri...
plotting ont...
quietly pushing to husky... (0 => success)
0
0
=====================================================
============    11-06 19:05    ======================
=====================================================
no file for today... using yesterdays date
executing ./contour.py 2025 11 309
plotting sup...
plotting mic...
plotting hur...
plotting eri...
plotting ont...
quietly pushing to husky... (0 => success)
0
0
=====================================================
============    11-06 20:05    ======================
=====================================================
no file for today... using yesterdays date
executing ./contour.py 2025 11 309
plotting sup...
plotting mic...
plotting hur...
plotting eri...
plotting ont...
quietly pushing to husky... (0 => success)
0
0
=====================================================
============    11-06 21:05    ======================
=====================================================
no file for today... using yesterdays date
executing ./contour.py 2025 11 309
plotting sup...
plotting mic...
plotting hur...
plotting eri...
plotting ont...
quietly pushing to husky... (0 => success)
0
0
=====================================================
============    11-06 22:05    ======================
=====================================================
no file for today... using yesterdays date
executing ./contour.py 2025 11 309
plotting sup...
plotting mic...
plotting hur...
plotting eri...
plotting ont...
quietly pushing to husky... (0 => success)
0
0
=====================================================
============    11-06 23:05    ======================
=====================================================
no file for today... using yesterdays date
executing ./contour.py 2025 11 309
plotting sup...
plotting mic...
plotting hur...
plotting eri...
plotting ont...
quietly pushing to husky... (0 => success)
0
0
=====================================================
============    11-07 00:05    ======================
=====================================================
no file for today... using yesterdays date
executing ./contour.py 2025 11 310
Traceback (most recent call last):
  File "/home/kessler/plot_gen/contour_glsea/./contour.py", line 22, in <module>
    lst_gl = np.matrix(pd.read_table(fin, skiprows=6, sep='\s+', header=None))
  File "/usr/local/lib64/python3.9/site-packages/pandas/io/parsers/readers.py", line 1403, in read_table
    return _read(filepath_or_buffer, kwds)
  File "/usr/local/lib64/python3.9/site-packages/pandas/io/parsers/readers.py", line 618, in _read
    parser = TextFileReader(filepath_or_buffer, **kwds)
  File "/usr/local/lib64/python3.9/site-packages/pandas/io/parsers/readers.py", line 1618, in __init__
    self._engine = self._make_engine(f, self.engine)
  File "/usr/local/lib64/python3.9/site-packages/pandas/io/parsers/readers.py", line 1878, in _make_engine
    self.handles = get_handle(
  File "/usr/local/lib64/python3.9/site-packages/pandas/io/common.py", line 873, in get_handle
    handle = open(
FileNotFoundError: [Errno 2] No such file or directory: '/mnt/cwdata/p/m/lcd//2025/11/2025_310_glsea.asc'
quietly pushing to husky... (0 => success)
0
0
=====================================================
============    11-07 01:05    ======================
=====================================================
no file for today... using yesterdays date
executing ./contour.py 2025 11 310
Traceback (most recent call last):
  File "/home/kessler/plot_gen/contour_glsea/./contour.py", line 22, in <module>
    lst_gl = np.matrix(pd.read_table(fin, skiprows=6, sep='\s+', header=None))
  File "/usr/local/lib64/python3.9/site-packages/pandas/io/parsers/readers.py", line 1403, in read_table
    return _read(filepath_or_buffer, kwds)
  File "/usr/local/lib64/python3.9/site-packages/pandas/io/parsers/readers.py", line 618, in _read
    parser = TextFileReader(filepath_or_buffer, **kwds)
  File "/usr/local/lib64/python3.9/site-packages/pandas/io/parsers/readers.py", line 1618, in __init__
    self._engine = self._make_engine(f, self.engine)
  File "/usr/local/lib64/python3.9/site-packages/pandas/io/parsers/readers.py", line 1878, in _make_engine
    self.handles = get_handle(
  File "/usr/local/lib64/python3.9/site-packages/pandas/io/common.py", line 873, in get_handle
    handle = open(
FileNotFoundError: [Errno 2] No such file or directory: '/mnt/cwdata/p/m/lcd//2025/11/2025_310_glsea.asc'
quietly pushing to husky... (0 => success)
0
0
=====================================================
============    11-07 02:05    ======================
=====================================================
no file for today... using yesterdays date
executing ./contour.py 2025 11 310
Traceback (most recent call last):
  File "/home/kessler/plot_gen/contour_glsea/./contour.py", line 22, in <module>
    lst_gl = np.matrix(pd.read_table(fin, skiprows=6, sep='\s+', header=None))
  File "/usr/local/lib64/python3.9/site-packages/pandas/io/parsers/readers.py", line 1403, in read_table
    return _read(filepath_or_buffer, kwds)
  File "/usr/local/lib64/python3.9/site-packages/pandas/io/parsers/readers.py", line 618, in _read
    parser = TextFileReader(filepath_or_buffer, **kwds)
  File "/usr/local/lib64/python3.9/site-packages/pandas/io/parsers/readers.py", line 1618, in __init__
    self._engine = self._make_engine(f, self.engine)
  File "/usr/local/lib64/python3.9/site-packages/pandas/io/parsers/readers.py", line 1878, in _make_engine
    self.handles = get_handle(
  File "/usr/local/lib64/python3.9/site-packages/pandas/io/common.py", line 873, in get_handle
    handle = open(
FileNotFoundError: [Errno 2] No such file or directory: '/mnt/cwdata/p/m/lcd//2025/11/2025_310_glsea.asc'
quietly pushing to husky... (0 => success)
0
0
=====================================================
============    11-07 03:05    ======================
=====================================================
no file for today... using yesterdays date
executing ./contour.py 2025 11 310
plotting sup...
plotting mic...
plotting hur...
plotting eri...
plotting ont...
quietly pushing to husky... (0 => success)
0
0
=====================================================
============    11-07 04:05    ======================
=====================================================
no file for today... using yesterdays date
executing ./contour.py 2025 11 310
plotting sup...
plotting mic...
plotting hur...
plotting eri...
plotting ont...
quietly pushing to husky... (0 => success)
0
0
=====================================================
============    11-07 05:05    ======================
=====================================================
no file for today... using yesterdays date
executing ./contour.py 2025 11 310
plotting sup...
plotting mic...
plotting hur...
plotting eri...
plotting ont...
quietly pushing to husky... (0 => success)
0
0
=====================================================
============    11-07 06:05    ======================
=====================================================
no file for today... using yesterdays date
executing ./contour.py 2025 11 310
plotting sup...
plotting mic...
plotting hur...
plotting eri...
plotting ont...
quietly pushing to husky... (0 => success)
0
0
=====================================================
============    11-07 07:05    ======================
=====================================================
no file for today... using yesterdays date
executing ./contour.py 2025 11 310
plotting sup...
plotting mic...
plotting hur...
plotting eri...
plotting ont...
quietly pushing to husky... (0 => success)
0
0
=====================================================
============    11-07 08:05    ======================
=====================================================
no file for today... using yesterdays date
executing ./contour.py 2025 11 310
plotting sup...
plotting mic...
plotting hur...
plotting eri...
plotting ont...
quietly pushing to husky... (0 => success)
0
0
=====================================================
============    11-07 09:05    ======================
=====================================================
no file for today... using yesterdays date
executing ./contour.py 2025 11 310
plotting sup...
plotting mic...
plotting hur...
plotting eri...
plotting ont...
quietly pushing to husky... (0 => success)
0
0
=====================================================
============    11-07 10:05    ======================
=====================================================
no file for today... using yesterdays date
executing ./contour.py 2025 11 310
plotting sup...
plotting mic...
plotting hur...
plotting eri...
plotting ont...
quietly pushing to husky... (0 => success)
0
0
=====================================================
============    11-07 11:05    ======================
=====================================================
no file for today... using yesterdays date
executing ./contour.py 2025 11 310
plotting sup...
plotting mic...
plotting hur...
plotting eri...
plotting ont...
quietly pushing to husky... (0 => success)
0
0
=====================================================
============    11-07 12:05    ======================
=====================================================
no file for today... using yesterdays date
executing ./contour.py 2025 11 310
plotting sup...
plotting mic...
plotting hur...
plotting eri...
plotting ont...
quietly pushing to husky... (0 => success)
0
0
=====================================================
============    11-07 13:13    ======================
=====================================================
no file for today... using yesterdays date
executing ./contour.py 2025 11 310
plotting sup...
plotting mic...
plotting hur...
plotting eri...
plotting ont...
quietly pushing to husky... (0 => success)
0
0
=====================================================
============    11-07 14:05    ======================
=====================================================
no file for today... using yesterdays date
executing ./contour.py 2025 11 310
plotting sup...
plotting mic...
plotting hur...
plotting eri...
plotting ont...
quietly pushing to husky... (0 => success)
0
0
=====================================================
============    11-07 15:05    ======================
=====================================================
no file for today... using yesterdays date
executing ./contour.py 2025 11 310
plotting sup...
plotting mic...
plotting hur...
plotting eri...
plotting ont...
quietly pushing to husky... (0 => success)
0
0
=====================================================
============    11-07 16:05    ======================
=====================================================
no file for today... using yesterdays date
executing ./contour.py 2025 11 310
plotting sup...
plotting mic...
plotting hur...
plotting eri...
plotting ont...
quietly pushing to husky... (0 => success)
0
0
=====================================================
============    11-07 17:05    ======================
=====================================================
no file for today... using yesterdays date
executing ./contour.py 2025 11 310
plotting sup...
plotting mic...
plotting hur...
plotting eri...
plotting ont...
quietly pushing to husky... (0 => success)
0
0
=====================================================
============    11-07 18:05    ======================
=====================================================
no file for today... using yesterdays date
executing ./contour.py 2025 11 310
plotting sup...
plotting mic...
plotting hur...
plotting eri...
plotting ont...
quietly pushing to husky... (0 => success)
0
0
=====================================================
============    11-07 19:05    ======================
=====================================================
no file for today... using yesterdays date
executing ./contour.py 2025 11 310
plotting sup...
plotting mic...
plotting hur...
plotting eri...
plotting ont...
quietly pushing to husky... (0 => success)
0
0
=====================================================
============    11-07 20:05    ======================
=====================================================
no file for today... using yesterdays date
executing ./contour.py 2025 11 310
plotting sup...
plotting mic...
plotting hur...
plotting eri...
plotting ont...
quietly pushing to husky... (0 => success)
0
0
=====================================================
============    11-07 21:05    ======================
=====================================================
no file for today... using yesterdays date
executing ./contour.py 2025 11 310
plotting sup...
plotting mic...
plotting hur...
plotting eri...
plotting ont...
quietly pushing to husky... (0 => success)
0
0
=====================================================
============    11-07 22:05    ======================
=====================================================
no file for today... using yesterdays date
executing ./contour.py 2025 11 310
plotting sup...
plotting mic...
plotting hur...
plotting eri...
plotting ont...
quietly pushing to husky... (0 => success)
0
0
=====================================================
============    11-07 23:05    ======================
=====================================================
no file for today... using yesterdays date
executing ./contour.py 2025 11 310
plotting sup...
plotting mic...
plotting hur...
plotting eri...
plotting ont...
quietly pushing to husky... (0 => success)
0
0
=====================================================
============    11-08 00:05    ======================
=====================================================
no file for today... using yesterdays date
executing ./contour.py 2025 11 311
Traceback (most recent call last):
  File "/home/kessler/plot_gen/contour_glsea/./contour.py", line 22, in <module>
    lst_gl = np.matrix(pd.read_table(fin, skiprows=6, sep='\s+', header=None))
  File "/usr/local/lib64/python3.9/site-packages/pandas/io/parsers/readers.py", line 1403, in read_table
    return _read(filepath_or_buffer, kwds)
  File "/usr/local/lib64/python3.9/site-packages/pandas/io/parsers/readers.py", line 618, in _read
    parser = TextFileReader(filepath_or_buffer, **kwds)
  File "/usr/local/lib64/python3.9/site-packages/pandas/io/parsers/readers.py", line 1618, in __init__
    self._engine = self._make_engine(f, self.engine)
  File "/usr/local/lib64/python3.9/site-packages/pandas/io/parsers/readers.py", line 1878, in _make_engine
    self.handles = get_handle(
  File "/usr/local/lib64/python3.9/site-packages/pandas/io/common.py", line 873, in get_handle
    handle = open(
FileNotFoundError: [Errno 2] No such file or directory: '/mnt/cwdata/p/m/lcd//2025/11/2025_311_glsea.asc'
quietly pushing to husky... (0 => success)
0
0
=====================================================
============    11-08 01:05    ======================
=====================================================
no file for today... using yesterdays date
executing ./contour.py 2025 11 311
Traceback (most recent call last):
  File "/home/kessler/plot_gen/contour_glsea/./contour.py", line 22, in <module>
    lst_gl = np.matrix(pd.read_table(fin, skiprows=6, sep='\s+', header=None))
  File "/usr/local/lib64/python3.9/site-packages/pandas/io/parsers/readers.py", line 1403, in read_table
    return _read(filepath_or_buffer, kwds)
  File "/usr/local/lib64/python3.9/site-packages/pandas/io/parsers/readers.py", line 618, in _read
    parser = TextFileReader(filepath_or_buffer, **kwds)
  File "/usr/local/lib64/python3.9/site-packages/pandas/io/parsers/readers.py", line 1618, in __init__
    self._engine = self._make_engine(f, self.engine)
  File "/usr/local/lib64/python3.9/site-packages/pandas/io/parsers/readers.py", line 1878, in _make_engine
    self.handles = get_handle(
  File "/usr/local/lib64/python3.9/site-packages/pandas/io/common.py", line 873, in get_handle
    handle = open(
FileNotFoundError: [Errno 2] No such file or directory: '/mnt/cwdata/p/m/lcd//2025/11/2025_311_glsea.asc'
quietly pushing to husky... (0 => success)
0
0
=====================================================
============    11-08 02:05    ======================
=====================================================
no file for today... using yesterdays date
executing ./contour.py 2025 11 311
Traceback (most recent call last):
  File "/home/kessler/plot_gen/contour_glsea/./contour.py", line 22, in <module>
    lst_gl = np.matrix(pd.read_table(fin, skiprows=6, sep='\s+', header=None))
  File "/usr/local/lib64/python3.9/site-packages/pandas/io/parsers/readers.py", line 1403, in read_table
    return _read(filepath_or_buffer, kwds)
  File "/usr/local/lib64/python3.9/site-packages/pandas/io/parsers/readers.py", line 618, in _read
    parser = TextFileReader(filepath_or_buffer, **kwds)
  File "/usr/local/lib64/python3.9/site-packages/pandas/io/parsers/readers.py", line 1618, in __init__
    self._engine = self._make_engine(f, self.engine)
  File "/usr/local/lib64/python3.9/site-packages/pandas/io/parsers/readers.py", line 1878, in _make_engine
    self.handles = get_handle(
  File "/usr/local/lib64/python3.9/site-packages/pandas/io/common.py", line 873, in get_handle
    handle = open(
FileNotFoundError: [Errno 2] No such file or directory: '/mnt/cwdata/p/m/lcd//2025/11/2025_311_glsea.asc'
quietly pushing to husky... (0 => success)
0
0
=====================================================
============    11-08 03:05    ======================
=====================================================
no file for today... using yesterdays date
executing ./contour.py 2025 11 311
plotting sup...
plotting mic...
plotting hur...
plotting eri...
plotting ont...
quietly pushing to husky... (0 => success)
0
0
=====================================================
============    11-08 04:05    ======================
=====================================================
no file for today... using yesterdays date
executing ./contour.py 2025 11 311
plotting sup...
plotting mic...
plotting hur...
plotting eri...
plotting ont...
quietly pushing to husky... (0 => success)
0
0
=====================================================
============    11-08 05:05    ======================
=====================================================
no file for today... using yesterdays date
executing ./contour.py 2025 11 311
plotting sup...
plotting mic...
plotting hur...
plotting eri...
plotting ont...
quietly pushing to husky... (0 => success)
0
0
=====================================================
============    11-08 06:05    ======================
=====================================================
no file for today... using yesterdays date
executing ./contour.py 2025 11 311
plotting sup...
plotting mic...
plotting hur...
plotting eri...
plotting ont...
quietly pushing to husky... (0 => success)
0
0
=====================================================
============    11-08 07:05    ======================
=====================================================
no file for today... using yesterdays date
executing ./contour.py 2025 11 311
plotting sup...
plotting mic...
plotting hur...
plotting eri...
plotting ont...
quietly pushing to husky... (0 => success)
0
0
=====================================================
============    11-08 08:05    ======================
=====================================================
no file for today... using yesterdays date
executing ./contour.py 2025 11 311
plotting sup...
plotting mic...
plotting hur...
plotting eri...
plotting ont...
quietly pushing to husky... (0 => success)
0
0
=====================================================
============    11-08 09:05    ======================
=====================================================
no file for today... using yesterdays date
executing ./contour.py 2025 11 311
plotting sup...
plotting mic...
plotting hur...
plotting eri...
plotting ont...
quietly pushing to husky... (0 => success)
0
0
=====================================================
============    11-08 10:05    ======================
=====================================================
no file for today... using yesterdays date
executing ./contour.py 2025 11 311
plotting sup...
plotting mic...
plotting hur...
plotting eri...
plotting ont...
quietly pushing to husky... (0 => success)
0
0
=====================================================
============    11-08 11:05    ======================
=====================================================
no file for today... using yesterdays date
executing ./contour.py 2025 11 311
plotting sup...
plotting mic...
plotting hur...
plotting eri...
plotting ont...
quietly pushing to husky... (0 => success)
0
0
=====================================================
============    11-08 12:05    ======================
=====================================================
no file for today... using yesterdays date
executing ./contour.py 2025 11 311
plotting sup...
plotting mic...
plotting hur...
plotting eri...
plotting ont...
quietly pushing to husky... (0 => success)
0
0
=====================================================
============    11-08 13:05    ======================
=====================================================
no file for today... using yesterdays date
executing ./contour.py 2025 11 311
plotting sup...
plotting mic...
plotting hur...
plotting eri...
plotting ont...
quietly pushing to husky... (0 => success)
0
0
=====================================================
============    11-08 14:05    ======================
=====================================================
no file for today... using yesterdays date
executing ./contour.py 2025 11 311
plotting sup...
plotting mic...
plotting hur...
plotting eri...
plotting ont...
quietly pushing to husky... (0 => success)
0
0
=====================================================
============    11-08 15:05    ======================
=====================================================
no file for today... using yesterdays date
executing ./contour.py 2025 11 311
plotting sup...
plotting mic...
plotting hur...
plotting eri...
plotting ont...
quietly pushing to husky... (0 => success)
0
0
=====================================================
============    11-08 16:05    ======================
=====================================================
no file for today... using yesterdays date
executing ./contour.py 2025 11 311
plotting sup...
plotting mic...
plotting hur...
plotting eri...
plotting ont...
quietly pushing to husky... (0 => success)
0
0
=====================================================
============    11-08 17:05    ======================
=====================================================
no file for today... using yesterdays date
executing ./contour.py 2025 11 311
plotting sup...
plotting mic...
plotting hur...
plotting eri...
plotting ont...
quietly pushing to husky... (0 => success)
0
0
=====================================================
============    11-08 18:05    ======================
=====================================================
no file for today... using yesterdays date
executing ./contour.py 2025 11 311
plotting sup...
plotting mic...
plotting hur...
plotting eri...
plotting ont...
quietly pushing to husky... (0 => success)
0
0
=====================================================
============    11-08 19:05    ======================
=====================================================
no file for today... using yesterdays date
executing ./contour.py 2025 11 311
plotting sup...
plotting mic...
plotting hur...
plotting eri...
plotting ont...
quietly pushing to husky... (0 => success)
0
0
=====================================================
============    11-08 20:05    ======================
=====================================================
no file for today... using yesterdays date
executing ./contour.py 2025 11 311
plotting sup...
plotting mic...
plotting hur...
plotting eri...
plotting ont...
quietly pushing to husky... (0 => success)
0
0
=====================================================
============    11-08 21:05    ======================
=====================================================
no file for today... using yesterdays date
executing ./contour.py 2025 11 311
plotting sup...
plotting mic...
plotting hur...
plotting eri...
plotting ont...
quietly pushing to husky... (0 => success)
0
0
=====================================================
============    11-08 22:05    ======================
=====================================================
no file for today... using yesterdays date
executing ./contour.py 2025 11 311
plotting sup...
plotting mic...
plotting hur...
plotting eri...
plotting ont...
quietly pushing to husky... (0 => success)
0
0
=====================================================
============    11-08 23:05    ======================
=====================================================
no file for today... using yesterdays date
executing ./contour.py 2025 11 311
plotting sup...
plotting mic...
plotting hur...
plotting eri...
plotting ont...
quietly pushing to husky... (0 => success)
0
0
=====================================================
============    11-09 00:05    ======================
=====================================================
no file for today... using yesterdays date
executing ./contour.py 2025 11 312
Traceback (most recent call last):
  File "/home/kessler/plot_gen/contour_glsea/./contour.py", line 22, in <module>
    lst_gl = np.matrix(pd.read_table(fin, skiprows=6, sep='\s+', header=None))
  File "/usr/local/lib64/python3.9/site-packages/pandas/io/parsers/readers.py", line 1403, in read_table
    return _read(filepath_or_buffer, kwds)
  File "/usr/local/lib64/python3.9/site-packages/pandas/io/parsers/readers.py", line 618, in _read
    parser = TextFileReader(filepath_or_buffer, **kwds)
  File "/usr/local/lib64/python3.9/site-packages/pandas/io/parsers/readers.py", line 1618, in __init__
    self._engine = self._make_engine(f, self.engine)
  File "/usr/local/lib64/python3.9/site-packages/pandas/io/parsers/readers.py", line 1878, in _make_engine
    self.handles = get_handle(
  File "/usr/local/lib64/python3.9/site-packages/pandas/io/common.py", line 873, in get_handle
    handle = open(
FileNotFoundError: [Errno 2] No such file or directory: '/mnt/cwdata/p/m/lcd//2025/11/2025_312_glsea.asc'
quietly pushing to husky... (0 => success)
0
0
=====================================================
============    11-09 01:05    ======================
=====================================================
no file for today... using yesterdays date
executing ./contour.py 2025 11 312
Traceback (most recent call last):
  File "/home/kessler/plot_gen/contour_glsea/./contour.py", line 22, in <module>
    lst_gl = np.matrix(pd.read_table(fin, skiprows=6, sep='\s+', header=None))
  File "/usr/local/lib64/python3.9/site-packages/pandas/io/parsers/readers.py", line 1403, in read_table
    return _read(filepath_or_buffer, kwds)
  File "/usr/local/lib64/python3.9/site-packages/pandas/io/parsers/readers.py", line 618, in _read
    parser = TextFileReader(filepath_or_buffer, **kwds)
  File "/usr/local/lib64/python3.9/site-packages/pandas/io/parsers/readers.py", line 1618, in __init__
    self._engine = self._make_engine(f, self.engine)
  File "/usr/local/lib64/python3.9/site-packages/pandas/io/parsers/readers.py", line 1878, in _make_engine
    self.handles = get_handle(
  File "/usr/local/lib64/python3.9/site-packages/pandas/io/common.py", line 873, in get_handle
    handle = open(
FileNotFoundError: [Errno 2] No such file or directory: '/mnt/cwdata/p/m/lcd//2025/11/2025_312_glsea.asc'
quietly pushing to husky... (0 => success)
0
0
=====================================================
============    11-09 02:05    ======================
=====================================================
no file for today... using yesterdays date
executing ./contour.py 2025 11 312
Traceback (most recent call last):
  File "/home/kessler/plot_gen/contour_glsea/./contour.py", line 22, in <module>
    lst_gl = np.matrix(pd.read_table(fin, skiprows=6, sep='\s+', header=None))
  File "/usr/local/lib64/python3.9/site-packages/pandas/io/parsers/readers.py", line 1403, in read_table
    return _read(filepath_or_buffer, kwds)
  File "/usr/local/lib64/python3.9/site-packages/pandas/io/parsers/readers.py", line 618, in _read
    parser = TextFileReader(filepath_or_buffer, **kwds)
  File "/usr/local/lib64/python3.9/site-packages/pandas/io/parsers/readers.py", line 1618, in __init__
    self._engine = self._make_engine(f, self.engine)
  File "/usr/local/lib64/python3.9/site-packages/pandas/io/parsers/readers.py", line 1878, in _make_engine
    self.handles = get_handle(
  File "/usr/local/lib64/python3.9/site-packages/pandas/io/common.py", line 873, in get_handle
    handle = open(
FileNotFoundError: [Errno 2] No such file or directory: '/mnt/cwdata/p/m/lcd//2025/11/2025_312_glsea.asc'
quietly pushing to husky... (0 => success)
0
0
=====================================================
============    11-09 03:05    ======================
=====================================================
no file for today... using yesterdays date
executing ./contour.py 2025 11 312
plotting sup...
plotting mic...
plotting hur...
plotting eri...
plotting ont...
quietly pushing to husky... (0 => success)
0
0
=====================================================
============    11-09 04:05    ======================
=====================================================
no file for today... using yesterdays date
executing ./contour.py 2025 11 312
plotting sup...
plotting mic...
plotting hur...
plotting eri...
plotting ont...
quietly pushing to husky... (0 => success)
0
0
=====================================================
============    11-09 05:05    ======================
=====================================================
no file for today... using yesterdays date
executing ./contour.py 2025 11 312
plotting sup...
plotting mic...
plotting hur...
plotting eri...
plotting ont...
quietly pushing to husky... (0 => success)
0
0
=====================================================
============    11-09 06:05    ======================
=====================================================
no file for today... using yesterdays date
executing ./contour.py 2025 11 312
plotting sup...
plotting mic...
plotting hur...
plotting eri...
plotting ont...
quietly pushing to husky... (0 => success)
0
0
=====================================================
============    11-09 07:05    ======================
=====================================================
no file for today... using yesterdays date
executing ./contour.py 2025 11 312
plotting sup...
plotting mic...
plotting hur...
plotting eri...
plotting ont...
quietly pushing to husky... (0 => success)
0
0
=====================================================
============    11-09 08:05    ======================
=====================================================
no file for today... using yesterdays date
executing ./contour.py 2025 11 312
plotting sup...
plotting mic...
plotting hur...
plotting eri...
plotting ont...
quietly pushing to husky... (0 => success)
0
0
=====================================================
============    11-09 09:05    ======================
=====================================================
no file for today... using yesterdays date
executing ./contour.py 2025 11 312
plotting sup...
plotting mic...
plotting hur...
plotting eri...
plotting ont...
quietly pushing to husky... (0 => success)
0
0
=====================================================
============    11-09 10:05    ======================
=====================================================
no file for today... using yesterdays date
executing ./contour.py 2025 11 312
plotting sup...
plotting mic...
plotting hur...
plotting eri...
plotting ont...
quietly pushing to husky... (0 => success)
0
0
=====================================================
============    11-09 11:05    ======================
=====================================================
no file for today... using yesterdays date
executing ./contour.py 2025 11 312
plotting sup...
plotting mic...
plotting hur...
plotting eri...
plotting ont...
quietly pushing to husky... (0 => success)
0
0
=====================================================
============    11-09 12:05    ======================
=====================================================
no file for today... using yesterdays date
executing ./contour.py 2025 11 312
plotting sup...
plotting mic...
plotting hur...
plotting eri...
plotting ont...
quietly pushing to husky... (0 => success)
0
0
=====================================================
============    11-09 13:05    ======================
=====================================================
no file for today... using yesterdays date
executing ./contour.py 2025 11 312
plotting sup...
plotting mic...
plotting hur...
plotting eri...
plotting ont...
quietly pushing to husky... (0 => success)
0
0
=====================================================
============    11-09 14:05    ======================
=====================================================
no file for today... using yesterdays date
executing ./contour.py 2025 11 312
plotting sup...
plotting mic...
plotting hur...
plotting eri...
plotting ont...
quietly pushing to husky... (0 => success)
0
0
=====================================================
============    11-09 15:05    ======================
=====================================================
no file for today... using yesterdays date
executing ./contour.py 2025 11 312
plotting sup...
plotting mic...
plotting hur...
plotting eri...
plotting ont...
quietly pushing to husky... (0 => success)
0
0
=====================================================
============    11-09 16:05    ======================
=====================================================
no file for today... using yesterdays date
executing ./contour.py 2025 11 312
plotting sup...
plotting mic...
plotting hur...
plotting eri...
plotting ont...
quietly pushing to husky... (0 => success)
0
0
=====================================================
============    11-09 17:05    ======================
=====================================================
no file for today... using yesterdays date
executing ./contour.py 2025 11 312
plotting sup...
plotting mic...
plotting hur...
plotting eri...
plotting ont...
quietly pushing to husky... (0 => success)
0
0
=====================================================
============    11-09 18:05    ======================
=====================================================
no file for today... using yesterdays date
executing ./contour.py 2025 11 312
plotting sup...
plotting mic...
plotting hur...
plotting eri...
plotting ont...
quietly pushing to husky... (0 => success)
0
0
=====================================================
============    11-09 19:05    ======================
=====================================================
no file for today... using yesterdays date
executing ./contour.py 2025 11 312
plotting sup...
plotting mic...
plotting hur...
plotting eri...
plotting ont...
quietly pushing to husky... (0 => success)
0
0
=====================================================
============    11-09 20:05    ======================
=====================================================
no file for today... using yesterdays date
executing ./contour.py 2025 11 312
plotting sup...
plotting mic...
plotting hur...
plotting eri...
plotting ont...
quietly pushing to husky... (0 => success)
0
0
=====================================================
============    11-09 21:05    ======================
=====================================================
no file for today... using yesterdays date
executing ./contour.py 2025 11 312
plotting sup...
plotting mic...
plotting hur...
plotting eri...
plotting ont...
quietly pushing to husky... (0 => success)
0
0
=====================================================
============    11-09 22:05    ======================
=====================================================
no file for today... using yesterdays date
executing ./contour.py 2025 11 312
plotting sup...
plotting mic...
plotting hur...
plotting eri...
plotting ont...
quietly pushing to husky... (0 => success)
0
0
=====================================================
============    11-09 23:05    ======================
=====================================================
no file for today... using yesterdays date
executing ./contour.py 2025 11 312
plotting sup...
plotting mic...
plotting hur...
plotting eri...
plotting ont...
quietly pushing to husky... (0 => success)
0
0
=====================================================
============    11-10 00:05    ======================
=====================================================
no file for today... using yesterdays date
executing ./contour.py 2025 11 313
Traceback (most recent call last):
  File "/home/kessler/plot_gen/contour_glsea/./contour.py", line 22, in <module>
    lst_gl = np.matrix(pd.read_table(fin, skiprows=6, sep='\s+', header=None))
  File "/usr/local/lib64/python3.9/site-packages/pandas/io/parsers/readers.py", line 1403, in read_table
    return _read(filepath_or_buffer, kwds)
  File "/usr/local/lib64/python3.9/site-packages/pandas/io/parsers/readers.py", line 618, in _read
    parser = TextFileReader(filepath_or_buffer, **kwds)
  File "/usr/local/lib64/python3.9/site-packages/pandas/io/parsers/readers.py", line 1618, in __init__
    self._engine = self._make_engine(f, self.engine)
  File "/usr/local/lib64/python3.9/site-packages/pandas/io/parsers/readers.py", line 1878, in _make_engine
    self.handles = get_handle(
  File "/usr/local/lib64/python3.9/site-packages/pandas/io/common.py", line 873, in get_handle
    handle = open(
FileNotFoundError: [Errno 2] No such file or directory: '/mnt/cwdata/p/m/lcd//2025/11/2025_313_glsea.asc'
quietly pushing to husky... (0 => success)
0
0
=====================================================
============    11-10 01:05    ======================
=====================================================
no file for today... using yesterdays date
executing ./contour.py 2025 11 313
Traceback (most recent call last):
  File "/home/kessler/plot_gen/contour_glsea/./contour.py", line 22, in <module>
    lst_gl = np.matrix(pd.read_table(fin, skiprows=6, sep='\s+', header=None))
  File "/usr/local/lib64/python3.9/site-packages/pandas/io/parsers/readers.py", line 1403, in read_table
    return _read(filepath_or_buffer, kwds)
  File "/usr/local/lib64/python3.9/site-packages/pandas/io/parsers/readers.py", line 618, in _read
    parser = TextFileReader(filepath_or_buffer, **kwds)
  File "/usr/local/lib64/python3.9/site-packages/pandas/io/parsers/readers.py", line 1618, in __init__
    self._engine = self._make_engine(f, self.engine)
  File "/usr/local/lib64/python3.9/site-packages/pandas/io/parsers/readers.py", line 1878, in _make_engine
    self.handles = get_handle(
  File "/usr/local/lib64/python3.9/site-packages/pandas/io/common.py", line 873, in get_handle
    handle = open(
FileNotFoundError: [Errno 2] No such file or directory: '/mnt/cwdata/p/m/lcd//2025/11/2025_313_glsea.asc'
quietly pushing to husky... (0 => success)
0
0
=====================================================
============    11-10 02:05    ======================
=====================================================
no file for today... using yesterdays date
executing ./contour.py 2025 11 313
Traceback (most recent call last):
  File "/home/kessler/plot_gen/contour_glsea/./contour.py", line 22, in <module>
    lst_gl = np.matrix(pd.read_table(fin, skiprows=6, sep='\s+', header=None))
  File "/usr/local/lib64/python3.9/site-packages/pandas/io/parsers/readers.py", line 1403, in read_table
    return _read(filepath_or_buffer, kwds)
  File "/usr/local/lib64/python3.9/site-packages/pandas/io/parsers/readers.py", line 618, in _read
    parser = TextFileReader(filepath_or_buffer, **kwds)
  File "/usr/local/lib64/python3.9/site-packages/pandas/io/parsers/readers.py", line 1618, in __init__
    self._engine = self._make_engine(f, self.engine)
  File "/usr/local/lib64/python3.9/site-packages/pandas/io/parsers/readers.py", line 1878, in _make_engine
    self.handles = get_handle(
  File "/usr/local/lib64/python3.9/site-packages/pandas/io/common.py", line 873, in get_handle
    handle = open(
FileNotFoundError: [Errno 2] No such file or directory: '/mnt/cwdata/p/m/lcd//2025/11/2025_313_glsea.asc'
quietly pushing to husky... (0 => success)
0
0
=====================================================
============    11-10 03:05    ======================
=====================================================
no file for today... using yesterdays date
executing ./contour.py 2025 11 313
plotting sup...
plotting mic...
plotting hur...
plotting eri...
plotting ont...
quietly pushing to husky... (0 => success)
0
0
=====================================================
============    11-10 04:05    ======================
=====================================================
no file for today... using yesterdays date
executing ./contour.py 2025 11 313
plotting sup...
plotting mic...
plotting hur...
plotting eri...
plotting ont...
quietly pushing to husky... (0 => success)
0
0
=====================================================
============    11-10 05:05    ======================
=====================================================
no file for today... using yesterdays date
executing ./contour.py 2025 11 313
plotting sup...
plotting mic...
plotting hur...
plotting eri...
plotting ont...
quietly pushing to husky... (0 => success)
0
0
=====================================================
============    11-10 06:05    ======================
=====================================================
no file for today... using yesterdays date
executing ./contour.py 2025 11 313
plotting sup...
plotting mic...
plotting hur...
plotting eri...
plotting ont...
quietly pushing to husky... (0 => success)
0
0
=====================================================
============    11-10 07:05    ======================
=====================================================
no file for today... using yesterdays date
executing ./contour.py 2025 11 313
plotting sup...
plotting mic...
plotting hur...
plotting eri...
plotting ont...
quietly pushing to husky... (0 => success)
0
0
=====================================================
============    11-10 08:05    ======================
=====================================================
no file for today... using yesterdays date
executing ./contour.py 2025 11 313
plotting sup...
plotting mic...
plotting hur...
plotting eri...
plotting ont...
quietly pushing to husky... (0 => success)
0
0
=====================================================
============    11-10 09:05    ======================
=====================================================
no file for today... using yesterdays date
executing ./contour.py 2025 11 313
plotting sup...
plotting mic...
plotting hur...
plotting eri...
plotting ont...
quietly pushing to husky... (0 => success)
0
0
=====================================================
============    11-10 10:05    ======================
=====================================================
no file for today... using yesterdays date
executing ./contour.py 2025 11 313
plotting sup...
plotting mic...
plotting hur...
plotting eri...
plotting ont...
quietly pushing to husky... (0 => success)
0
0
=====================================================
============    11-10 11:05    ======================
=====================================================
no file for today... using yesterdays date
executing ./contour.py 2025 11 313
plotting sup...
plotting mic...
plotting hur...
plotting eri...
plotting ont...
quietly pushing to husky... (0 => success)
0
0
=====================================================
============    11-10 12:05    ======================
=====================================================
no file for today... using yesterdays date
executing ./contour.py 2025 11 313
plotting sup...
plotting mic...
plotting hur...
plotting eri...
plotting ont...
quietly pushing to husky... (0 => success)
0
0
=====================================================
============    11-10 13:05    ======================
=====================================================
no file for today... using yesterdays date
executing ./contour.py 2025 11 313
plotting sup...
plotting mic...
plotting hur...
plotting eri...
plotting ont...
quietly pushing to husky... (0 => success)
0
0
=====================================================
============    11-10 14:05    ======================
=====================================================
no file for today... using yesterdays date
executing ./contour.py 2025 11 313
plotting sup...
plotting mic...
plotting hur...
plotting eri...
plotting ont...
quietly pushing to husky... (0 => success)
0
0
=====================================================
============    11-10 15:05    ======================
=====================================================
no file for today... using yesterdays date
executing ./contour.py 2025 11 313
plotting sup...
plotting mic...
plotting hur...
plotting eri...
plotting ont...
quietly pushing to husky... (0 => success)
0
0
=====================================================
============    11-10 16:05    ======================
=====================================================
no file for today... using yesterdays date
executing ./contour.py 2025 11 313
plotting sup...
plotting mic...
plotting hur...
plotting eri...
plotting ont...
quietly pushing to husky... (0 => success)
0
0
=====================================================
============    11-10 17:05    ======================
=====================================================
no file for today... using yesterdays date
executing ./contour.py 2025 11 313
plotting sup...
plotting mic...
plotting hur...
plotting eri...
plotting ont...
quietly pushing to husky... (0 => success)
0
0
=====================================================
============    11-10 18:05    ======================
=====================================================
no file for today... using yesterdays date
executing ./contour.py 2025 11 313
plotting sup...
plotting mic...
plotting hur...
plotting eri...
plotting ont...
quietly pushing to husky... (0 => success)
0
0
=====================================================
============    11-10 19:05    ======================
=====================================================
no file for today... using yesterdays date
executing ./contour.py 2025 11 313
plotting sup...
plotting mic...
plotting hur...
plotting eri...
plotting ont...
quietly pushing to husky... (0 => success)
0
0
=====================================================
============    11-10 20:05    ======================
=====================================================
no file for today... using yesterdays date
executing ./contour.py 2025 11 313
plotting sup...
plotting mic...
plotting hur...
plotting eri...
plotting ont...
quietly pushing to husky... (0 => success)
0
0
=====================================================
============    11-10 21:05    ======================
=====================================================
no file for today... using yesterdays date
executing ./contour.py 2025 11 313
plotting sup...
plotting mic...
plotting hur...
plotting eri...
plotting ont...
quietly pushing to husky... (0 => success)
0
0
=====================================================
============    11-10 22:05    ======================
=====================================================
no file for today... using yesterdays date
executing ./contour.py 2025 11 313
plotting sup...
plotting mic...
plotting hur...
plotting eri...
plotting ont...
quietly pushing to husky... (0 => success)
0
0
=====================================================
============    11-10 23:05    ======================
=====================================================
no file for today... using yesterdays date
executing ./contour.py 2025 11 313
plotting sup...
plotting mic...
plotting hur...
plotting eri...
plotting ont...
quietly pushing to husky... (0 => success)
0
0
=====================================================
============    11-11 00:05    ======================
=====================================================
no file for today... using yesterdays date
executing ./contour.py 2025 11 314
Traceback (most recent call last):
  File "/home/kessler/plot_gen/contour_glsea/./contour.py", line 22, in <module>
    lst_gl = np.matrix(pd.read_table(fin, skiprows=6, sep='\s+', header=None))
  File "/usr/local/lib64/python3.9/site-packages/pandas/io/parsers/readers.py", line 1403, in read_table
    return _read(filepath_or_buffer, kwds)
  File "/usr/local/lib64/python3.9/site-packages/pandas/io/parsers/readers.py", line 618, in _read
    parser = TextFileReader(filepath_or_buffer, **kwds)
  File "/usr/local/lib64/python3.9/site-packages/pandas/io/parsers/readers.py", line 1618, in __init__
    self._engine = self._make_engine(f, self.engine)
  File "/usr/local/lib64/python3.9/site-packages/pandas/io/parsers/readers.py", line 1878, in _make_engine
    self.handles = get_handle(
  File "/usr/local/lib64/python3.9/site-packages/pandas/io/common.py", line 873, in get_handle
    handle = open(
FileNotFoundError: [Errno 2] No such file or directory: '/mnt/cwdata/p/m/lcd//2025/11/2025_314_glsea.asc'
quietly pushing to husky... (0 => success)
0
0
=====================================================
============    11-11 01:05    ======================
=====================================================
no file for today... using yesterdays date
executing ./contour.py 2025 11 314
Traceback (most recent call last):
  File "/home/kessler/plot_gen/contour_glsea/./contour.py", line 22, in <module>
    lst_gl = np.matrix(pd.read_table(fin, skiprows=6, sep='\s+', header=None))
  File "/usr/local/lib64/python3.9/site-packages/pandas/io/parsers/readers.py", line 1403, in read_table
    return _read(filepath_or_buffer, kwds)
  File "/usr/local/lib64/python3.9/site-packages/pandas/io/parsers/readers.py", line 618, in _read
    parser = TextFileReader(filepath_or_buffer, **kwds)
  File "/usr/local/lib64/python3.9/site-packages/pandas/io/parsers/readers.py", line 1618, in __init__
    self._engine = self._make_engine(f, self.engine)
  File "/usr/local/lib64/python3.9/site-packages/pandas/io/parsers/readers.py", line 1878, in _make_engine
    self.handles = get_handle(
  File "/usr/local/lib64/python3.9/site-packages/pandas/io/common.py", line 873, in get_handle
    handle = open(
FileNotFoundError: [Errno 2] No such file or directory: '/mnt/cwdata/p/m/lcd//2025/11/2025_314_glsea.asc'
quietly pushing to husky... (0 => success)
0
0
=====================================================
============    11-11 02:05    ======================
=====================================================
no file for today... using yesterdays date
executing ./contour.py 2025 11 314
Traceback (most recent call last):
  File "/home/kessler/plot_gen/contour_glsea/./contour.py", line 22, in <module>
    lst_gl = np.matrix(pd.read_table(fin, skiprows=6, sep='\s+', header=None))
  File "/usr/local/lib64/python3.9/site-packages/pandas/io/parsers/readers.py", line 1403, in read_table
    return _read(filepath_or_buffer, kwds)
  File "/usr/local/lib64/python3.9/site-packages/pandas/io/parsers/readers.py", line 618, in _read
    parser = TextFileReader(filepath_or_buffer, **kwds)
  File "/usr/local/lib64/python3.9/site-packages/pandas/io/parsers/readers.py", line 1618, in __init__
    self._engine = self._make_engine(f, self.engine)
  File "/usr/local/lib64/python3.9/site-packages/pandas/io/parsers/readers.py", line 1878, in _make_engine
    self.handles = get_handle(
  File "/usr/local/lib64/python3.9/site-packages/pandas/io/common.py", line 873, in get_handle
    handle = open(
FileNotFoundError: [Errno 2] No such file or directory: '/mnt/cwdata/p/m/lcd//2025/11/2025_314_glsea.asc'
quietly pushing to husky... (0 => success)
0
0
=====================================================
============    11-11 03:05    ======================
=====================================================
no file for today... using yesterdays date
executing ./contour.py 2025 11 314
plotting sup...
plotting mic...
plotting hur...
plotting eri...
plotting ont...
quietly pushing to husky... (0 => success)
0
0
=====================================================
============    11-11 04:05    ======================
=====================================================
no file for today... using yesterdays date
executing ./contour.py 2025 11 314
plotting sup...
plotting mic...
plotting hur...
plotting eri...
plotting ont...
quietly pushing to husky... (0 => success)
0
0
=====================================================
============    11-11 05:05    ======================
=====================================================
no file for today... using yesterdays date
executing ./contour.py 2025 11 314
plotting sup...
plotting mic...
plotting hur...
plotting eri...
plotting ont...
quietly pushing to husky... (0 => success)
0
0
=====================================================
============    11-11 06:05    ======================
=====================================================
no file for today... using yesterdays date
executing ./contour.py 2025 11 314
plotting sup...
plotting mic...
plotting hur...
plotting eri...
plotting ont...
quietly pushing to husky... (0 => success)
0
0
=====================================================
============    11-11 07:05    ======================
=====================================================
no file for today... using yesterdays date
executing ./contour.py 2025 11 314
plotting sup...
plotting mic...
plotting hur...
plotting eri...
plotting ont...
quietly pushing to husky... (0 => success)
0
0
=====================================================
============    11-11 08:05    ======================
=====================================================
no file for today... using yesterdays date
executing ./contour.py 2025 11 314
plotting sup...
plotting mic...
plotting hur...
plotting eri...
plotting ont...
quietly pushing to husky... (0 => success)
0
0
=====================================================
============    11-11 09:05    ======================
=====================================================
no file for today... using yesterdays date
executing ./contour.py 2025 11 314
plotting sup...
plotting mic...
plotting hur...
plotting eri...
plotting ont...
quietly pushing to husky... (0 => success)
0
0
=====================================================
============    11-11 10:05    ======================
=====================================================
no file for today... using yesterdays date
executing ./contour.py 2025 11 314
plotting sup...
plotting mic...
plotting hur...
plotting eri...
plotting ont...
quietly pushing to husky... (0 => success)
0
0
=====================================================
============    11-11 11:05    ======================
=====================================================
no file for today... using yesterdays date
executing ./contour.py 2025 11 314
plotting sup...
plotting mic...
plotting hur...
plotting eri...
plotting ont...
quietly pushing to husky... (0 => success)
0
0
=====================================================
============    11-11 12:05    ======================
=====================================================
no file for today... using yesterdays date
executing ./contour.py 2025 11 314
plotting sup...
plotting mic...
plotting hur...
plotting eri...
plotting ont...
quietly pushing to husky... (0 => success)
0
0
=====================================================
============    11-11 13:05    ======================
=====================================================
no file for today... using yesterdays date
executing ./contour.py 2025 11 314
plotting sup...
plotting mic...
plotting hur...
plotting eri...
plotting ont...
quietly pushing to husky... (0 => success)
0
0
=====================================================
============    11-11 14:05    ======================
=====================================================
no file for today... using yesterdays date
executing ./contour.py 2025 11 314
plotting sup...
plotting mic...
plotting hur...
plotting eri...
plotting ont...
quietly pushing to husky... (0 => success)
0
0
=====================================================
============    11-11 15:05    ======================
=====================================================
no file for today... using yesterdays date
executing ./contour.py 2025 11 314
plotting sup...
plotting mic...
plotting hur...
plotting eri...
plotting ont...
quietly pushing to husky... (0 => success)
0
0
=====================================================
============    11-11 16:05    ======================
=====================================================
no file for today... using yesterdays date
executing ./contour.py 2025 11 314
plotting sup...
plotting mic...
plotting hur...
plotting eri...
plotting ont...
quietly pushing to husky... (0 => success)
0
0
=====================================================
============    11-11 17:05    ======================
=====================================================
no file for today... using yesterdays date
executing ./contour.py 2025 11 314
plotting sup...
plotting mic...
plotting hur...
plotting eri...
plotting ont...
quietly pushing to husky... (0 => success)
0
0
=====================================================
============    11-11 18:05    ======================
=====================================================
no file for today... using yesterdays date
executing ./contour.py 2025 11 314
plotting sup...
plotting mic...
plotting hur...
plotting eri...
plotting ont...
quietly pushing to husky... (0 => success)
0
0
=====================================================
============    11-11 19:05    ======================
=====================================================
no file for today... using yesterdays date
executing ./contour.py 2025 11 314
plotting sup...
plotting mic...
plotting hur...
plotting eri...
plotting ont...
quietly pushing to husky... (0 => success)
0
0
=====================================================
============    11-11 20:05    ======================
=====================================================
no file for today... using yesterdays date
executing ./contour.py 2025 11 314
plotting sup...
plotting mic...
plotting hur...
plotting eri...
plotting ont...
quietly pushing to husky... (0 => success)
0
0
=====================================================
============    11-11 21:05    ======================
=====================================================
no file for today... using yesterdays date
executing ./contour.py 2025 11 314
plotting sup...
plotting mic...
plotting hur...
plotting eri...
plotting ont...
quietly pushing to husky... (0 => success)
0
0
=====================================================
============    11-11 22:05    ======================
=====================================================
no file for today... using yesterdays date
executing ./contour.py 2025 11 314
plotting sup...
plotting mic...
plotting hur...
plotting eri...
plotting ont...
quietly pushing to husky... (0 => success)
0
0
=====================================================
============    11-11 23:05    ======================
=====================================================
no file for today... using yesterdays date
executing ./contour.py 2025 11 314
plotting sup...
plotting mic...
plotting hur...
plotting eri...
plotting ont...
quietly pushing to husky... (0 => success)
0
0
=====================================================
============    11-12 00:05    ======================
=====================================================
no file for today... using yesterdays date
executing ./contour.py 2025 11 315
Traceback (most recent call last):
  File "/home/kessler/plot_gen/contour_glsea/./contour.py", line 22, in <module>
    lst_gl = np.matrix(pd.read_table(fin, skiprows=6, sep='\s+', header=None))
  File "/usr/local/lib64/python3.9/site-packages/pandas/io/parsers/readers.py", line 1403, in read_table
    return _read(filepath_or_buffer, kwds)
  File "/usr/local/lib64/python3.9/site-packages/pandas/io/parsers/readers.py", line 618, in _read
    parser = TextFileReader(filepath_or_buffer, **kwds)
  File "/usr/local/lib64/python3.9/site-packages/pandas/io/parsers/readers.py", line 1618, in __init__
    self._engine = self._make_engine(f, self.engine)
  File "/usr/local/lib64/python3.9/site-packages/pandas/io/parsers/readers.py", line 1878, in _make_engine
    self.handles = get_handle(
  File "/usr/local/lib64/python3.9/site-packages/pandas/io/common.py", line 873, in get_handle
    handle = open(
FileNotFoundError: [Errno 2] No such file or directory: '/mnt/cwdata/p/m/lcd//2025/11/2025_315_glsea.asc'
quietly pushing to husky... (0 => success)
0
0
=====================================================
============    11-12 01:05    ======================
=====================================================
no file for today... using yesterdays date
executing ./contour.py 2025 11 315
Traceback (most recent call last):
  File "/home/kessler/plot_gen/contour_glsea/./contour.py", line 22, in <module>
    lst_gl = np.matrix(pd.read_table(fin, skiprows=6, sep='\s+', header=None))
  File "/usr/local/lib64/python3.9/site-packages/pandas/io/parsers/readers.py", line 1403, in read_table
    return _read(filepath_or_buffer, kwds)
  File "/usr/local/lib64/python3.9/site-packages/pandas/io/parsers/readers.py", line 618, in _read
    parser = TextFileReader(filepath_or_buffer, **kwds)
  File "/usr/local/lib64/python3.9/site-packages/pandas/io/parsers/readers.py", line 1618, in __init__
    self._engine = self._make_engine(f, self.engine)
  File "/usr/local/lib64/python3.9/site-packages/pandas/io/parsers/readers.py", line 1878, in _make_engine
    self.handles = get_handle(
  File "/usr/local/lib64/python3.9/site-packages/pandas/io/common.py", line 873, in get_handle
    handle = open(
FileNotFoundError: [Errno 2] No such file or directory: '/mnt/cwdata/p/m/lcd//2025/11/2025_315_glsea.asc'
quietly pushing to husky... (0 => success)
0
0
=====================================================
============    11-12 02:05    ======================
=====================================================
no file for today... using yesterdays date
executing ./contour.py 2025 11 315
Traceback (most recent call last):
  File "/home/kessler/plot_gen/contour_glsea/./contour.py", line 22, in <module>
    lst_gl = np.matrix(pd.read_table(fin, skiprows=6, sep='\s+', header=None))
  File "/usr/local/lib64/python3.9/site-packages/pandas/io/parsers/readers.py", line 1403, in read_table
    return _read(filepath_or_buffer, kwds)
  File "/usr/local/lib64/python3.9/site-packages/pandas/io/parsers/readers.py", line 618, in _read
    parser = TextFileReader(filepath_or_buffer, **kwds)
  File "/usr/local/lib64/python3.9/site-packages/pandas/io/parsers/readers.py", line 1618, in __init__
    self._engine = self._make_engine(f, self.engine)
  File "/usr/local/lib64/python3.9/site-packages/pandas/io/parsers/readers.py", line 1878, in _make_engine
    self.handles = get_handle(
  File "/usr/local/lib64/python3.9/site-packages/pandas/io/common.py", line 873, in get_handle
    handle = open(
FileNotFoundError: [Errno 2] No such file or directory: '/mnt/cwdata/p/m/lcd//2025/11/2025_315_glsea.asc'
quietly pushing to husky... (0 => success)
0
0
=====================================================
============    11-12 03:05    ======================
=====================================================
no file for today... using yesterdays date
executing ./contour.py 2025 11 315
plotting sup...
plotting mic...
plotting hur...
plotting eri...
plotting ont...
quietly pushing to husky... (0 => success)
0
0
=====================================================
============    11-12 04:05    ======================
=====================================================
no file for today... using yesterdays date
executing ./contour.py 2025 11 315
plotting sup...
plotting mic...
plotting hur...
plotting eri...
plotting ont...
quietly pushing to husky... (0 => success)
0
0
=====================================================
============    11-12 05:05    ======================
=====================================================
no file for today... using yesterdays date
executing ./contour.py 2025 11 315
plotting sup...
plotting mic...
plotting hur...
plotting eri...
plotting ont...
quietly pushing to husky... (0 => success)
0
0
=====================================================
============    11-12 06:05    ======================
=====================================================
no file for today... using yesterdays date
executing ./contour.py 2025 11 315
plotting sup...
plotting mic...
plotting hur...
plotting eri...
plotting ont...
quietly pushing to husky... (0 => success)
0
0
=====================================================
============    11-12 07:05    ======================
=====================================================
no file for today... using yesterdays date
executing ./contour.py 2025 11 315
plotting sup...
plotting mic...
plotting hur...
plotting eri...
plotting ont...
quietly pushing to husky... (0 => success)
0
0
=====================================================
============    11-12 08:05    ======================
=====================================================
no file for today... using yesterdays date
executing ./contour.py 2025 11 315
plotting sup...
plotting mic...
plotting hur...
plotting eri...
plotting ont...
quietly pushing to husky... (0 => success)
0
0
=====================================================
============    11-12 09:05    ======================
=====================================================
no file for today... using yesterdays date
executing ./contour.py 2025 11 315
plotting sup...
plotting mic...
plotting hur...
plotting eri...
plotting ont...
quietly pushing to husky... (0 => success)
0
0
=====================================================
============    11-12 10:05    ======================
=====================================================
no file for today... using yesterdays date
executing ./contour.py 2025 11 315
plotting sup...
plotting mic...
plotting hur...
plotting eri...
plotting ont...
quietly pushing to husky... (0 => success)
0
0
=====================================================
============    11-12 11:05    ======================
=====================================================
no file for today... using yesterdays date
executing ./contour.py 2025 11 315
plotting sup...
plotting mic...
plotting hur...
plotting eri...
plotting ont...
quietly pushing to husky... (0 => success)
0
0
=====================================================
============    11-12 12:05    ======================
=====================================================
no file for today... using yesterdays date
executing ./contour.py 2025 11 315
plotting sup...
plotting mic...
plotting hur...
plotting eri...
plotting ont...
quietly pushing to husky... (0 => success)
0
0
=====================================================
============    11-12 13:05    ======================
=====================================================
no file for today... using yesterdays date
executing ./contour.py 2025 11 315
plotting sup...
plotting mic...
plotting hur...
plotting eri...
plotting ont...
quietly pushing to husky... (0 => success)
0
0
=====================================================
============    11-12 14:05    ======================
=====================================================
no file for today... using yesterdays date
executing ./contour.py 2025 11 315
plotting sup...
plotting mic...
plotting hur...
plotting eri...
plotting ont...
quietly pushing to husky... (0 => success)
0
0
=====================================================
============    11-12 15:05    ======================
=====================================================
no file for today... using yesterdays date
executing ./contour.py 2025 11 315
plotting sup...
plotting mic...
plotting hur...
plotting eri...
plotting ont...
quietly pushing to husky... (0 => success)
0
0
=====================================================
============    11-12 16:05    ======================
=====================================================
no file for today... using yesterdays date
executing ./contour.py 2025 11 315
plotting sup...
plotting mic...
plotting hur...
plotting eri...
plotting ont...
quietly pushing to husky... (0 => success)
0
0
=====================================================
============    11-12 17:05    ======================
=====================================================
no file for today... using yesterdays date
executing ./contour.py 2025 11 315
plotting sup...
plotting mic...
plotting hur...
plotting eri...
plotting ont...
quietly pushing to husky... (0 => success)
0
0
=====================================================
============    11-12 18:05    ======================
=====================================================
no file for today... using yesterdays date
executing ./contour.py 2025 11 315
plotting sup...
plotting mic...
plotting hur...
plotting eri...
plotting ont...
quietly pushing to husky... (0 => success)
0
0
=====================================================
============    11-12 19:05    ======================
=====================================================
no file for today... using yesterdays date
executing ./contour.py 2025 11 315
plotting sup...
plotting mic...
plotting hur...
plotting eri...
plotting ont...
quietly pushing to husky... (0 => success)
0
0
=====================================================
============    11-12 20:05    ======================
=====================================================
no file for today... using yesterdays date
executing ./contour.py 2025 11 315
plotting sup...
plotting mic...
plotting hur...
plotting eri...
plotting ont...
quietly pushing to husky... (0 => success)
0
0
=====================================================
============    11-12 21:05    ======================
=====================================================
no file for today... using yesterdays date
executing ./contour.py 2025 11 315
plotting sup...
plotting mic...
plotting hur...
plotting eri...
plotting ont...
quietly pushing to husky... (0 => success)
0
0
=====================================================
============    11-12 22:05    ======================
=====================================================
no file for today... using yesterdays date
executing ./contour.py 2025 11 315
plotting sup...
plotting mic...
plotting hur...
plotting eri...
plotting ont...
quietly pushing to husky... (0 => success)
0
0
=====================================================
============    11-12 23:05    ======================
=====================================================
no file for today... using yesterdays date
executing ./contour.py 2025 11 315
plotting sup...
plotting mic...
plotting hur...
plotting eri...
plotting ont...
quietly pushing to husky... (0 => success)
0
0
=====================================================
============    11-13 00:05    ======================
=====================================================
no file for today... using yesterdays date
executing ./contour.py 2025 11 316
Traceback (most recent call last):
  File "/home/kessler/plot_gen/contour_glsea/./contour.py", line 22, in <module>
    lst_gl = np.matrix(pd.read_table(fin, skiprows=6, sep='\s+', header=None))
  File "/usr/local/lib64/python3.9/site-packages/pandas/io/parsers/readers.py", line 1403, in read_table
    return _read(filepath_or_buffer, kwds)
  File "/usr/local/lib64/python3.9/site-packages/pandas/io/parsers/readers.py", line 618, in _read
    parser = TextFileReader(filepath_or_buffer, **kwds)
  File "/usr/local/lib64/python3.9/site-packages/pandas/io/parsers/readers.py", line 1618, in __init__
    self._engine = self._make_engine(f, self.engine)
  File "/usr/local/lib64/python3.9/site-packages/pandas/io/parsers/readers.py", line 1878, in _make_engine
    self.handles = get_handle(
  File "/usr/local/lib64/python3.9/site-packages/pandas/io/common.py", line 873, in get_handle
    handle = open(
FileNotFoundError: [Errno 2] No such file or directory: '/mnt/cwdata/p/m/lcd//2025/11/2025_316_glsea.asc'
quietly pushing to husky... (0 => success)
0
0
=====================================================
============    11-13 01:05    ======================
=====================================================
no file for today... using yesterdays date
executing ./contour.py 2025 11 316
Traceback (most recent call last):
  File "/home/kessler/plot_gen/contour_glsea/./contour.py", line 22, in <module>
    lst_gl = np.matrix(pd.read_table(fin, skiprows=6, sep='\s+', header=None))
  File "/usr/local/lib64/python3.9/site-packages/pandas/io/parsers/readers.py", line 1403, in read_table
    return _read(filepath_or_buffer, kwds)
  File "/usr/local/lib64/python3.9/site-packages/pandas/io/parsers/readers.py", line 618, in _read
    parser = TextFileReader(filepath_or_buffer, **kwds)
  File "/usr/local/lib64/python3.9/site-packages/pandas/io/parsers/readers.py", line 1618, in __init__
    self._engine = self._make_engine(f, self.engine)
  File "/usr/local/lib64/python3.9/site-packages/pandas/io/parsers/readers.py", line 1878, in _make_engine
    self.handles = get_handle(
  File "/usr/local/lib64/python3.9/site-packages/pandas/io/common.py", line 873, in get_handle
    handle = open(
FileNotFoundError: [Errno 2] No such file or directory: '/mnt/cwdata/p/m/lcd//2025/11/2025_316_glsea.asc'
quietly pushing to husky... (0 => success)
0
0
=====================================================
============    11-13 02:05    ======================
=====================================================
no file for today... using yesterdays date
executing ./contour.py 2025 11 316
Traceback (most recent call last):
  File "/home/kessler/plot_gen/contour_glsea/./contour.py", line 22, in <module>
    lst_gl = np.matrix(pd.read_table(fin, skiprows=6, sep='\s+', header=None))
  File "/usr/local/lib64/python3.9/site-packages/pandas/io/parsers/readers.py", line 1403, in read_table
    return _read(filepath_or_buffer, kwds)
  File "/usr/local/lib64/python3.9/site-packages/pandas/io/parsers/readers.py", line 618, in _read
    parser = TextFileReader(filepath_or_buffer, **kwds)
  File "/usr/local/lib64/python3.9/site-packages/pandas/io/parsers/readers.py", line 1618, in __init__
    self._engine = self._make_engine(f, self.engine)
  File "/usr/local/lib64/python3.9/site-packages/pandas/io/parsers/readers.py", line 1878, in _make_engine
    self.handles = get_handle(
  File "/usr/local/lib64/python3.9/site-packages/pandas/io/common.py", line 873, in get_handle
    handle = open(
FileNotFoundError: [Errno 2] No such file or directory: '/mnt/cwdata/p/m/lcd//2025/11/2025_316_glsea.asc'
quietly pushing to husky... (0 => success)
0
0
=====================================================
============    11-13 03:05    ======================
=====================================================
no file for today... using yesterdays date
executing ./contour.py 2025 11 316
plotting sup...
plotting mic...
plotting hur...
plotting eri...
plotting ont...
quietly pushing to husky... (0 => success)
0
0
=====================================================
============    11-13 04:05    ======================
=====================================================
no file for today... using yesterdays date
executing ./contour.py 2025 11 316
plotting sup...
plotting mic...
plotting hur...
plotting eri...
plotting ont...
quietly pushing to husky... (0 => success)
0
0
=====================================================
============    11-13 05:05    ======================
=====================================================
no file for today... using yesterdays date
executing ./contour.py 2025 11 316
plotting sup...
plotting mic...
plotting hur...
plotting eri...
plotting ont...
quietly pushing to husky... (0 => success)
0
0
=====================================================
============    11-13 06:05    ======================
=====================================================
no file for today... using yesterdays date
executing ./contour.py 2025 11 316
plotting sup...
plotting mic...
plotting hur...
plotting eri...
plotting ont...
quietly pushing to husky... (0 => success)
0
0
=====================================================
============    11-13 07:05    ======================
=====================================================
no file for today... using yesterdays date
executing ./contour.py 2025 11 316
plotting sup...
plotting mic...
plotting hur...
plotting eri...
plotting ont...
quietly pushing to husky... (0 => success)
0
0
=====================================================
============    11-13 08:05    ======================
=====================================================
no file for today... using yesterdays date
executing ./contour.py 2025 11 316
plotting sup...
plotting mic...
plotting hur...
plotting eri...
plotting ont...
quietly pushing to husky... (0 => success)
0
0
=====================================================
============    11-13 09:05    ======================
=====================================================
no file for today... using yesterdays date
executing ./contour.py 2025 11 316
plotting sup...
plotting mic...
plotting hur...
plotting eri...
plotting ont...
quietly pushing to husky... (0 => success)
0
0
=====================================================
============    11-13 10:05    ======================
=====================================================
no file for today... using yesterdays date
executing ./contour.py 2025 11 316
plotting sup...
plotting mic...
plotting hur...
plotting eri...
plotting ont...
quietly pushing to husky... (0 => success)
0
0
=====================================================
============    11-13 11:05    ======================
=====================================================
no file for today... using yesterdays date
executing ./contour.py 2025 11 316
plotting sup...
plotting mic...
plotting hur...
plotting eri...
plotting ont...
quietly pushing to husky... (0 => success)
0
0
=====================================================
============    11-13 12:05    ======================
=====================================================
no file for today... using yesterdays date
executing ./contour.py 2025 11 316
plotting sup...
plotting mic...
plotting hur...
plotting eri...
plotting ont...
quietly pushing to husky... (0 => success)
0
0
=====================================================
============    11-13 13:05    ======================
=====================================================
no file for today... using yesterdays date
executing ./contour.py 2025 11 316
plotting sup...
plotting mic...
plotting hur...
plotting eri...
plotting ont...
quietly pushing to husky... (0 => success)
0
0
=====================================================
============    11-13 14:05    ======================
=====================================================
no file for today... using yesterdays date
executing ./contour.py 2025 11 316
plotting sup...
plotting mic...
plotting hur...
plotting eri...
plotting ont...
quietly pushing to husky... (0 => success)
0
0
=====================================================
============    11-13 15:05    ======================
=====================================================
no file for today... using yesterdays date
executing ./contour.py 2025 11 316
plotting sup...
plotting mic...
plotting hur...
plotting eri...
plotting ont...
quietly pushing to husky... (0 => success)
0
0
=====================================================
============    11-13 16:05    ======================
=====================================================
no file for today... using yesterdays date
executing ./contour.py 2025 11 316
plotting sup...
plotting mic...
plotting hur...
plotting eri...
plotting ont...
quietly pushing to husky... (0 => success)
0
0
=====================================================
============    11-13 17:05    ======================
=====================================================
no file for today... using yesterdays date
executing ./contour.py 2025 11 316
plotting sup...
plotting mic...
plotting hur...
plotting eri...
plotting ont...
quietly pushing to husky... (0 => success)
0
0
=====================================================
============    11-13 18:05    ======================
=====================================================
no file for today... using yesterdays date
executing ./contour.py 2025 11 316
plotting sup...
plotting mic...
plotting hur...
plotting eri...
plotting ont...
quietly pushing to husky... (0 => success)
0
0
=====================================================
============    11-13 19:05    ======================
=====================================================
no file for today... using yesterdays date
executing ./contour.py 2025 11 316
plotting sup...
plotting mic...
plotting hur...
plotting eri...
plotting ont...
quietly pushing to husky... (0 => success)
0
0
=====================================================
============    11-13 20:05    ======================
=====================================================
no file for today... using yesterdays date
executing ./contour.py 2025 11 316
plotting sup...
plotting mic...
plotting hur...
plotting eri...
plotting ont...
quietly pushing to husky... (0 => success)
0
0
=====================================================
============    11-13 21:05    ======================
=====================================================
no file for today... using yesterdays date
executing ./contour.py 2025 11 316
plotting sup...
plotting mic...
plotting hur...
plotting eri...
plotting ont...
quietly pushing to husky... (0 => success)
0
0
=====================================================
============    11-13 22:05    ======================
=====================================================
no file for today... using yesterdays date
executing ./contour.py 2025 11 316
plotting sup...
plotting mic...
plotting hur...
plotting eri...
plotting ont...
quietly pushing to husky... (0 => success)
0
0
=====================================================
============    11-13 23:05    ======================
=====================================================
no file for today... using yesterdays date
executing ./contour.py 2025 11 316
plotting sup...
plotting mic...
plotting hur...
plotting eri...
plotting ont...
quietly pushing to husky... (0 => success)
0
0
=====================================================
============    11-14 00:05    ======================
=====================================================
no file for today... using yesterdays date
executing ./contour.py 2025 11 317
Traceback (most recent call last):
  File "/home/kessler/plot_gen/contour_glsea/./contour.py", line 22, in <module>
    lst_gl = np.matrix(pd.read_table(fin, skiprows=6, sep='\s+', header=None))
  File "/usr/local/lib64/python3.9/site-packages/pandas/io/parsers/readers.py", line 1403, in read_table
    return _read(filepath_or_buffer, kwds)
  File "/usr/local/lib64/python3.9/site-packages/pandas/io/parsers/readers.py", line 618, in _read
    parser = TextFileReader(filepath_or_buffer, **kwds)
  File "/usr/local/lib64/python3.9/site-packages/pandas/io/parsers/readers.py", line 1618, in __init__
    self._engine = self._make_engine(f, self.engine)
  File "/usr/local/lib64/python3.9/site-packages/pandas/io/parsers/readers.py", line 1878, in _make_engine
    self.handles = get_handle(
  File "/usr/local/lib64/python3.9/site-packages/pandas/io/common.py", line 873, in get_handle
    handle = open(
FileNotFoundError: [Errno 2] No such file or directory: '/mnt/cwdata/p/m/lcd//2025/11/2025_317_glsea.asc'
quietly pushing to husky... (0 => success)
0
0
=====================================================
============    11-14 01:05    ======================
=====================================================
no file for today... using yesterdays date
executing ./contour.py 2025 11 317
Traceback (most recent call last):
  File "/home/kessler/plot_gen/contour_glsea/./contour.py", line 22, in <module>
    lst_gl = np.matrix(pd.read_table(fin, skiprows=6, sep='\s+', header=None))
  File "/usr/local/lib64/python3.9/site-packages/pandas/io/parsers/readers.py", line 1403, in read_table
    return _read(filepath_or_buffer, kwds)
  File "/usr/local/lib64/python3.9/site-packages/pandas/io/parsers/readers.py", line 618, in _read
    parser = TextFileReader(filepath_or_buffer, **kwds)
  File "/usr/local/lib64/python3.9/site-packages/pandas/io/parsers/readers.py", line 1618, in __init__
    self._engine = self._make_engine(f, self.engine)
  File "/usr/local/lib64/python3.9/site-packages/pandas/io/parsers/readers.py", line 1878, in _make_engine
    self.handles = get_handle(
  File "/usr/local/lib64/python3.9/site-packages/pandas/io/common.py", line 873, in get_handle
    handle = open(
FileNotFoundError: [Errno 2] No such file or directory: '/mnt/cwdata/p/m/lcd//2025/11/2025_317_glsea.asc'
quietly pushing to husky... (0 => success)
0
0
=====================================================
============    11-14 02:05    ======================
=====================================================
no file for today... using yesterdays date
executing ./contour.py 2025 11 317
Traceback (most recent call last):
  File "/home/kessler/plot_gen/contour_glsea/./contour.py", line 22, in <module>
    lst_gl = np.matrix(pd.read_table(fin, skiprows=6, sep='\s+', header=None))
  File "/usr/local/lib64/python3.9/site-packages/pandas/io/parsers/readers.py", line 1403, in read_table
    return _read(filepath_or_buffer, kwds)
  File "/usr/local/lib64/python3.9/site-packages/pandas/io/parsers/readers.py", line 618, in _read
    parser = TextFileReader(filepath_or_buffer, **kwds)
  File "/usr/local/lib64/python3.9/site-packages/pandas/io/parsers/readers.py", line 1618, in __init__
    self._engine = self._make_engine(f, self.engine)
  File "/usr/local/lib64/python3.9/site-packages/pandas/io/parsers/readers.py", line 1878, in _make_engine
    self.handles = get_handle(
  File "/usr/local/lib64/python3.9/site-packages/pandas/io/common.py", line 873, in get_handle
    handle = open(
FileNotFoundError: [Errno 2] No such file or directory: '/mnt/cwdata/p/m/lcd//2025/11/2025_317_glsea.asc'
quietly pushing to husky... (0 => success)
0
0
=====================================================
============    11-14 03:05    ======================
=====================================================
no file for today... using yesterdays date
executing ./contour.py 2025 11 317
plotting sup...
plotting mic...
plotting hur...
plotting eri...
plotting ont...
quietly pushing to husky... (0 => success)
0
0
=====================================================
============    11-14 04:05    ======================
=====================================================
no file for today... using yesterdays date
executing ./contour.py 2025 11 317
plotting sup...
plotting mic...
plotting hur...
plotting eri...
plotting ont...
quietly pushing to husky... (0 => success)
0
0
=====================================================
============    11-14 05:05    ======================
=====================================================
no file for today... using yesterdays date
executing ./contour.py 2025 11 317
plotting sup...
plotting mic...
plotting hur...
plotting eri...
plotting ont...
quietly pushing to husky... (0 => success)
0
0
=====================================================
============    11-14 06:05    ======================
=====================================================
no file for today... using yesterdays date
executing ./contour.py 2025 11 317
plotting sup...
plotting mic...
plotting hur...
plotting eri...
plotting ont...
quietly pushing to husky... (0 => success)
0
0
=====================================================
============    11-14 07:05    ======================
=====================================================
no file for today... using yesterdays date
executing ./contour.py 2025 11 317
plotting sup...
plotting mic...
plotting hur...
plotting eri...
plotting ont...
quietly pushing to husky... (0 => success)
0
0
=====================================================
============    11-14 08:05    ======================
=====================================================
no file for today... using yesterdays date
executing ./contour.py 2025 11 317
plotting sup...
plotting mic...
plotting hur...
plotting eri...
plotting ont...
quietly pushing to husky... (0 => success)
0
0
=====================================================
============    11-14 09:05    ======================
=====================================================
no file for today... using yesterdays date
executing ./contour.py 2025 11 317
plotting sup...
plotting mic...
plotting hur...
plotting eri...
plotting ont...
quietly pushing to husky... (0 => success)
0
0
=====================================================
============    11-14 10:05    ======================
=====================================================
no file for today... using yesterdays date
executing ./contour.py 2025 11 317
plotting sup...
plotting mic...
plotting hur...
plotting eri...
plotting ont...
quietly pushing to husky... (0 => success)
0
0
=====================================================
============    11-14 11:05    ======================
=====================================================
no file for today... using yesterdays date
executing ./contour.py 2025 11 317
plotting sup...
plotting mic...
plotting hur...
plotting eri...
plotting ont...
quietly pushing to husky... (0 => success)
0
0
=====================================================
============    11-14 12:05    ======================
=====================================================
no file for today... using yesterdays date
executing ./contour.py 2025 11 317
plotting sup...
plotting mic...
plotting hur...
plotting eri...
plotting ont...
quietly pushing to husky... (0 => success)
0
0
=====================================================
============    11-14 13:05    ======================
=====================================================
no file for today... using yesterdays date
executing ./contour.py 2025 11 317
plotting sup...
plotting mic...
plotting hur...
plotting eri...
plotting ont...
quietly pushing to husky... (0 => success)
0
0
=====================================================
============    11-14 14:05    ======================
=====================================================
no file for today... using yesterdays date
executing ./contour.py 2025 11 317
plotting sup...
plotting mic...
plotting hur...
plotting eri...
plotting ont...
quietly pushing to husky... (0 => success)
0
0
=====================================================
============    11-14 15:05    ======================
=====================================================
no file for today... using yesterdays date
executing ./contour.py 2025 11 317
plotting sup...
plotting mic...
plotting hur...
plotting eri...
plotting ont...
quietly pushing to husky... (0 => success)
0
0
=====================================================
============    11-14 16:05    ======================
=====================================================
no file for today... using yesterdays date
executing ./contour.py 2025 11 317
plotting sup...
plotting mic...
plotting hur...
plotting eri...
plotting ont...
quietly pushing to husky... (0 => success)
0
0
=====================================================
============    11-14 17:05    ======================
=====================================================
no file for today... using yesterdays date
executing ./contour.py 2025 11 317
plotting sup...
plotting mic...
plotting hur...
plotting eri...
plotting ont...
quietly pushing to husky... (0 => success)
0
0
=====================================================
============    11-14 18:05    ======================
=====================================================
no file for today... using yesterdays date
executing ./contour.py 2025 11 317
plotting sup...
plotting mic...
plotting hur...
plotting eri...
plotting ont...
quietly pushing to husky... (0 => success)
0
0
=====================================================
============    11-14 19:05    ======================
=====================================================
no file for today... using yesterdays date
executing ./contour.py 2025 11 317
plotting sup...
plotting mic...
plotting hur...
plotting eri...
plotting ont...
quietly pushing to husky... (0 => success)
0
0
=====================================================
============    11-14 20:05    ======================
=====================================================
no file for today... using yesterdays date
executing ./contour.py 2025 11 317
plotting sup...
plotting mic...
plotting hur...
plotting eri...
plotting ont...
quietly pushing to husky... (0 => success)
0
0
=====================================================
============    11-14 21:05    ======================
=====================================================
no file for today... using yesterdays date
executing ./contour.py 2025 11 317
plotting sup...
plotting mic...
plotting hur...
plotting eri...
plotting ont...
quietly pushing to husky... (0 => success)
0
0
=====================================================
============    11-14 22:05    ======================
=====================================================
no file for today... using yesterdays date
executing ./contour.py 2025 11 317
plotting sup...
plotting mic...
plotting hur...
plotting eri...
plotting ont...
quietly pushing to husky... (0 => success)
0
0
=====================================================
============    11-14 23:05    ======================
=====================================================
no file for today... using yesterdays date
executing ./contour.py 2025 11 317
plotting sup...
plotting mic...
plotting hur...
plotting eri...
plotting ont...
quietly pushing to husky... (0 => success)
0
0
=====================================================
============    11-15 00:05    ======================
=====================================================
no file for today... using yesterdays date
executing ./contour.py 2025 11 318
Traceback (most recent call last):
  File "/home/kessler/plot_gen/contour_glsea/./contour.py", line 22, in <module>
    lst_gl = np.matrix(pd.read_table(fin, skiprows=6, sep='\s+', header=None))
  File "/usr/local/lib64/python3.9/site-packages/pandas/io/parsers/readers.py", line 1403, in read_table
    return _read(filepath_or_buffer, kwds)
  File "/usr/local/lib64/python3.9/site-packages/pandas/io/parsers/readers.py", line 618, in _read
    parser = TextFileReader(filepath_or_buffer, **kwds)
  File "/usr/local/lib64/python3.9/site-packages/pandas/io/parsers/readers.py", line 1618, in __init__
    self._engine = self._make_engine(f, self.engine)
  File "/usr/local/lib64/python3.9/site-packages/pandas/io/parsers/readers.py", line 1878, in _make_engine
    self.handles = get_handle(
  File "/usr/local/lib64/python3.9/site-packages/pandas/io/common.py", line 873, in get_handle
    handle = open(
FileNotFoundError: [Errno 2] No such file or directory: '/mnt/cwdata/p/m/lcd//2025/11/2025_318_glsea.asc'
quietly pushing to husky... (0 => success)
0
0
=====================================================
============    11-15 01:05    ======================
=====================================================
no file for today... using yesterdays date
executing ./contour.py 2025 11 318
Traceback (most recent call last):
  File "/home/kessler/plot_gen/contour_glsea/./contour.py", line 22, in <module>
    lst_gl = np.matrix(pd.read_table(fin, skiprows=6, sep='\s+', header=None))
  File "/usr/local/lib64/python3.9/site-packages/pandas/io/parsers/readers.py", line 1403, in read_table
    return _read(filepath_or_buffer, kwds)
  File "/usr/local/lib64/python3.9/site-packages/pandas/io/parsers/readers.py", line 618, in _read
    parser = TextFileReader(filepath_or_buffer, **kwds)
  File "/usr/local/lib64/python3.9/site-packages/pandas/io/parsers/readers.py", line 1618, in __init__
    self._engine = self._make_engine(f, self.engine)
  File "/usr/local/lib64/python3.9/site-packages/pandas/io/parsers/readers.py", line 1878, in _make_engine
    self.handles = get_handle(
  File "/usr/local/lib64/python3.9/site-packages/pandas/io/common.py", line 873, in get_handle
    handle = open(
FileNotFoundError: [Errno 2] No such file or directory: '/mnt/cwdata/p/m/lcd//2025/11/2025_318_glsea.asc'
quietly pushing to husky... (0 => success)
0
0
=====================================================
============    11-15 02:05    ======================
=====================================================
no file for today... using yesterdays date
executing ./contour.py 2025 11 318
Traceback (most recent call last):
  File "/home/kessler/plot_gen/contour_glsea/./contour.py", line 22, in <module>
    lst_gl = np.matrix(pd.read_table(fin, skiprows=6, sep='\s+', header=None))
  File "/usr/local/lib64/python3.9/site-packages/pandas/io/parsers/readers.py", line 1403, in read_table
    return _read(filepath_or_buffer, kwds)
  File "/usr/local/lib64/python3.9/site-packages/pandas/io/parsers/readers.py", line 618, in _read
    parser = TextFileReader(filepath_or_buffer, **kwds)
  File "/usr/local/lib64/python3.9/site-packages/pandas/io/parsers/readers.py", line 1618, in __init__
    self._engine = self._make_engine(f, self.engine)
  File "/usr/local/lib64/python3.9/site-packages/pandas/io/parsers/readers.py", line 1878, in _make_engine
    self.handles = get_handle(
  File "/usr/local/lib64/python3.9/site-packages/pandas/io/common.py", line 873, in get_handle
    handle = open(
FileNotFoundError: [Errno 2] No such file or directory: '/mnt/cwdata/p/m/lcd//2025/11/2025_318_glsea.asc'
quietly pushing to husky... (0 => success)
0
0
=====================================================
============    11-15 03:05    ======================
=====================================================
no file for today... using yesterdays date
executing ./contour.py 2025 11 318
plotting sup...
plotting mic...
plotting hur...
plotting eri...
plotting ont...
quietly pushing to husky... (0 => success)
0
0
=====================================================
============    11-15 04:05    ======================
=====================================================
no file for today... using yesterdays date
executing ./contour.py 2025 11 318
plotting sup...
plotting mic...
plotting hur...
plotting eri...
plotting ont...
quietly pushing to husky... (0 => success)
0
0
=====================================================
============    11-15 05:05    ======================
=====================================================
no file for today... using yesterdays date
executing ./contour.py 2025 11 318
plotting sup...
plotting mic...
plotting hur...
plotting eri...
plotting ont...
quietly pushing to husky... (0 => success)
0
0
=====================================================
============    11-15 06:05    ======================
=====================================================
no file for today... using yesterdays date
executing ./contour.py 2025 11 318
plotting sup...
plotting mic...
plotting hur...
plotting eri...
plotting ont...
quietly pushing to husky... (0 => success)
0
0
=====================================================
============    11-15 07:05    ======================
=====================================================
no file for today... using yesterdays date
executing ./contour.py 2025 11 318
plotting sup...
plotting mic...
plotting hur...
plotting eri...
plotting ont...
quietly pushing to husky... (0 => success)
0
0
=====================================================
============    11-15 08:05    ======================
=====================================================
no file for today... using yesterdays date
executing ./contour.py 2025 11 318
plotting sup...
plotting mic...
plotting hur...
plotting eri...
plotting ont...
quietly pushing to husky... (0 => success)
0
0
=====================================================
============    11-15 09:05    ======================
=====================================================
no file for today... using yesterdays date
executing ./contour.py 2025 11 318
plotting sup...
plotting mic...
plotting hur...
plotting eri...
plotting ont...
quietly pushing to husky... (0 => success)
0
0
=====================================================
============    11-15 10:05    ======================
=====================================================
no file for today... using yesterdays date
executing ./contour.py 2025 11 318
plotting sup...
plotting mic...
plotting hur...
plotting eri...
plotting ont...
quietly pushing to husky... (0 => success)
0
0
=====================================================
============    11-15 11:05    ======================
=====================================================
no file for today... using yesterdays date
executing ./contour.py 2025 11 318
plotting sup...
plotting mic...
plotting hur...
plotting eri...
plotting ont...
quietly pushing to husky... (0 => success)
0
0
=====================================================
============    11-15 12:05    ======================
=====================================================
no file for today... using yesterdays date
executing ./contour.py 2025 11 318
plotting sup...
plotting mic...
plotting hur...
plotting eri...
plotting ont...
quietly pushing to husky... (0 => success)
0
0
=====================================================
============    11-15 13:05    ======================
=====================================================
no file for today... using yesterdays date
executing ./contour.py 2025 11 318
plotting sup...
plotting mic...
plotting hur...
plotting eri...
plotting ont...
quietly pushing to husky... (0 => success)
0
0
=====================================================
============    11-15 14:05    ======================
=====================================================
no file for today... using yesterdays date
executing ./contour.py 2025 11 318
plotting sup...
plotting mic...
plotting hur...
plotting eri...
plotting ont...
quietly pushing to husky... (0 => success)
0
0
=====================================================
============    11-15 15:05    ======================
=====================================================
no file for today... using yesterdays date
executing ./contour.py 2025 11 318
plotting sup...
plotting mic...
plotting hur...
plotting eri...
plotting ont...
quietly pushing to husky... (0 => success)
0
0
=====================================================
============    11-15 16:05    ======================
=====================================================
no file for today... using yesterdays date
executing ./contour.py 2025 11 318
plotting sup...
plotting mic...
plotting hur...
plotting eri...
plotting ont...
quietly pushing to husky... (0 => success)
0
0
=====================================================
============    11-15 17:05    ======================
=====================================================
no file for today... using yesterdays date
executing ./contour.py 2025 11 318
plotting sup...
plotting mic...
plotting hur...
plotting eri...
plotting ont...
quietly pushing to husky... (0 => success)
0
0
=====================================================
============    11-15 18:05    ======================
=====================================================
no file for today... using yesterdays date
executing ./contour.py 2025 11 318
plotting sup...
plotting mic...
plotting hur...
plotting eri...
plotting ont...
quietly pushing to husky... (0 => success)
0
0
=====================================================
============    11-15 19:05    ======================
=====================================================
no file for today... using yesterdays date
executing ./contour.py 2025 11 318
plotting sup...
plotting mic...
plotting hur...
plotting eri...
plotting ont...
quietly pushing to husky... (0 => success)
0
0
=====================================================
============    11-15 20:05    ======================
=====================================================
no file for today... using yesterdays date
executing ./contour.py 2025 11 318
plotting sup...
plotting mic...
plotting hur...
plotting eri...
plotting ont...
quietly pushing to husky... (0 => success)
0
0
=====================================================
============    11-15 21:05    ======================
=====================================================
no file for today... using yesterdays date
executing ./contour.py 2025 11 318
plotting sup...
plotting mic...
plotting hur...
plotting eri...
plotting ont...
quietly pushing to husky... (0 => success)
0
0
=====================================================
============    11-15 22:05    ======================
=====================================================
no file for today... using yesterdays date
executing ./contour.py 2025 11 318
plotting sup...
plotting mic...
plotting hur...
plotting eri...
plotting ont...
quietly pushing to husky... (0 => success)
0
0
=====================================================
============    11-15 23:05    ======================
=====================================================
no file for today... using yesterdays date
executing ./contour.py 2025 11 318
plotting sup...
plotting mic...
plotting hur...
plotting eri...
plotting ont...
quietly pushing to husky... (0 => success)
0
0
=====================================================
============    11-16 00:05    ======================
=====================================================
no file for today... using yesterdays date
executing ./contour.py 2025 11 319
Traceback (most recent call last):
  File "/home/kessler/plot_gen/contour_glsea/./contour.py", line 22, in <module>
    lst_gl = np.matrix(pd.read_table(fin, skiprows=6, sep='\s+', header=None))
  File "/usr/local/lib64/python3.9/site-packages/pandas/io/parsers/readers.py", line 1403, in read_table
    return _read(filepath_or_buffer, kwds)
  File "/usr/local/lib64/python3.9/site-packages/pandas/io/parsers/readers.py", line 618, in _read
    parser = TextFileReader(filepath_or_buffer, **kwds)
  File "/usr/local/lib64/python3.9/site-packages/pandas/io/parsers/readers.py", line 1618, in __init__
    self._engine = self._make_engine(f, self.engine)
  File "/usr/local/lib64/python3.9/site-packages/pandas/io/parsers/readers.py", line 1878, in _make_engine
    self.handles = get_handle(
  File "/usr/local/lib64/python3.9/site-packages/pandas/io/common.py", line 873, in get_handle
    handle = open(
FileNotFoundError: [Errno 2] No such file or directory: '/mnt/cwdata/p/m/lcd//2025/11/2025_319_glsea.asc'
quietly pushing to husky... (0 => success)
0
0
=====================================================
============    11-16 01:05    ======================
=====================================================
no file for today... using yesterdays date
executing ./contour.py 2025 11 319
Traceback (most recent call last):
  File "/home/kessler/plot_gen/contour_glsea/./contour.py", line 22, in <module>
    lst_gl = np.matrix(pd.read_table(fin, skiprows=6, sep='\s+', header=None))
  File "/usr/local/lib64/python3.9/site-packages/pandas/io/parsers/readers.py", line 1403, in read_table
    return _read(filepath_or_buffer, kwds)
  File "/usr/local/lib64/python3.9/site-packages/pandas/io/parsers/readers.py", line 618, in _read
    parser = TextFileReader(filepath_or_buffer, **kwds)
  File "/usr/local/lib64/python3.9/site-packages/pandas/io/parsers/readers.py", line 1618, in __init__
    self._engine = self._make_engine(f, self.engine)
  File "/usr/local/lib64/python3.9/site-packages/pandas/io/parsers/readers.py", line 1878, in _make_engine
    self.handles = get_handle(
  File "/usr/local/lib64/python3.9/site-packages/pandas/io/common.py", line 873, in get_handle
    handle = open(
FileNotFoundError: [Errno 2] No such file or directory: '/mnt/cwdata/p/m/lcd//2025/11/2025_319_glsea.asc'
quietly pushing to husky... (0 => success)
0
0
=====================================================
============    11-16 02:05    ======================
=====================================================
no file for today... using yesterdays date
executing ./contour.py 2025 11 319
Traceback (most recent call last):
  File "/home/kessler/plot_gen/contour_glsea/./contour.py", line 22, in <module>
    lst_gl = np.matrix(pd.read_table(fin, skiprows=6, sep='\s+', header=None))
  File "/usr/local/lib64/python3.9/site-packages/pandas/io/parsers/readers.py", line 1403, in read_table
    return _read(filepath_or_buffer, kwds)
  File "/usr/local/lib64/python3.9/site-packages/pandas/io/parsers/readers.py", line 618, in _read
    parser = TextFileReader(filepath_or_buffer, **kwds)
  File "/usr/local/lib64/python3.9/site-packages/pandas/io/parsers/readers.py", line 1618, in __init__
    self._engine = self._make_engine(f, self.engine)
  File "/usr/local/lib64/python3.9/site-packages/pandas/io/parsers/readers.py", line 1878, in _make_engine
    self.handles = get_handle(
  File "/usr/local/lib64/python3.9/site-packages/pandas/io/common.py", line 873, in get_handle
    handle = open(
FileNotFoundError: [Errno 2] No such file or directory: '/mnt/cwdata/p/m/lcd//2025/11/2025_319_glsea.asc'
quietly pushing to husky... (0 => success)
0
0
=====================================================
============    11-16 03:05    ======================
=====================================================
no file for today... using yesterdays date
executing ./contour.py 2025 11 319
plotting sup...
plotting mic...
plotting hur...
plotting eri...
plotting ont...
quietly pushing to husky... (0 => success)
0
0
=====================================================
============    11-16 04:05    ======================
=====================================================
no file for today... using yesterdays date
executing ./contour.py 2025 11 319
plotting sup...
plotting mic...
plotting hur...
plotting eri...
plotting ont...
quietly pushing to husky... (0 => success)
0
0
=====================================================
============    11-16 05:05    ======================
=====================================================
no file for today... using yesterdays date
executing ./contour.py 2025 11 319
plotting sup...
plotting mic...
plotting hur...
plotting eri...
plotting ont...
quietly pushing to husky... (0 => success)
0
0
=====================================================
============    11-16 06:05    ======================
=====================================================
no file for today... using yesterdays date
executing ./contour.py 2025 11 319
plotting sup...
plotting mic...
plotting hur...
plotting eri...
plotting ont...
quietly pushing to husky... (0 => success)
0
0
=====================================================
============    11-16 07:05    ======================
=====================================================
no file for today... using yesterdays date
executing ./contour.py 2025 11 319
plotting sup...
plotting mic...
plotting hur...
plotting eri...
plotting ont...
quietly pushing to husky... (0 => success)
0
0
=====================================================
============    11-16 08:05    ======================
=====================================================
no file for today... using yesterdays date
executing ./contour.py 2025 11 319
plotting sup...
plotting mic...
plotting hur...
plotting eri...
plotting ont...
quietly pushing to husky... (0 => success)
0
0
=====================================================
============    11-16 09:05    ======================
=====================================================
no file for today... using yesterdays date
executing ./contour.py 2025 11 319
plotting sup...
plotting mic...
plotting hur...
plotting eri...
plotting ont...
quietly pushing to husky... (0 => success)
0
0
=====================================================
============    11-16 10:05    ======================
=====================================================
no file for today... using yesterdays date
executing ./contour.py 2025 11 319
plotting sup...
plotting mic...
plotting hur...
plotting eri...
plotting ont...
quietly pushing to husky... (0 => success)
0
0
=====================================================
============    11-16 11:05    ======================
=====================================================
no file for today... using yesterdays date
executing ./contour.py 2025 11 319
plotting sup...
plotting mic...
plotting hur...
plotting eri...
plotting ont...
quietly pushing to husky... (0 => success)
0
0
=====================================================
============    11-16 12:05    ======================
=====================================================
no file for today... using yesterdays date
executing ./contour.py 2025 11 319
plotting sup...
plotting mic...
plotting hur...
plotting eri...
plotting ont...
quietly pushing to husky... (0 => success)
0
0
=====================================================
============    11-16 13:05    ======================
=====================================================
no file for today... using yesterdays date
executing ./contour.py 2025 11 319
plotting sup...
plotting mic...
plotting hur...
plotting eri...
plotting ont...
quietly pushing to husky... (0 => success)
0
0
=====================================================
============    11-16 14:05    ======================
=====================================================
no file for today... using yesterdays date
executing ./contour.py 2025 11 319
plotting sup...
plotting mic...
plotting hur...
plotting eri...
plotting ont...
quietly pushing to husky... (0 => success)
0
0
=====================================================
============    11-16 15:05    ======================
=====================================================
no file for today... using yesterdays date
executing ./contour.py 2025 11 319
plotting sup...
plotting mic...
plotting hur...
plotting eri...
plotting ont...
quietly pushing to husky... (0 => success)
0
0
=====================================================
============    11-16 16:05    ======================
=====================================================
no file for today... using yesterdays date
executing ./contour.py 2025 11 319
plotting sup...
plotting mic...
plotting hur...
plotting eri...
plotting ont...
quietly pushing to husky... (0 => success)
0
0
=====================================================
============    11-16 17:05    ======================
=====================================================
no file for today... using yesterdays date
executing ./contour.py 2025 11 319
plotting sup...
plotting mic...
plotting hur...
plotting eri...
plotting ont...
quietly pushing to husky... (0 => success)
0
0
=====================================================
============    11-16 18:05    ======================
=====================================================
no file for today... using yesterdays date
executing ./contour.py 2025 11 319
plotting sup...
plotting mic...
plotting hur...
plotting eri...
plotting ont...
quietly pushing to husky... (0 => success)
0
0
=====================================================
============    11-16 19:05    ======================
=====================================================
no file for today... using yesterdays date
executing ./contour.py 2025 11 319
plotting sup...
plotting mic...
plotting hur...
plotting eri...
plotting ont...
quietly pushing to husky... (0 => success)
0
0
=====================================================
============    11-16 20:05    ======================
=====================================================
no file for today... using yesterdays date
executing ./contour.py 2025 11 319
plotting sup...
plotting mic...
plotting hur...
plotting eri...
plotting ont...
quietly pushing to husky... (0 => success)
0
0
=====================================================
============    11-16 21:05    ======================
=====================================================
no file for today... using yesterdays date
executing ./contour.py 2025 11 319
plotting sup...
plotting mic...
plotting hur...
plotting eri...
plotting ont...
quietly pushing to husky... (0 => success)
0
0
=====================================================
============    11-16 22:05    ======================
=====================================================
no file for today... using yesterdays date
executing ./contour.py 2025 11 319
plotting sup...
plotting mic...
plotting hur...
plotting eri...
plotting ont...
quietly pushing to husky... (0 => success)
0
0
=====================================================
============    11-16 23:05    ======================
=====================================================
no file for today... using yesterdays date
executing ./contour.py 2025 11 319
plotting sup...
plotting mic...
plotting hur...
plotting eri...
plotting ont...
quietly pushing to husky... (0 => success)
0
0
=====================================================
============    11-17 00:05    ======================
=====================================================
no file for today... using yesterdays date
executing ./contour.py 2025 11 320
Traceback (most recent call last):
  File "/home/kessler/plot_gen/contour_glsea/./contour.py", line 22, in <module>
    lst_gl = np.matrix(pd.read_table(fin, skiprows=6, sep='\s+', header=None))
  File "/usr/local/lib64/python3.9/site-packages/pandas/io/parsers/readers.py", line 1403, in read_table
    return _read(filepath_or_buffer, kwds)
  File "/usr/local/lib64/python3.9/site-packages/pandas/io/parsers/readers.py", line 618, in _read
    parser = TextFileReader(filepath_or_buffer, **kwds)
  File "/usr/local/lib64/python3.9/site-packages/pandas/io/parsers/readers.py", line 1618, in __init__
    self._engine = self._make_engine(f, self.engine)
  File "/usr/local/lib64/python3.9/site-packages/pandas/io/parsers/readers.py", line 1878, in _make_engine
    self.handles = get_handle(
  File "/usr/local/lib64/python3.9/site-packages/pandas/io/common.py", line 873, in get_handle
    handle = open(
FileNotFoundError: [Errno 2] No such file or directory: '/mnt/cwdata/p/m/lcd//2025/11/2025_320_glsea.asc'
quietly pushing to husky... (0 => success)
0
0
=====================================================
============    11-17 01:05    ======================
=====================================================
no file for today... using yesterdays date
executing ./contour.py 2025 11 320
Traceback (most recent call last):
  File "/home/kessler/plot_gen/contour_glsea/./contour.py", line 22, in <module>
    lst_gl = np.matrix(pd.read_table(fin, skiprows=6, sep='\s+', header=None))
  File "/usr/local/lib64/python3.9/site-packages/pandas/io/parsers/readers.py", line 1403, in read_table
    return _read(filepath_or_buffer, kwds)
  File "/usr/local/lib64/python3.9/site-packages/pandas/io/parsers/readers.py", line 618, in _read
    parser = TextFileReader(filepath_or_buffer, **kwds)
  File "/usr/local/lib64/python3.9/site-packages/pandas/io/parsers/readers.py", line 1618, in __init__
    self._engine = self._make_engine(f, self.engine)
  File "/usr/local/lib64/python3.9/site-packages/pandas/io/parsers/readers.py", line 1878, in _make_engine
    self.handles = get_handle(
  File "/usr/local/lib64/python3.9/site-packages/pandas/io/common.py", line 873, in get_handle
    handle = open(
FileNotFoundError: [Errno 2] No such file or directory: '/mnt/cwdata/p/m/lcd//2025/11/2025_320_glsea.asc'
quietly pushing to husky... (0 => success)
0
0
=====================================================
============    11-17 02:05    ======================
=====================================================
no file for today... using yesterdays date
executing ./contour.py 2025 11 320
Traceback (most recent call last):
  File "/home/kessler/plot_gen/contour_glsea/./contour.py", line 22, in <module>
    lst_gl = np.matrix(pd.read_table(fin, skiprows=6, sep='\s+', header=None))
  File "/usr/local/lib64/python3.9/site-packages/pandas/io/parsers/readers.py", line 1403, in read_table
    return _read(filepath_or_buffer, kwds)
  File "/usr/local/lib64/python3.9/site-packages/pandas/io/parsers/readers.py", line 618, in _read
    parser = TextFileReader(filepath_or_buffer, **kwds)
  File "/usr/local/lib64/python3.9/site-packages/pandas/io/parsers/readers.py", line 1618, in __init__
    self._engine = self._make_engine(f, self.engine)
  File "/usr/local/lib64/python3.9/site-packages/pandas/io/parsers/readers.py", line 1878, in _make_engine
    self.handles = get_handle(
  File "/usr/local/lib64/python3.9/site-packages/pandas/io/common.py", line 873, in get_handle
    handle = open(
FileNotFoundError: [Errno 2] No such file or directory: '/mnt/cwdata/p/m/lcd//2025/11/2025_320_glsea.asc'
quietly pushing to husky... (0 => success)
0
0
=====================================================
============    11-17 03:05    ======================
=====================================================
no file for today... using yesterdays date
executing ./contour.py 2025 11 320
plotting sup...
plotting mic...
plotting hur...
plotting eri...
plotting ont...
quietly pushing to husky... (0 => success)
0
0
=====================================================
============    11-17 04:05    ======================
=====================================================
no file for today... using yesterdays date
executing ./contour.py 2025 11 320
plotting sup...
plotting mic...
plotting hur...
plotting eri...
plotting ont...
quietly pushing to husky... (0 => success)
0
0
=====================================================
============    11-17 05:05    ======================
=====================================================
no file for today... using yesterdays date
executing ./contour.py 2025 11 320
plotting sup...
plotting mic...
plotting hur...
plotting eri...
plotting ont...
quietly pushing to husky... (0 => success)
0
0
=====================================================
============    11-17 06:05    ======================
=====================================================
no file for today... using yesterdays date
executing ./contour.py 2025 11 320
plotting sup...
plotting mic...
plotting hur...
plotting eri...
plotting ont...
quietly pushing to husky... (0 => success)
0
0
=====================================================
============    11-17 07:05    ======================
=====================================================
no file for today... using yesterdays date
executing ./contour.py 2025 11 320
plotting sup...
plotting mic...
plotting hur...
plotting eri...
plotting ont...
quietly pushing to husky... (0 => success)
0
0
=====================================================
============    11-17 08:05    ======================
=====================================================
no file for today... using yesterdays date
executing ./contour.py 2025 11 320
plotting sup...
plotting mic...
plotting hur...
plotting eri...
plotting ont...
quietly pushing to husky... (0 => success)
0
0
=====================================================
============    11-17 09:05    ======================
=====================================================
no file for today... using yesterdays date
executing ./contour.py 2025 11 320
plotting sup...
plotting mic...
plotting hur...
plotting eri...
plotting ont...
quietly pushing to husky... (0 => success)
0
0
=====================================================
============    11-17 10:05    ======================
=====================================================
no file for today... using yesterdays date
executing ./contour.py 2025 11 320
plotting sup...
plotting mic...
plotting hur...
plotting eri...
plotting ont...
quietly pushing to husky... (0 => success)
0
0
=====================================================
============    11-17 11:05    ======================
=====================================================
no file for today... using yesterdays date
executing ./contour.py 2025 11 320
plotting sup...
plotting mic...
plotting hur...
plotting eri...
plotting ont...
quietly pushing to husky... (0 => success)
0
0
=====================================================
============    11-17 12:05    ======================
=====================================================
no file for today... using yesterdays date
executing ./contour.py 2025 11 320
plotting sup...
plotting mic...
plotting hur...
plotting eri...
plotting ont...
quietly pushing to husky... (0 => success)
0
0
=====================================================
============    11-17 13:05    ======================
=====================================================
no file for today... using yesterdays date
executing ./contour.py 2025 11 320
plotting sup...
plotting mic...
plotting hur...
plotting eri...
plotting ont...
quietly pushing to husky... (0 => success)
0
0
=====================================================
============    11-17 14:05    ======================
=====================================================
no file for today... using yesterdays date
executing ./contour.py 2025 11 320
plotting sup...
plotting mic...
plotting hur...
plotting eri...
plotting ont...
quietly pushing to husky... (0 => success)
0
0
=====================================================
============    11-17 15:05    ======================
=====================================================
no file for today... using yesterdays date
executing ./contour.py 2025 11 320
plotting sup...
plotting mic...
plotting hur...
plotting eri...
plotting ont...
quietly pushing to husky... (0 => success)
0
0
=====================================================
============    11-17 16:05    ======================
=====================================================
no file for today... using yesterdays date
executing ./contour.py 2025 11 320
plotting sup...
plotting mic...
plotting hur...
plotting eri...
plotting ont...
quietly pushing to husky... (0 => success)
0
0
=====================================================
============    11-17 17:05    ======================
=====================================================
no file for today... using yesterdays date
executing ./contour.py 2025 11 320
plotting sup...
plotting mic...
plotting hur...
plotting eri...
plotting ont...
quietly pushing to husky... (0 => success)
0
0
=====================================================
============    11-17 18:05    ======================
=====================================================
no file for today... using yesterdays date
executing ./contour.py 2025 11 320
plotting sup...
plotting mic...
plotting hur...
plotting eri...
plotting ont...
quietly pushing to husky... (0 => success)
0
0
=====================================================
============    11-17 19:05    ======================
=====================================================
no file for today... using yesterdays date
executing ./contour.py 2025 11 320
plotting sup...
plotting mic...
plotting hur...
plotting eri...
plotting ont...
quietly pushing to husky... (0 => success)
0
0
=====================================================
============    11-17 20:05    ======================
=====================================================
no file for today... using yesterdays date
executing ./contour.py 2025 11 320
plotting sup...
plotting mic...
plotting hur...
plotting eri...
plotting ont...
quietly pushing to husky... (0 => success)
0
0
=====================================================
============    11-17 21:05    ======================
=====================================================
no file for today... using yesterdays date
executing ./contour.py 2025 11 320
plotting sup...
plotting mic...
plotting hur...
plotting eri...
plotting ont...
quietly pushing to husky... (0 => success)
0
0
=====================================================
============    11-17 22:05    ======================
=====================================================
no file for today... using yesterdays date
executing ./contour.py 2025 11 320
plotting sup...
plotting mic...
plotting hur...
plotting eri...
plotting ont...
quietly pushing to husky... (0 => success)
0
0
=====================================================
============    11-17 23:05    ======================
=====================================================
no file for today... using yesterdays date
executing ./contour.py 2025 11 320
plotting sup...
plotting mic...
plotting hur...
plotting eri...
plotting ont...
quietly pushing to husky... (0 => success)
0
0
=====================================================
============    11-18 00:05    ======================
=====================================================
no file for today... using yesterdays date
executing ./contour.py 2025 11 321
Traceback (most recent call last):
  File "/home/kessler/plot_gen/contour_glsea/./contour.py", line 22, in <module>
    lst_gl = np.matrix(pd.read_table(fin, skiprows=6, sep='\s+', header=None))
  File "/usr/local/lib64/python3.9/site-packages/pandas/io/parsers/readers.py", line 1403, in read_table
    return _read(filepath_or_buffer, kwds)
  File "/usr/local/lib64/python3.9/site-packages/pandas/io/parsers/readers.py", line 618, in _read
    parser = TextFileReader(filepath_or_buffer, **kwds)
  File "/usr/local/lib64/python3.9/site-packages/pandas/io/parsers/readers.py", line 1618, in __init__
    self._engine = self._make_engine(f, self.engine)
  File "/usr/local/lib64/python3.9/site-packages/pandas/io/parsers/readers.py", line 1878, in _make_engine
    self.handles = get_handle(
  File "/usr/local/lib64/python3.9/site-packages/pandas/io/common.py", line 873, in get_handle
    handle = open(
FileNotFoundError: [Errno 2] No such file or directory: '/mnt/cwdata/p/m/lcd//2025/11/2025_321_glsea.asc'
quietly pushing to husky... (0 => success)
0
0
=====================================================
============    11-18 01:05    ======================
=====================================================
no file for today... using yesterdays date
executing ./contour.py 2025 11 321
Traceback (most recent call last):
  File "/home/kessler/plot_gen/contour_glsea/./contour.py", line 22, in <module>
    lst_gl = np.matrix(pd.read_table(fin, skiprows=6, sep='\s+', header=None))
  File "/usr/local/lib64/python3.9/site-packages/pandas/io/parsers/readers.py", line 1403, in read_table
    return _read(filepath_or_buffer, kwds)
  File "/usr/local/lib64/python3.9/site-packages/pandas/io/parsers/readers.py", line 618, in _read
    parser = TextFileReader(filepath_or_buffer, **kwds)
  File "/usr/local/lib64/python3.9/site-packages/pandas/io/parsers/readers.py", line 1618, in __init__
    self._engine = self._make_engine(f, self.engine)
  File "/usr/local/lib64/python3.9/site-packages/pandas/io/parsers/readers.py", line 1878, in _make_engine
    self.handles = get_handle(
  File "/usr/local/lib64/python3.9/site-packages/pandas/io/common.py", line 873, in get_handle
    handle = open(
FileNotFoundError: [Errno 2] No such file or directory: '/mnt/cwdata/p/m/lcd//2025/11/2025_321_glsea.asc'
quietly pushing to husky... (0 => success)
0
0
=====================================================
============    11-18 02:05    ======================
=====================================================
no file for today... using yesterdays date
executing ./contour.py 2025 11 321
Traceback (most recent call last):
  File "/home/kessler/plot_gen/contour_glsea/./contour.py", line 22, in <module>
    lst_gl = np.matrix(pd.read_table(fin, skiprows=6, sep='\s+', header=None))
  File "/usr/local/lib64/python3.9/site-packages/pandas/io/parsers/readers.py", line 1403, in read_table
    return _read(filepath_or_buffer, kwds)
  File "/usr/local/lib64/python3.9/site-packages/pandas/io/parsers/readers.py", line 618, in _read
    parser = TextFileReader(filepath_or_buffer, **kwds)
  File "/usr/local/lib64/python3.9/site-packages/pandas/io/parsers/readers.py", line 1618, in __init__
    self._engine = self._make_engine(f, self.engine)
  File "/usr/local/lib64/python3.9/site-packages/pandas/io/parsers/readers.py", line 1878, in _make_engine
    self.handles = get_handle(
  File "/usr/local/lib64/python3.9/site-packages/pandas/io/common.py", line 873, in get_handle
    handle = open(
FileNotFoundError: [Errno 2] No such file or directory: '/mnt/cwdata/p/m/lcd//2025/11/2025_321_glsea.asc'
quietly pushing to husky... (0 => success)
0
0
=====================================================
============    11-18 03:05    ======================
=====================================================
no file for today... using yesterdays date
executing ./contour.py 2025 11 321
plotting sup...
plotting mic...
plotting hur...
plotting eri...
plotting ont...
quietly pushing to husky... (0 => success)
0
0
=====================================================
============    11-18 04:05    ======================
=====================================================
no file for today... using yesterdays date
executing ./contour.py 2025 11 321
plotting sup...
plotting mic...
plotting hur...
plotting eri...
plotting ont...
quietly pushing to husky... (0 => success)
0
0
=====================================================
============    11-18 05:05    ======================
=====================================================
no file for today... using yesterdays date
executing ./contour.py 2025 11 321
plotting sup...
plotting mic...
plotting hur...
plotting eri...
plotting ont...
quietly pushing to husky... (0 => success)
0
0
=====================================================
============    11-18 06:05    ======================
=====================================================
no file for today... using yesterdays date
executing ./contour.py 2025 11 321
plotting sup...
plotting mic...
plotting hur...
plotting eri...
plotting ont...
quietly pushing to husky... (0 => success)
0
0
=====================================================
============    11-18 07:05    ======================
=====================================================
no file for today... using yesterdays date
executing ./contour.py 2025 11 321
plotting sup...
plotting mic...
plotting hur...
plotting eri...
plotting ont...
quietly pushing to husky... (0 => success)
0
0
=====================================================
============    11-18 08:05    ======================
=====================================================
no file for today... using yesterdays date
executing ./contour.py 2025 11 321
plotting sup...
plotting mic...
plotting hur...
plotting eri...
plotting ont...
quietly pushing to husky... (0 => success)
0
0
=====================================================
============    11-18 09:05    ======================
=====================================================
no file for today... using yesterdays date
executing ./contour.py 2025 11 321
plotting sup...
plotting mic...
plotting hur...
plotting eri...
plotting ont...
quietly pushing to husky... (0 => success)
0
0
=====================================================
============    11-18 10:05    ======================
=====================================================
no file for today... using yesterdays date
executing ./contour.py 2025 11 321
plotting sup...
plotting mic...
plotting hur...
plotting eri...
plotting ont...
quietly pushing to husky... (0 => success)
0
0
=====================================================
============    11-18 11:05    ======================
=====================================================
no file for today... using yesterdays date
executing ./contour.py 2025 11 321
plotting sup...
plotting mic...
plotting hur...
plotting eri...
plotting ont...
quietly pushing to husky... (0 => success)
0
0
=====================================================
============    11-18 12:05    ======================
=====================================================
no file for today... using yesterdays date
executing ./contour.py 2025 11 321
plotting sup...
plotting mic...
plotting hur...
plotting eri...
plotting ont...
quietly pushing to husky... (0 => success)
0
0
=====================================================
============    11-18 13:05    ======================
=====================================================
no file for today... using yesterdays date
executing ./contour.py 2025 11 321
plotting sup...
plotting mic...
plotting hur...
plotting eri...
plotting ont...
quietly pushing to husky... (0 => success)
0
0
=====================================================
============    11-18 14:05    ======================
=====================================================
no file for today... using yesterdays date
executing ./contour.py 2025 11 321
plotting sup...
plotting mic...
plotting hur...
plotting eri...
plotting ont...
quietly pushing to husky... (0 => success)
0
0
=====================================================
============    11-18 15:05    ======================
=====================================================
no file for today... using yesterdays date
executing ./contour.py 2025 11 321
plotting sup...
plotting mic...
plotting hur...
plotting eri...
plotting ont...
quietly pushing to husky... (0 => success)
0
0
=====================================================
============    11-18 16:05    ======================
=====================================================
no file for today... using yesterdays date
executing ./contour.py 2025 11 321
plotting sup...
plotting mic...
plotting hur...
plotting eri...
plotting ont...
quietly pushing to husky... (0 => success)
0
0
=====================================================
============    11-18 17:05    ======================
=====================================================
no file for today... using yesterdays date
executing ./contour.py 2025 11 321
plotting sup...
plotting mic...
plotting hur...
plotting eri...
plotting ont...
quietly pushing to husky... (0 => success)
0
0
=====================================================
============    11-18 18:05    ======================
=====================================================
no file for today... using yesterdays date
executing ./contour.py 2025 11 321
plotting sup...
plotting mic...
plotting hur...
plotting eri...
plotting ont...
quietly pushing to husky... (0 => success)
0
0
=====================================================
============    11-18 19:05    ======================
=====================================================
no file for today... using yesterdays date
executing ./contour.py 2025 11 321
plotting sup...
plotting mic...
plotting hur...
plotting eri...
plotting ont...
quietly pushing to husky... (0 => success)
0
0
=====================================================
============    11-18 20:05    ======================
=====================================================
no file for today... using yesterdays date
executing ./contour.py 2025 11 321
plotting sup...
plotting mic...
plotting hur...
plotting eri...
plotting ont...
quietly pushing to husky... (0 => success)
0
0
=====================================================
============    11-18 21:05    ======================
=====================================================
no file for today... using yesterdays date
executing ./contour.py 2025 11 321
plotting sup...
plotting mic...
plotting hur...
plotting eri...
plotting ont...
quietly pushing to husky... (0 => success)
0
0
=====================================================
============    11-18 22:05    ======================
=====================================================
no file for today... using yesterdays date
executing ./contour.py 2025 11 321
plotting sup...
plotting mic...
plotting hur...
plotting eri...
plotting ont...
quietly pushing to husky... (0 => success)
0
0
=====================================================
============    11-18 23:05    ======================
=====================================================
no file for today... using yesterdays date
executing ./contour.py 2025 11 321
plotting sup...
plotting mic...
plotting hur...
plotting eri...
plotting ont...
quietly pushing to husky... (0 => success)
0
0
=====================================================
============    11-19 00:05    ======================
=====================================================
no file for today... using yesterdays date
executing ./contour.py 2025 11 322
Traceback (most recent call last):
  File "/home/kessler/plot_gen/contour_glsea/./contour.py", line 22, in <module>
    lst_gl = np.matrix(pd.read_table(fin, skiprows=6, sep='\s+', header=None))
  File "/usr/local/lib64/python3.9/site-packages/pandas/io/parsers/readers.py", line 1403, in read_table
    return _read(filepath_or_buffer, kwds)
  File "/usr/local/lib64/python3.9/site-packages/pandas/io/parsers/readers.py", line 618, in _read
    parser = TextFileReader(filepath_or_buffer, **kwds)
  File "/usr/local/lib64/python3.9/site-packages/pandas/io/parsers/readers.py", line 1618, in __init__
    self._engine = self._make_engine(f, self.engine)
  File "/usr/local/lib64/python3.9/site-packages/pandas/io/parsers/readers.py", line 1878, in _make_engine
    self.handles = get_handle(
  File "/usr/local/lib64/python3.9/site-packages/pandas/io/common.py", line 873, in get_handle
    handle = open(
FileNotFoundError: [Errno 2] No such file or directory: '/mnt/cwdata/p/m/lcd//2025/11/2025_322_glsea.asc'
quietly pushing to husky... (0 => success)
0
0
=====================================================
============    11-19 01:05    ======================
=====================================================
no file for today... using yesterdays date
executing ./contour.py 2025 11 322
Traceback (most recent call last):
  File "/home/kessler/plot_gen/contour_glsea/./contour.py", line 22, in <module>
    lst_gl = np.matrix(pd.read_table(fin, skiprows=6, sep='\s+', header=None))
  File "/usr/local/lib64/python3.9/site-packages/pandas/io/parsers/readers.py", line 1403, in read_table
    return _read(filepath_or_buffer, kwds)
  File "/usr/local/lib64/python3.9/site-packages/pandas/io/parsers/readers.py", line 618, in _read
    parser = TextFileReader(filepath_or_buffer, **kwds)
  File "/usr/local/lib64/python3.9/site-packages/pandas/io/parsers/readers.py", line 1618, in __init__
    self._engine = self._make_engine(f, self.engine)
  File "/usr/local/lib64/python3.9/site-packages/pandas/io/parsers/readers.py", line 1878, in _make_engine
    self.handles = get_handle(
  File "/usr/local/lib64/python3.9/site-packages/pandas/io/common.py", line 873, in get_handle
    handle = open(
FileNotFoundError: [Errno 2] No such file or directory: '/mnt/cwdata/p/m/lcd//2025/11/2025_322_glsea.asc'
quietly pushing to husky... (0 => success)
0
0
=====================================================
============    11-19 02:05    ======================
=====================================================
no file for today... using yesterdays date
executing ./contour.py 2025 11 322
Traceback (most recent call last):
  File "/home/kessler/plot_gen/contour_glsea/./contour.py", line 22, in <module>
    lst_gl = np.matrix(pd.read_table(fin, skiprows=6, sep='\s+', header=None))
  File "/usr/local/lib64/python3.9/site-packages/pandas/io/parsers/readers.py", line 1403, in read_table
    return _read(filepath_or_buffer, kwds)
  File "/usr/local/lib64/python3.9/site-packages/pandas/io/parsers/readers.py", line 618, in _read
    parser = TextFileReader(filepath_or_buffer, **kwds)
  File "/usr/local/lib64/python3.9/site-packages/pandas/io/parsers/readers.py", line 1618, in __init__
    self._engine = self._make_engine(f, self.engine)
  File "/usr/local/lib64/python3.9/site-packages/pandas/io/parsers/readers.py", line 1878, in _make_engine
    self.handles = get_handle(
  File "/usr/local/lib64/python3.9/site-packages/pandas/io/common.py", line 873, in get_handle
    handle = open(
FileNotFoundError: [Errno 2] No such file or directory: '/mnt/cwdata/p/m/lcd//2025/11/2025_322_glsea.asc'
quietly pushing to husky... (0 => success)
0
0
=====================================================
============    11-19 03:05    ======================
=====================================================
no file for today... using yesterdays date
executing ./contour.py 2025 11 322
plotting sup...
plotting mic...
plotting hur...
plotting eri...
plotting ont...
quietly pushing to husky... (0 => success)
0
0
=====================================================
============    11-19 04:05    ======================
=====================================================
no file for today... using yesterdays date
executing ./contour.py 2025 11 322
plotting sup...
plotting mic...
plotting hur...
plotting eri...
plotting ont...
quietly pushing to husky... (0 => success)
0
0
=====================================================
============    11-19 05:05    ======================
=====================================================
no file for today... using yesterdays date
executing ./contour.py 2025 11 322
plotting sup...
plotting mic...
plotting hur...
plotting eri...
plotting ont...
quietly pushing to husky... (0 => success)
0
0
=====================================================
============    11-19 06:05    ======================
=====================================================
no file for today... using yesterdays date
executing ./contour.py 2025 11 322
plotting sup...
plotting mic...
plotting hur...
plotting eri...
plotting ont...
quietly pushing to husky... (0 => success)
0
0
=====================================================
============    11-19 07:05    ======================
=====================================================
no file for today... using yesterdays date
executing ./contour.py 2025 11 322
plotting sup...
plotting mic...
plotting hur...
plotting eri...
plotting ont...
quietly pushing to husky... (0 => success)
0
0
=====================================================
============    11-19 08:05    ======================
=====================================================
no file for today... using yesterdays date
executing ./contour.py 2025 11 322
plotting sup...
plotting mic...
plotting hur...
plotting eri...
plotting ont...
quietly pushing to husky... (0 => success)
0
0
=====================================================
============    11-19 09:05    ======================
=====================================================
no file for today... using yesterdays date
executing ./contour.py 2025 11 322
plotting sup...
plotting mic...
plotting hur...
plotting eri...
plotting ont...
quietly pushing to husky... (0 => success)
0
0
=====================================================
============    11-19 10:05    ======================
=====================================================
no file for today... using yesterdays date
executing ./contour.py 2025 11 322
plotting sup...
plotting mic...
plotting hur...
plotting eri...
plotting ont...
quietly pushing to husky... (0 => success)
0
0
=====================================================
============    11-19 11:05    ======================
=====================================================
no file for today... using yesterdays date
executing ./contour.py 2025 11 322
plotting sup...
plotting mic...
plotting hur...
plotting eri...
plotting ont...
quietly pushing to husky... (0 => success)
0
0
=====================================================
============    11-19 12:05    ======================
=====================================================
no file for today... using yesterdays date
executing ./contour.py 2025 11 322
plotting sup...
plotting mic...
plotting hur...
plotting eri...
plotting ont...
quietly pushing to husky... (0 => success)
0
0
=====================================================
============    11-19 13:05    ======================
=====================================================
no file for today... using yesterdays date
executing ./contour.py 2025 11 322
plotting sup...
plotting mic...
plotting hur...
plotting eri...
plotting ont...
quietly pushing to husky... (0 => success)
0
0
=====================================================
============    11-19 14:05    ======================
=====================================================
no file for today... using yesterdays date
executing ./contour.py 2025 11 322
plotting sup...
plotting mic...
plotting hur...
plotting eri...
plotting ont...
quietly pushing to husky... (0 => success)
0
0
=====================================================
============    11-19 15:05    ======================
=====================================================
no file for today... using yesterdays date
executing ./contour.py 2025 11 322
plotting sup...
plotting mic...
plotting hur...
plotting eri...
plotting ont...
quietly pushing to husky... (0 => success)
0
0
=====================================================
============    11-19 16:05    ======================
=====================================================
no file for today... using yesterdays date
executing ./contour.py 2025 11 322
plotting sup...
plotting mic...
plotting hur...
plotting eri...
plotting ont...
quietly pushing to husky... (0 => success)
0
0
=====================================================
============    11-19 17:05    ======================
=====================================================
no file for today... using yesterdays date
executing ./contour.py 2025 11 322
plotting sup...
plotting mic...
plotting hur...
plotting eri...
plotting ont...
quietly pushing to husky... (0 => success)
0
0
=====================================================
============    11-19 18:05    ======================
=====================================================
no file for today... using yesterdays date
executing ./contour.py 2025 11 322
plotting sup...
plotting mic...
plotting hur...
plotting eri...
plotting ont...
quietly pushing to husky... (0 => success)
0
0
=====================================================
============    11-19 19:05    ======================
=====================================================
no file for today... using yesterdays date
executing ./contour.py 2025 11 322
plotting sup...
plotting mic...
plotting hur...
plotting eri...
plotting ont...
quietly pushing to husky... (0 => success)
0
0
=====================================================
============    11-19 20:05    ======================
=====================================================
no file for today... using yesterdays date
executing ./contour.py 2025 11 322
plotting sup...
plotting mic...
plotting hur...
plotting eri...
plotting ont...
quietly pushing to husky... (0 => success)
0
0
=====================================================
============    11-19 21:05    ======================
=====================================================
no file for today... using yesterdays date
executing ./contour.py 2025 11 322
plotting sup...
plotting mic...
plotting hur...
plotting eri...
plotting ont...
quietly pushing to husky... (0 => success)
0
0
=====================================================
============    11-19 22:05    ======================
=====================================================
no file for today... using yesterdays date
executing ./contour.py 2025 11 322
plotting sup...
plotting mic...
plotting hur...
plotting eri...
plotting ont...
quietly pushing to husky... (0 => success)
0
0
=====================================================
============    11-19 23:05    ======================
=====================================================
no file for today... using yesterdays date
executing ./contour.py 2025 11 322
plotting sup...
plotting mic...
plotting hur...
plotting eri...
plotting ont...
quietly pushing to husky... (0 => success)
0
0
=====================================================
============    11-20 00:05    ======================
=====================================================
no file for today... using yesterdays date
executing ./contour.py 2025 11 323
Traceback (most recent call last):
  File "/home/kessler/plot_gen/contour_glsea/./contour.py", line 22, in <module>
    lst_gl = np.matrix(pd.read_table(fin, skiprows=6, sep='\s+', header=None))
  File "/usr/local/lib64/python3.9/site-packages/pandas/io/parsers/readers.py", line 1403, in read_table
    return _read(filepath_or_buffer, kwds)
  File "/usr/local/lib64/python3.9/site-packages/pandas/io/parsers/readers.py", line 618, in _read
    parser = TextFileReader(filepath_or_buffer, **kwds)
  File "/usr/local/lib64/python3.9/site-packages/pandas/io/parsers/readers.py", line 1618, in __init__
    self._engine = self._make_engine(f, self.engine)
  File "/usr/local/lib64/python3.9/site-packages/pandas/io/parsers/readers.py", line 1878, in _make_engine
    self.handles = get_handle(
  File "/usr/local/lib64/python3.9/site-packages/pandas/io/common.py", line 873, in get_handle
    handle = open(
FileNotFoundError: [Errno 2] No such file or directory: '/mnt/cwdata/p/m/lcd//2025/11/2025_323_glsea.asc'
quietly pushing to husky... (0 => success)
0
0
=====================================================
============    11-20 01:05    ======================
=====================================================
no file for today... using yesterdays date
executing ./contour.py 2025 11 323
Traceback (most recent call last):
  File "/home/kessler/plot_gen/contour_glsea/./contour.py", line 22, in <module>
    lst_gl = np.matrix(pd.read_table(fin, skiprows=6, sep='\s+', header=None))
  File "/usr/local/lib64/python3.9/site-packages/pandas/io/parsers/readers.py", line 1403, in read_table
    return _read(filepath_or_buffer, kwds)
  File "/usr/local/lib64/python3.9/site-packages/pandas/io/parsers/readers.py", line 618, in _read
    parser = TextFileReader(filepath_or_buffer, **kwds)
  File "/usr/local/lib64/python3.9/site-packages/pandas/io/parsers/readers.py", line 1618, in __init__
    self._engine = self._make_engine(f, self.engine)
  File "/usr/local/lib64/python3.9/site-packages/pandas/io/parsers/readers.py", line 1878, in _make_engine
    self.handles = get_handle(
  File "/usr/local/lib64/python3.9/site-packages/pandas/io/common.py", line 873, in get_handle
    handle = open(
FileNotFoundError: [Errno 2] No such file or directory: '/mnt/cwdata/p/m/lcd//2025/11/2025_323_glsea.asc'
quietly pushing to husky... (0 => success)
0
0
=====================================================
============    11-20 02:05    ======================
=====================================================
no file for today... using yesterdays date
executing ./contour.py 2025 11 323
Traceback (most recent call last):
  File "/home/kessler/plot_gen/contour_glsea/./contour.py", line 22, in <module>
    lst_gl = np.matrix(pd.read_table(fin, skiprows=6, sep='\s+', header=None))
  File "/usr/local/lib64/python3.9/site-packages/pandas/io/parsers/readers.py", line 1403, in read_table
    return _read(filepath_or_buffer, kwds)
  File "/usr/local/lib64/python3.9/site-packages/pandas/io/parsers/readers.py", line 618, in _read
    parser = TextFileReader(filepath_or_buffer, **kwds)
  File "/usr/local/lib64/python3.9/site-packages/pandas/io/parsers/readers.py", line 1618, in __init__
    self._engine = self._make_engine(f, self.engine)
  File "/usr/local/lib64/python3.9/site-packages/pandas/io/parsers/readers.py", line 1878, in _make_engine
    self.handles = get_handle(
  File "/usr/local/lib64/python3.9/site-packages/pandas/io/common.py", line 873, in get_handle
    handle = open(
FileNotFoundError: [Errno 2] No such file or directory: '/mnt/cwdata/p/m/lcd//2025/11/2025_323_glsea.asc'
quietly pushing to husky... (0 => success)
0
0
=====================================================
============    11-20 03:05    ======================
=====================================================
no file for today... using yesterdays date
executing ./contour.py 2025 11 323
plotting sup...
plotting mic...
plotting hur...
plotting eri...
plotting ont...
quietly pushing to husky... (0 => success)
0
0
=====================================================
============    11-20 04:05    ======================
=====================================================
no file for today... using yesterdays date
executing ./contour.py 2025 11 323
plotting sup...
plotting mic...
plotting hur...
plotting eri...
plotting ont...
quietly pushing to husky... (0 => success)
0
0
=====================================================
============    11-20 05:05    ======================
=====================================================
no file for today... using yesterdays date
executing ./contour.py 2025 11 323
plotting sup...
plotting mic...
plotting hur...
plotting eri...
plotting ont...
quietly pushing to husky... (0 => success)
0
0
=====================================================
============    11-20 06:05    ======================
=====================================================
no file for today... using yesterdays date
executing ./contour.py 2025 11 323
plotting sup...
plotting mic...
plotting hur...
plotting eri...
plotting ont...
quietly pushing to husky... (0 => success)
0
0
=====================================================
============    11-20 07:05    ======================
=====================================================
no file for today... using yesterdays date
executing ./contour.py 2025 11 323
plotting sup...
plotting mic...
plotting hur...
plotting eri...
plotting ont...
quietly pushing to husky... (0 => success)
0
0
=====================================================
============    11-20 08:05    ======================
=====================================================
no file for today... using yesterdays date
executing ./contour.py 2025 11 323
plotting sup...
plotting mic...
plotting hur...
plotting eri...
plotting ont...
quietly pushing to husky... (0 => success)
0
0
=====================================================
============    11-20 09:05    ======================
=====================================================
no file for today... using yesterdays date
executing ./contour.py 2025 11 323
plotting sup...
plotting mic...
plotting hur...
plotting eri...
plotting ont...
quietly pushing to husky... (0 => success)
0
0
=====================================================
============    11-20 10:05    ======================
=====================================================
no file for today... using yesterdays date
executing ./contour.py 2025 11 323
plotting sup...
plotting mic...
plotting hur...
plotting eri...
plotting ont...
quietly pushing to husky... (0 => success)
0
0
=====================================================
============    11-20 11:05    ======================
=====================================================
no file for today... using yesterdays date
executing ./contour.py 2025 11 323
plotting sup...
plotting mic...
plotting hur...
plotting eri...
plotting ont...
quietly pushing to husky... (0 => success)
0
0
=====================================================
============    11-20 12:05    ======================
=====================================================
no file for today... using yesterdays date
executing ./contour.py 2025 11 323
plotting sup...
plotting mic...
plotting hur...
plotting eri...
plotting ont...
quietly pushing to husky... (0 => success)
0
0
=====================================================
============    11-20 13:05    ======================
=====================================================
no file for today... using yesterdays date
executing ./contour.py 2025 11 323
plotting sup...
plotting mic...
plotting hur...
plotting eri...
plotting ont...
quietly pushing to husky... (0 => success)
0
0
=====================================================
============    11-20 14:05    ======================
=====================================================
no file for today... using yesterdays date
executing ./contour.py 2025 11 323
plotting sup...
plotting mic...
plotting hur...
plotting eri...
plotting ont...
quietly pushing to husky... (0 => success)
0
0
=====================================================
============    11-20 15:05    ======================
=====================================================
no file for today... using yesterdays date
executing ./contour.py 2025 11 323
plotting sup...
plotting mic...
plotting hur...
plotting eri...
plotting ont...
quietly pushing to husky... (0 => success)
0
0
=====================================================
============    11-20 16:05    ======================
=====================================================
no file for today... using yesterdays date
executing ./contour.py 2025 11 323
plotting sup...
plotting mic...
plotting hur...
plotting eri...
plotting ont...
quietly pushing to husky... (0 => success)
0
0
=====================================================
============    11-20 17:05    ======================
=====================================================
no file for today... using yesterdays date
executing ./contour.py 2025 11 323
plotting sup...
plotting mic...
plotting hur...
plotting eri...
plotting ont...
quietly pushing to husky... (0 => success)
0
0
=====================================================
============    11-20 18:05    ======================
=====================================================
no file for today... using yesterdays date
executing ./contour.py 2025 11 323
plotting sup...
plotting mic...
plotting hur...
plotting eri...
plotting ont...
quietly pushing to husky... (0 => success)
0
0
=====================================================
============    11-20 19:05    ======================
=====================================================
no file for today... using yesterdays date
executing ./contour.py 2025 11 323
plotting sup...
plotting mic...
plotting hur...
plotting eri...
plotting ont...
quietly pushing to husky... (0 => success)
0
0
=====================================================
============    11-20 20:05    ======================
=====================================================
no file for today... using yesterdays date
executing ./contour.py 2025 11 323
plotting sup...
plotting mic...
plotting hur...
plotting eri...
plotting ont...
quietly pushing to husky... (0 => success)
0
0
=====================================================
============    11-20 21:05    ======================
=====================================================
no file for today... using yesterdays date
executing ./contour.py 2025 11 323
plotting sup...
plotting mic...
plotting hur...
plotting eri...
plotting ont...
quietly pushing to husky... (0 => success)
0
0
=====================================================
============    11-20 22:05    ======================
=====================================================
no file for today... using yesterdays date
executing ./contour.py 2025 11 323
plotting sup...
plotting mic...
plotting hur...
plotting eri...
plotting ont...
quietly pushing to husky... (0 => success)
0
0
=====================================================
============    11-20 23:05    ======================
=====================================================
no file for today... using yesterdays date
executing ./contour.py 2025 11 323
plotting sup...
plotting mic...
plotting hur...
plotting eri...
plotting ont...
quietly pushing to husky... (0 => success)
0
0
=====================================================
============    11-21 00:05    ======================
=====================================================
no file for today... using yesterdays date
executing ./contour.py 2025 11 324
Traceback (most recent call last):
  File "/home/kessler/plot_gen/contour_glsea/./contour.py", line 22, in <module>
    lst_gl = np.matrix(pd.read_table(fin, skiprows=6, sep='\s+', header=None))
  File "/usr/local/lib64/python3.9/site-packages/pandas/io/parsers/readers.py", line 1403, in read_table
    return _read(filepath_or_buffer, kwds)
  File "/usr/local/lib64/python3.9/site-packages/pandas/io/parsers/readers.py", line 618, in _read
    parser = TextFileReader(filepath_or_buffer, **kwds)
  File "/usr/local/lib64/python3.9/site-packages/pandas/io/parsers/readers.py", line 1618, in __init__
    self._engine = self._make_engine(f, self.engine)
  File "/usr/local/lib64/python3.9/site-packages/pandas/io/parsers/readers.py", line 1878, in _make_engine
    self.handles = get_handle(
  File "/usr/local/lib64/python3.9/site-packages/pandas/io/common.py", line 873, in get_handle
    handle = open(
FileNotFoundError: [Errno 2] No such file or directory: '/mnt/cwdata/p/m/lcd//2025/11/2025_324_glsea.asc'
quietly pushing to husky... (0 => success)
0
0
=====================================================
============    11-21 01:05    ======================
=====================================================
no file for today... using yesterdays date
executing ./contour.py 2025 11 324
Traceback (most recent call last):
  File "/home/kessler/plot_gen/contour_glsea/./contour.py", line 22, in <module>
    lst_gl = np.matrix(pd.read_table(fin, skiprows=6, sep='\s+', header=None))
  File "/usr/local/lib64/python3.9/site-packages/pandas/io/parsers/readers.py", line 1403, in read_table
    return _read(filepath_or_buffer, kwds)
  File "/usr/local/lib64/python3.9/site-packages/pandas/io/parsers/readers.py", line 618, in _read
    parser = TextFileReader(filepath_or_buffer, **kwds)
  File "/usr/local/lib64/python3.9/site-packages/pandas/io/parsers/readers.py", line 1618, in __init__
    self._engine = self._make_engine(f, self.engine)
  File "/usr/local/lib64/python3.9/site-packages/pandas/io/parsers/readers.py", line 1878, in _make_engine
    self.handles = get_handle(
  File "/usr/local/lib64/python3.9/site-packages/pandas/io/common.py", line 873, in get_handle
    handle = open(
FileNotFoundError: [Errno 2] No such file or directory: '/mnt/cwdata/p/m/lcd//2025/11/2025_324_glsea.asc'
quietly pushing to husky... (0 => success)
0
0
=====================================================
============    11-21 02:05    ======================
=====================================================
no file for today... using yesterdays date
executing ./contour.py 2025 11 324
Traceback (most recent call last):
  File "/home/kessler/plot_gen/contour_glsea/./contour.py", line 22, in <module>
    lst_gl = np.matrix(pd.read_table(fin, skiprows=6, sep='\s+', header=None))
  File "/usr/local/lib64/python3.9/site-packages/pandas/io/parsers/readers.py", line 1403, in read_table
    return _read(filepath_or_buffer, kwds)
  File "/usr/local/lib64/python3.9/site-packages/pandas/io/parsers/readers.py", line 618, in _read
    parser = TextFileReader(filepath_or_buffer, **kwds)
  File "/usr/local/lib64/python3.9/site-packages/pandas/io/parsers/readers.py", line 1618, in __init__
    self._engine = self._make_engine(f, self.engine)
  File "/usr/local/lib64/python3.9/site-packages/pandas/io/parsers/readers.py", line 1878, in _make_engine
    self.handles = get_handle(
  File "/usr/local/lib64/python3.9/site-packages/pandas/io/common.py", line 873, in get_handle
    handle = open(
FileNotFoundError: [Errno 2] No such file or directory: '/mnt/cwdata/p/m/lcd//2025/11/2025_324_glsea.asc'
quietly pushing to husky... (0 => success)
0
0
=====================================================
============    11-21 03:05    ======================
=====================================================
no file for today... using yesterdays date
executing ./contour.py 2025 11 324
plotting sup...
plotting mic...
plotting hur...
plotting eri...
plotting ont...
quietly pushing to husky... (0 => success)
0
0
=====================================================
============    11-21 04:05    ======================
=====================================================
no file for today... using yesterdays date
executing ./contour.py 2025 11 324
plotting sup...
plotting mic...
plotting hur...
plotting eri...
plotting ont...
quietly pushing to husky... (0 => success)
0
0
=====================================================
============    11-21 05:05    ======================
=====================================================
no file for today... using yesterdays date
executing ./contour.py 2025 11 324
plotting sup...
plotting mic...
plotting hur...
plotting eri...
plotting ont...
quietly pushing to husky... (0 => success)
0
0
=====================================================
============    11-21 06:05    ======================
=====================================================
no file for today... using yesterdays date
executing ./contour.py 2025 11 324
plotting sup...
plotting mic...
plotting hur...
plotting eri...
plotting ont...
quietly pushing to husky... (0 => success)
0
0
=====================================================
============    11-21 07:05    ======================
=====================================================
no file for today... using yesterdays date
executing ./contour.py 2025 11 324
plotting sup...
plotting mic...
plotting hur...
plotting eri...
plotting ont...
quietly pushing to husky... (0 => success)
0
0
=====================================================
============    11-21 08:05    ======================
=====================================================
no file for today... using yesterdays date
executing ./contour.py 2025 11 324
plotting sup...
plotting mic...
plotting hur...
plotting eri...
plotting ont...
quietly pushing to husky... (0 => success)
0
0
=====================================================
============    11-21 09:05    ======================
=====================================================
no file for today... using yesterdays date
executing ./contour.py 2025 11 324
plotting sup...
plotting mic...
plotting hur...
plotting eri...
plotting ont...
quietly pushing to husky... (0 => success)
0
0
=====================================================
============    11-21 10:05    ======================
=====================================================
no file for today... using yesterdays date
executing ./contour.py 2025 11 324
plotting sup...
plotting mic...
plotting hur...
plotting eri...
plotting ont...
quietly pushing to husky... (0 => success)
0
0
=====================================================
============    11-21 11:05    ======================
=====================================================
no file for today... using yesterdays date
executing ./contour.py 2025 11 324
plotting sup...
plotting mic...
plotting hur...
plotting eri...
plotting ont...
quietly pushing to husky... (0 => success)
0
0
=====================================================
============    11-21 12:05    ======================
=====================================================
no file for today... using yesterdays date
executing ./contour.py 2025 11 324
plotting sup...
plotting mic...
plotting hur...
plotting eri...
plotting ont...
quietly pushing to husky... (0 => success)
0
0
=====================================================
============    11-21 13:05    ======================
=====================================================
no file for today... using yesterdays date
executing ./contour.py 2025 11 324
plotting sup...
plotting mic...
plotting hur...
plotting eri...
plotting ont...
quietly pushing to husky... (0 => success)
0
0
=====================================================
============    11-21 14:05    ======================
=====================================================
no file for today... using yesterdays date
executing ./contour.py 2025 11 324
plotting sup...
plotting mic...
plotting hur...
plotting eri...
plotting ont...
quietly pushing to husky... (0 => success)
0
0
=====================================================
============    11-21 15:05    ======================
=====================================================
no file for today... using yesterdays date
executing ./contour.py 2025 11 324
plotting sup...
plotting mic...
plotting hur...
plotting eri...
plotting ont...
quietly pushing to husky... (0 => success)
0
0
=====================================================
============    11-21 16:05    ======================
=====================================================
no file for today... using yesterdays date
executing ./contour.py 2025 11 324
plotting sup...
plotting mic...
plotting hur...
plotting eri...
plotting ont...
quietly pushing to husky... (0 => success)
0
0
=====================================================
============    11-21 17:05    ======================
=====================================================
no file for today... using yesterdays date
executing ./contour.py 2025 11 324
plotting sup...
plotting mic...
plotting hur...
plotting eri...
plotting ont...
quietly pushing to husky... (0 => success)
0
0
=====================================================
============    11-21 18:05    ======================
=====================================================
no file for today... using yesterdays date
executing ./contour.py 2025 11 324
plotting sup...
plotting mic...
plotting hur...
plotting eri...
plotting ont...
quietly pushing to husky... (0 => success)
0
0
=====================================================
============    11-21 19:05    ======================
=====================================================
no file for today... using yesterdays date
executing ./contour.py 2025 11 324
plotting sup...
plotting mic...
plotting hur...
plotting eri...
plotting ont...
quietly pushing to husky... (0 => success)
0
0
=====================================================
============    11-21 20:05    ======================
=====================================================
no file for today... using yesterdays date
executing ./contour.py 2025 11 324
plotting sup...
plotting mic...
plotting hur...
plotting eri...
plotting ont...
quietly pushing to husky... (0 => success)
0
0
=====================================================
============    11-21 21:05    ======================
=====================================================
no file for today... using yesterdays date
executing ./contour.py 2025 11 324
plotting sup...
plotting mic...
plotting hur...
plotting eri...
plotting ont...
quietly pushing to husky... (0 => success)
0
0
=====================================================
============    11-21 22:05    ======================
=====================================================
no file for today... using yesterdays date
executing ./contour.py 2025 11 324
plotting sup...
plotting mic...
plotting hur...
plotting eri...
plotting ont...
quietly pushing to husky... (0 => success)
0
0
=====================================================
============    11-21 23:05    ======================
=====================================================
no file for today... using yesterdays date
executing ./contour.py 2025 11 324
plotting sup...
plotting mic...
plotting hur...
plotting eri...
plotting ont...
quietly pushing to husky... (0 => success)
0
0
=====================================================
============    11-22 00:05    ======================
=====================================================
no file for today... using yesterdays date
executing ./contour.py 2025 11 325
Traceback (most recent call last):
  File "/home/kessler/plot_gen/contour_glsea/./contour.py", line 22, in <module>
    lst_gl = np.matrix(pd.read_table(fin, skiprows=6, sep='\s+', header=None))
  File "/usr/local/lib64/python3.9/site-packages/pandas/io/parsers/readers.py", line 1403, in read_table
    return _read(filepath_or_buffer, kwds)
  File "/usr/local/lib64/python3.9/site-packages/pandas/io/parsers/readers.py", line 618, in _read
    parser = TextFileReader(filepath_or_buffer, **kwds)
  File "/usr/local/lib64/python3.9/site-packages/pandas/io/parsers/readers.py", line 1618, in __init__
    self._engine = self._make_engine(f, self.engine)
  File "/usr/local/lib64/python3.9/site-packages/pandas/io/parsers/readers.py", line 1878, in _make_engine
    self.handles = get_handle(
  File "/usr/local/lib64/python3.9/site-packages/pandas/io/common.py", line 873, in get_handle
    handle = open(
FileNotFoundError: [Errno 2] No such file or directory: '/mnt/cwdata/p/m/lcd//2025/11/2025_325_glsea.asc'
quietly pushing to husky... (0 => success)
0
0
=====================================================
============    11-22 01:05    ======================
=====================================================
no file for today... using yesterdays date
executing ./contour.py 2025 11 325
Traceback (most recent call last):
  File "/home/kessler/plot_gen/contour_glsea/./contour.py", line 22, in <module>
    lst_gl = np.matrix(pd.read_table(fin, skiprows=6, sep='\s+', header=None))
  File "/usr/local/lib64/python3.9/site-packages/pandas/io/parsers/readers.py", line 1403, in read_table
    return _read(filepath_or_buffer, kwds)
  File "/usr/local/lib64/python3.9/site-packages/pandas/io/parsers/readers.py", line 618, in _read
    parser = TextFileReader(filepath_or_buffer, **kwds)
  File "/usr/local/lib64/python3.9/site-packages/pandas/io/parsers/readers.py", line 1618, in __init__
    self._engine = self._make_engine(f, self.engine)
  File "/usr/local/lib64/python3.9/site-packages/pandas/io/parsers/readers.py", line 1878, in _make_engine
    self.handles = get_handle(
  File "/usr/local/lib64/python3.9/site-packages/pandas/io/common.py", line 873, in get_handle
    handle = open(
FileNotFoundError: [Errno 2] No such file or directory: '/mnt/cwdata/p/m/lcd//2025/11/2025_325_glsea.asc'
quietly pushing to husky... (0 => success)
0
0
=====================================================
============    11-22 02:05    ======================
=====================================================
no file for today... using yesterdays date
executing ./contour.py 2025 11 325
Traceback (most recent call last):
  File "/home/kessler/plot_gen/contour_glsea/./contour.py", line 22, in <module>
    lst_gl = np.matrix(pd.read_table(fin, skiprows=6, sep='\s+', header=None))
  File "/usr/local/lib64/python3.9/site-packages/pandas/io/parsers/readers.py", line 1403, in read_table
    return _read(filepath_or_buffer, kwds)
  File "/usr/local/lib64/python3.9/site-packages/pandas/io/parsers/readers.py", line 618, in _read
    parser = TextFileReader(filepath_or_buffer, **kwds)
  File "/usr/local/lib64/python3.9/site-packages/pandas/io/parsers/readers.py", line 1618, in __init__
    self._engine = self._make_engine(f, self.engine)
  File "/usr/local/lib64/python3.9/site-packages/pandas/io/parsers/readers.py", line 1878, in _make_engine
    self.handles = get_handle(
  File "/usr/local/lib64/python3.9/site-packages/pandas/io/common.py", line 873, in get_handle
    handle = open(
FileNotFoundError: [Errno 2] No such file or directory: '/mnt/cwdata/p/m/lcd//2025/11/2025_325_glsea.asc'
quietly pushing to husky... (0 => success)
0
0
=====================================================
============    11-22 03:05    ======================
=====================================================
no file for today... using yesterdays date
executing ./contour.py 2025 11 325
plotting sup...
plotting mic...
plotting hur...
plotting eri...
plotting ont...
quietly pushing to husky... (0 => success)
0
0
=====================================================
============    11-22 04:05    ======================
=====================================================
no file for today... using yesterdays date
executing ./contour.py 2025 11 325
plotting sup...
plotting mic...
plotting hur...
plotting eri...
plotting ont...
quietly pushing to husky... (0 => success)
0
0
=====================================================
============    11-22 05:05    ======================
=====================================================
no file for today... using yesterdays date
executing ./contour.py 2025 11 325
plotting sup...
plotting mic...
plotting hur...
plotting eri...
plotting ont...
quietly pushing to husky... (0 => success)
0
0
=====================================================
============    11-22 06:05    ======================
=====================================================
no file for today... using yesterdays date
executing ./contour.py 2025 11 325
plotting sup...
plotting mic...
plotting hur...
plotting eri...
plotting ont...
quietly pushing to husky... (0 => success)
0
0
=====================================================
============    11-22 07:05    ======================
=====================================================
no file for today... using yesterdays date
executing ./contour.py 2025 11 325
plotting sup...
plotting mic...
plotting hur...
plotting eri...
plotting ont...
quietly pushing to husky... (0 => success)
0
0
=====================================================
============    11-22 08:05    ======================
=====================================================
no file for today... using yesterdays date
executing ./contour.py 2025 11 325
plotting sup...
plotting mic...
plotting hur...
plotting eri...
plotting ont...
quietly pushing to husky... (0 => success)
0
0
=====================================================
============    11-22 09:05    ======================
=====================================================
no file for today... using yesterdays date
executing ./contour.py 2025 11 325
plotting sup...
plotting mic...
plotting hur...
plotting eri...
plotting ont...
quietly pushing to husky... (0 => success)
0
0
=====================================================
============    11-22 10:05    ======================
=====================================================
no file for today... using yesterdays date
executing ./contour.py 2025 11 325
plotting sup...
plotting mic...
plotting hur...
plotting eri...
plotting ont...
quietly pushing to husky... (0 => success)
0
0
=====================================================
============    11-22 11:05    ======================
=====================================================
no file for today... using yesterdays date
executing ./contour.py 2025 11 325
plotting sup...
plotting mic...
plotting hur...
plotting eri...
plotting ont...
quietly pushing to husky... (0 => success)
0
0
=====================================================
============    11-22 12:05    ======================
=====================================================
no file for today... using yesterdays date
executing ./contour.py 2025 11 325
plotting sup...
plotting mic...
plotting hur...
plotting eri...
plotting ont...
quietly pushing to husky... (0 => success)
0
0
=====================================================
============    11-22 13:05    ======================
=====================================================
no file for today... using yesterdays date
executing ./contour.py 2025 11 325
plotting sup...
plotting mic...
plotting hur...
plotting eri...
plotting ont...
quietly pushing to husky... (0 => success)
0
0
=====================================================
============    11-22 14:05    ======================
=====================================================
no file for today... using yesterdays date
executing ./contour.py 2025 11 325
plotting sup...
plotting mic...
plotting hur...
plotting eri...
plotting ont...
quietly pushing to husky... (0 => success)
0
0
=====================================================
============    11-22 15:05    ======================
=====================================================
no file for today... using yesterdays date
executing ./contour.py 2025 11 325
plotting sup...
plotting mic...
plotting hur...
plotting eri...
plotting ont...
quietly pushing to husky... (0 => success)
0
0
=====================================================
============    11-22 16:05    ======================
=====================================================
no file for today... using yesterdays date
executing ./contour.py 2025 11 325
plotting sup...
plotting mic...
plotting hur...
plotting eri...
plotting ont...
quietly pushing to husky... (0 => success)
0
0
=====================================================
============    11-22 17:05    ======================
=====================================================
no file for today... using yesterdays date
executing ./contour.py 2025 11 325
plotting sup...
plotting mic...
plotting hur...
plotting eri...
plotting ont...
quietly pushing to husky... (0 => success)
0
0
=====================================================
============    11-22 18:05    ======================
=====================================================
no file for today... using yesterdays date
executing ./contour.py 2025 11 325
plotting sup...
plotting mic...
plotting hur...
plotting eri...
plotting ont...
quietly pushing to husky... (0 => success)
0
0
=====================================================
============    11-22 19:05    ======================
=====================================================
no file for today... using yesterdays date
executing ./contour.py 2025 11 325
plotting sup...
plotting mic...
plotting hur...
plotting eri...
plotting ont...
quietly pushing to husky... (0 => success)
0
0
=====================================================
============    11-22 20:05    ======================
=====================================================
no file for today... using yesterdays date
executing ./contour.py 2025 11 325
plotting sup...
plotting mic...
plotting hur...
plotting eri...
plotting ont...
quietly pushing to husky... (0 => success)
0
0
=====================================================
============    11-22 21:05    ======================
=====================================================
no file for today... using yesterdays date
executing ./contour.py 2025 11 325
plotting sup...
plotting mic...
plotting hur...
plotting eri...
plotting ont...
quietly pushing to husky... (0 => success)
0
0
=====================================================
============    11-22 22:05    ======================
=====================================================
no file for today... using yesterdays date
executing ./contour.py 2025 11 325
plotting sup...
plotting mic...
plotting hur...
plotting eri...
plotting ont...
quietly pushing to husky... (0 => success)
0
0
=====================================================
============    11-22 23:05    ======================
=====================================================
no file for today... using yesterdays date
executing ./contour.py 2025 11 325
plotting sup...
plotting mic...
plotting hur...
plotting eri...
plotting ont...
quietly pushing to husky... (0 => success)
0
0
=====================================================
============    11-23 00:05    ======================
=====================================================
no file for today... using yesterdays date
executing ./contour.py 2025 11 326
Traceback (most recent call last):
  File "/home/kessler/plot_gen/contour_glsea/./contour.py", line 22, in <module>
    lst_gl = np.matrix(pd.read_table(fin, skiprows=6, sep='\s+', header=None))
  File "/usr/local/lib64/python3.9/site-packages/pandas/io/parsers/readers.py", line 1403, in read_table
    return _read(filepath_or_buffer, kwds)
  File "/usr/local/lib64/python3.9/site-packages/pandas/io/parsers/readers.py", line 618, in _read
    parser = TextFileReader(filepath_or_buffer, **kwds)
  File "/usr/local/lib64/python3.9/site-packages/pandas/io/parsers/readers.py", line 1618, in __init__
    self._engine = self._make_engine(f, self.engine)
  File "/usr/local/lib64/python3.9/site-packages/pandas/io/parsers/readers.py", line 1878, in _make_engine
    self.handles = get_handle(
  File "/usr/local/lib64/python3.9/site-packages/pandas/io/common.py", line 873, in get_handle
    handle = open(
FileNotFoundError: [Errno 2] No such file or directory: '/mnt/cwdata/p/m/lcd//2025/11/2025_326_glsea.asc'
quietly pushing to husky... (0 => success)
0
0
=====================================================
============    11-23 01:05    ======================
=====================================================
no file for today... using yesterdays date
executing ./contour.py 2025 11 326
Traceback (most recent call last):
  File "/home/kessler/plot_gen/contour_glsea/./contour.py", line 22, in <module>
    lst_gl = np.matrix(pd.read_table(fin, skiprows=6, sep='\s+', header=None))
  File "/usr/local/lib64/python3.9/site-packages/pandas/io/parsers/readers.py", line 1403, in read_table
    return _read(filepath_or_buffer, kwds)
  File "/usr/local/lib64/python3.9/site-packages/pandas/io/parsers/readers.py", line 618, in _read
    parser = TextFileReader(filepath_or_buffer, **kwds)
  File "/usr/local/lib64/python3.9/site-packages/pandas/io/parsers/readers.py", line 1618, in __init__
    self._engine = self._make_engine(f, self.engine)
  File "/usr/local/lib64/python3.9/site-packages/pandas/io/parsers/readers.py", line 1878, in _make_engine
    self.handles = get_handle(
  File "/usr/local/lib64/python3.9/site-packages/pandas/io/common.py", line 873, in get_handle
    handle = open(
FileNotFoundError: [Errno 2] No such file or directory: '/mnt/cwdata/p/m/lcd//2025/11/2025_326_glsea.asc'
quietly pushing to husky... (0 => success)
0
0
=====================================================
============    11-23 02:05    ======================
=====================================================
no file for today... using yesterdays date
executing ./contour.py 2025 11 326
Traceback (most recent call last):
  File "/home/kessler/plot_gen/contour_glsea/./contour.py", line 22, in <module>
    lst_gl = np.matrix(pd.read_table(fin, skiprows=6, sep='\s+', header=None))
  File "/usr/local/lib64/python3.9/site-packages/pandas/io/parsers/readers.py", line 1403, in read_table
    return _read(filepath_or_buffer, kwds)
  File "/usr/local/lib64/python3.9/site-packages/pandas/io/parsers/readers.py", line 618, in _read
    parser = TextFileReader(filepath_or_buffer, **kwds)
  File "/usr/local/lib64/python3.9/site-packages/pandas/io/parsers/readers.py", line 1618, in __init__
    self._engine = self._make_engine(f, self.engine)
  File "/usr/local/lib64/python3.9/site-packages/pandas/io/parsers/readers.py", line 1878, in _make_engine
    self.handles = get_handle(
  File "/usr/local/lib64/python3.9/site-packages/pandas/io/common.py", line 873, in get_handle
    handle = open(
FileNotFoundError: [Errno 2] No such file or directory: '/mnt/cwdata/p/m/lcd//2025/11/2025_326_glsea.asc'
quietly pushing to husky... (0 => success)
0
0
=====================================================
============    11-23 03:05    ======================
=====================================================
no file for today... using yesterdays date
executing ./contour.py 2025 11 326
plotting sup...
plotting mic...
plotting hur...
plotting eri...
plotting ont...
quietly pushing to husky... (0 => success)
0
0
=====================================================
============    11-23 04:05    ======================
=====================================================
no file for today... using yesterdays date
executing ./contour.py 2025 11 326
plotting sup...
plotting mic...
plotting hur...
plotting eri...
plotting ont...
quietly pushing to husky... (0 => success)
0
0
=====================================================
============    11-23 05:05    ======================
=====================================================
no file for today... using yesterdays date
executing ./contour.py 2025 11 326
plotting sup...
plotting mic...
plotting hur...
plotting eri...
plotting ont...
quietly pushing to husky... (0 => success)
0
0
=====================================================
============    11-23 06:05    ======================
=====================================================
no file for today... using yesterdays date
executing ./contour.py 2025 11 326
plotting sup...
plotting mic...
plotting hur...
plotting eri...
plotting ont...
quietly pushing to husky... (0 => success)
0
0
=====================================================
============    11-23 07:05    ======================
=====================================================
no file for today... using yesterdays date
executing ./contour.py 2025 11 326
plotting sup...
plotting mic...
plotting hur...
plotting eri...
plotting ont...
quietly pushing to husky... (0 => success)
0
0
=====================================================
============    11-23 08:05    ======================
=====================================================
no file for today... using yesterdays date
executing ./contour.py 2025 11 326
plotting sup...
plotting mic...
plotting hur...
plotting eri...
plotting ont...
quietly pushing to husky... (0 => success)
0
0
=====================================================
============    11-23 09:05    ======================
=====================================================
no file for today... using yesterdays date
executing ./contour.py 2025 11 326
plotting sup...
plotting mic...
plotting hur...
plotting eri...
plotting ont...
quietly pushing to husky... (0 => success)
0
0
=====================================================
============    11-23 10:05    ======================
=====================================================
no file for today... using yesterdays date
executing ./contour.py 2025 11 326
plotting sup...
plotting mic...
plotting hur...
plotting eri...
plotting ont...
quietly pushing to husky... (0 => success)
0
0
=====================================================
============    11-23 11:05    ======================
=====================================================
no file for today... using yesterdays date
executing ./contour.py 2025 11 326
plotting sup...
plotting mic...
plotting hur...
plotting eri...
plotting ont...
quietly pushing to husky... (0 => success)
0
0
=====================================================
============    11-23 12:05    ======================
=====================================================
no file for today... using yesterdays date
executing ./contour.py 2025 11 326
plotting sup...
plotting mic...
plotting hur...
plotting eri...
plotting ont...
quietly pushing to husky... (0 => success)
0
0
=====================================================
============    11-23 13:05    ======================
=====================================================
no file for today... using yesterdays date
executing ./contour.py 2025 11 326
plotting sup...
plotting mic...
plotting hur...
plotting eri...
plotting ont...
quietly pushing to husky... (0 => success)
0
0
=====================================================
============    11-23 14:05    ======================
=====================================================
no file for today... using yesterdays date
executing ./contour.py 2025 11 326
plotting sup...
plotting mic...
plotting hur...
plotting eri...
plotting ont...
quietly pushing to husky... (0 => success)
0
0
=====================================================
============    11-23 15:05    ======================
=====================================================
no file for today... using yesterdays date
executing ./contour.py 2025 11 326
plotting sup...
plotting mic...
plotting hur...
plotting eri...
plotting ont...
quietly pushing to husky... (0 => success)
0
0
=====================================================
============    11-23 16:05    ======================
=====================================================
no file for today... using yesterdays date
executing ./contour.py 2025 11 326
plotting sup...
plotting mic...
plotting hur...
plotting eri...
plotting ont...
quietly pushing to husky... (0 => success)
0
0
=====================================================
============    11-23 17:05    ======================
=====================================================
no file for today... using yesterdays date
executing ./contour.py 2025 11 326
plotting sup...
plotting mic...
plotting hur...
plotting eri...
plotting ont...
quietly pushing to husky... (0 => success)
0
0
=====================================================
============    11-23 18:05    ======================
=====================================================
no file for today... using yesterdays date
executing ./contour.py 2025 11 326
plotting sup...
plotting mic...
plotting hur...
plotting eri...
plotting ont...
quietly pushing to husky... (0 => success)
0
0
=====================================================
============    11-23 19:05    ======================
=====================================================
no file for today... using yesterdays date
executing ./contour.py 2025 11 326
plotting sup...
plotting mic...
plotting hur...
plotting eri...
plotting ont...
quietly pushing to husky... (0 => success)
0
0
=====================================================
============    11-23 20:05    ======================
=====================================================
no file for today... using yesterdays date
executing ./contour.py 2025 11 326
plotting sup...
plotting mic...
plotting hur...
plotting eri...
plotting ont...
quietly pushing to husky... (0 => success)
0
0
=====================================================
============    11-23 21:05    ======================
=====================================================
no file for today... using yesterdays date
executing ./contour.py 2025 11 326
plotting sup...
plotting mic...
plotting hur...
plotting eri...
plotting ont...
quietly pushing to husky... (0 => success)
0
0
=====================================================
============    11-23 22:05    ======================
=====================================================
no file for today... using yesterdays date
executing ./contour.py 2025 11 326
plotting sup...
plotting mic...
plotting hur...
plotting eri...
plotting ont...
quietly pushing to husky... (0 => success)
0
0
=====================================================
============    11-23 23:05    ======================
=====================================================
no file for today... using yesterdays date
executing ./contour.py 2025 11 326
plotting sup...
plotting mic...
plotting hur...
plotting eri...
plotting ont...
quietly pushing to husky... (0 => success)
0
0
=====================================================
============    11-24 00:05    ======================
=====================================================
no file for today... using yesterdays date
executing ./contour.py 2025 11 327
Traceback (most recent call last):
  File "/home/kessler/plot_gen/contour_glsea/./contour.py", line 22, in <module>
    lst_gl = np.matrix(pd.read_table(fin, skiprows=6, sep='\s+', header=None))
  File "/usr/local/lib64/python3.9/site-packages/pandas/io/parsers/readers.py", line 1403, in read_table
    return _read(filepath_or_buffer, kwds)
  File "/usr/local/lib64/python3.9/site-packages/pandas/io/parsers/readers.py", line 618, in _read
    parser = TextFileReader(filepath_or_buffer, **kwds)
  File "/usr/local/lib64/python3.9/site-packages/pandas/io/parsers/readers.py", line 1618, in __init__
    self._engine = self._make_engine(f, self.engine)
  File "/usr/local/lib64/python3.9/site-packages/pandas/io/parsers/readers.py", line 1878, in _make_engine
    self.handles = get_handle(
  File "/usr/local/lib64/python3.9/site-packages/pandas/io/common.py", line 873, in get_handle
    handle = open(
FileNotFoundError: [Errno 2] No such file or directory: '/mnt/cwdata/p/m/lcd//2025/11/2025_327_glsea.asc'
quietly pushing to husky... (0 => success)
0
0
=====================================================
============    11-24 01:05    ======================
=====================================================
no file for today... using yesterdays date
executing ./contour.py 2025 11 327
Traceback (most recent call last):
  File "/home/kessler/plot_gen/contour_glsea/./contour.py", line 22, in <module>
    lst_gl = np.matrix(pd.read_table(fin, skiprows=6, sep='\s+', header=None))
  File "/usr/local/lib64/python3.9/site-packages/pandas/io/parsers/readers.py", line 1403, in read_table
    return _read(filepath_or_buffer, kwds)
  File "/usr/local/lib64/python3.9/site-packages/pandas/io/parsers/readers.py", line 618, in _read
    parser = TextFileReader(filepath_or_buffer, **kwds)
  File "/usr/local/lib64/python3.9/site-packages/pandas/io/parsers/readers.py", line 1618, in __init__
    self._engine = self._make_engine(f, self.engine)
  File "/usr/local/lib64/python3.9/site-packages/pandas/io/parsers/readers.py", line 1878, in _make_engine
    self.handles = get_handle(
  File "/usr/local/lib64/python3.9/site-packages/pandas/io/common.py", line 873, in get_handle
    handle = open(
FileNotFoundError: [Errno 2] No such file or directory: '/mnt/cwdata/p/m/lcd//2025/11/2025_327_glsea.asc'
quietly pushing to husky... (0 => success)
0
0
=====================================================
============    11-24 02:05    ======================
=====================================================
no file for today... using yesterdays date
executing ./contour.py 2025 11 327
Traceback (most recent call last):
  File "/home/kessler/plot_gen/contour_glsea/./contour.py", line 22, in <module>
    lst_gl = np.matrix(pd.read_table(fin, skiprows=6, sep='\s+', header=None))
  File "/usr/local/lib64/python3.9/site-packages/pandas/io/parsers/readers.py", line 1403, in read_table
    return _read(filepath_or_buffer, kwds)
  File "/usr/local/lib64/python3.9/site-packages/pandas/io/parsers/readers.py", line 618, in _read
    parser = TextFileReader(filepath_or_buffer, **kwds)
  File "/usr/local/lib64/python3.9/site-packages/pandas/io/parsers/readers.py", line 1618, in __init__
    self._engine = self._make_engine(f, self.engine)
  File "/usr/local/lib64/python3.9/site-packages/pandas/io/parsers/readers.py", line 1878, in _make_engine
    self.handles = get_handle(
  File "/usr/local/lib64/python3.9/site-packages/pandas/io/common.py", line 873, in get_handle
    handle = open(
FileNotFoundError: [Errno 2] No such file or directory: '/mnt/cwdata/p/m/lcd//2025/11/2025_327_glsea.asc'
quietly pushing to husky... (0 => success)
0
0
=====================================================
============    11-24 03:05    ======================
=====================================================
no file for today... using yesterdays date
executing ./contour.py 2025 11 327
plotting sup...
plotting mic...
plotting hur...
plotting eri...
plotting ont...
quietly pushing to husky... (0 => success)
0
0
=====================================================
============    11-24 04:05    ======================
=====================================================
no file for today... using yesterdays date
executing ./contour.py 2025 11 327
plotting sup...
plotting mic...
plotting hur...
plotting eri...
plotting ont...
quietly pushing to husky... (0 => success)
0
0
=====================================================
============    11-24 05:05    ======================
=====================================================
no file for today... using yesterdays date
executing ./contour.py 2025 11 327
plotting sup...
plotting mic...
plotting hur...
plotting eri...
plotting ont...
quietly pushing to husky... (0 => success)
0
0
=====================================================
============    11-24 06:05    ======================
=====================================================
no file for today... using yesterdays date
executing ./contour.py 2025 11 327
plotting sup...
plotting mic...
plotting hur...
plotting eri...
plotting ont...
quietly pushing to husky... (0 => success)
0
0
=====================================================
============    11-24 07:05    ======================
=====================================================
no file for today... using yesterdays date
executing ./contour.py 2025 11 327
plotting sup...
plotting mic...
plotting hur...
plotting eri...
plotting ont...
quietly pushing to husky... (0 => success)
0
0
=====================================================
============    11-24 08:05    ======================
=====================================================
no file for today... using yesterdays date
executing ./contour.py 2025 11 327
plotting sup...
plotting mic...
plotting hur...
plotting eri...
plotting ont...
quietly pushing to husky... (0 => success)
0
0
=====================================================
============    11-24 09:05    ======================
=====================================================
no file for today... using yesterdays date
executing ./contour.py 2025 11 327
plotting sup...
plotting mic...
plotting hur...
plotting eri...
plotting ont...
quietly pushing to husky... (0 => success)
0
0
=====================================================
============    11-24 10:05    ======================
=====================================================
no file for today... using yesterdays date
executing ./contour.py 2025 11 327
plotting sup...
plotting mic...
plotting hur...
plotting eri...
plotting ont...
quietly pushing to husky... (0 => success)
0
0
=====================================================
============    11-24 11:05    ======================
=====================================================
no file for today... using yesterdays date
executing ./contour.py 2025 11 327
plotting sup...
plotting mic...
plotting hur...
plotting eri...
plotting ont...
quietly pushing to husky... (0 => success)
0
0
=====================================================
============    11-24 12:05    ======================
=====================================================
no file for today... using yesterdays date
executing ./contour.py 2025 11 327
plotting sup...
plotting mic...
plotting hur...
plotting eri...
plotting ont...
quietly pushing to husky... (0 => success)
0
0
=====================================================
============    11-24 13:05    ======================
=====================================================
no file for today... using yesterdays date
executing ./contour.py 2025 11 327
plotting sup...
plotting mic...
plotting hur...
plotting eri...
plotting ont...
quietly pushing to husky... (0 => success)
0
0
=====================================================
============    11-24 14:05    ======================
=====================================================
no file for today... using yesterdays date
executing ./contour.py 2025 11 327
plotting sup...
plotting mic...
plotting hur...
plotting eri...
plotting ont...
quietly pushing to husky... (0 => success)
0
0
=====================================================
============    11-24 15:05    ======================
=====================================================
no file for today... using yesterdays date
executing ./contour.py 2025 11 327
plotting sup...
plotting mic...
plotting hur...
plotting eri...
plotting ont...
quietly pushing to husky... (0 => success)
0
0
=====================================================
============    11-24 16:05    ======================
=====================================================
no file for today... using yesterdays date
executing ./contour.py 2025 11 327
plotting sup...
plotting mic...
plotting hur...
plotting eri...
plotting ont...
quietly pushing to husky... (0 => success)
0
0
=====================================================
============    11-24 17:05    ======================
=====================================================
no file for today... using yesterdays date
executing ./contour.py 2025 11 327
plotting sup...
plotting mic...
plotting hur...
plotting eri...
plotting ont...
quietly pushing to husky... (0 => success)
0
0
=====================================================
============    11-24 18:05    ======================
=====================================================
no file for today... using yesterdays date
executing ./contour.py 2025 11 327
plotting sup...
plotting mic...
plotting hur...
plotting eri...
plotting ont...
quietly pushing to husky... (0 => success)
0
0
=====================================================
============    11-24 19:05    ======================
=====================================================
no file for today... using yesterdays date
executing ./contour.py 2025 11 327
plotting sup...
plotting mic...
plotting hur...
plotting eri...
plotting ont...
quietly pushing to husky... (0 => success)
0
0
=====================================================
============    11-24 20:05    ======================
=====================================================
no file for today... using yesterdays date
executing ./contour.py 2025 11 327
plotting sup...
plotting mic...
plotting hur...
plotting eri...
plotting ont...
quietly pushing to husky... (0 => success)
0
0
=====================================================
============    11-24 21:05    ======================
=====================================================
no file for today... using yesterdays date
executing ./contour.py 2025 11 327
plotting sup...
plotting mic...
plotting hur...
plotting eri...
plotting ont...
quietly pushing to husky... (0 => success)
0
0
=====================================================
============    11-24 22:05    ======================
=====================================================
no file for today... using yesterdays date
executing ./contour.py 2025 11 327
plotting sup...
plotting mic...
plotting hur...
plotting eri...
plotting ont...
quietly pushing to husky... (0 => success)
0
0
=====================================================
============    11-24 23:05    ======================
=====================================================
no file for today... using yesterdays date
executing ./contour.py 2025 11 327
plotting sup...
plotting mic...
plotting hur...
plotting eri...
plotting ont...
quietly pushing to husky... (0 => success)
0
0
=====================================================
============    11-25 00:05    ======================
=====================================================
no file for today... using yesterdays date
executing ./contour.py 2025 11 328
Traceback (most recent call last):
  File "/home/kessler/plot_gen/contour_glsea/./contour.py", line 22, in <module>
    lst_gl = np.matrix(pd.read_table(fin, skiprows=6, sep='\s+', header=None))
  File "/usr/local/lib64/python3.9/site-packages/pandas/io/parsers/readers.py", line 1403, in read_table
    return _read(filepath_or_buffer, kwds)
  File "/usr/local/lib64/python3.9/site-packages/pandas/io/parsers/readers.py", line 618, in _read
    parser = TextFileReader(filepath_or_buffer, **kwds)
  File "/usr/local/lib64/python3.9/site-packages/pandas/io/parsers/readers.py", line 1618, in __init__
    self._engine = self._make_engine(f, self.engine)
  File "/usr/local/lib64/python3.9/site-packages/pandas/io/parsers/readers.py", line 1878, in _make_engine
    self.handles = get_handle(
  File "/usr/local/lib64/python3.9/site-packages/pandas/io/common.py", line 873, in get_handle
    handle = open(
FileNotFoundError: [Errno 2] No such file or directory: '/mnt/cwdata/p/m/lcd//2025/11/2025_328_glsea.asc'
quietly pushing to husky... (0 => success)
0
0
=====================================================
============    11-25 01:05    ======================
=====================================================
no file for today... using yesterdays date
executing ./contour.py 2025 11 328
Traceback (most recent call last):
  File "/home/kessler/plot_gen/contour_glsea/./contour.py", line 22, in <module>
    lst_gl = np.matrix(pd.read_table(fin, skiprows=6, sep='\s+', header=None))
  File "/usr/local/lib64/python3.9/site-packages/pandas/io/parsers/readers.py", line 1403, in read_table
    return _read(filepath_or_buffer, kwds)
  File "/usr/local/lib64/python3.9/site-packages/pandas/io/parsers/readers.py", line 618, in _read
    parser = TextFileReader(filepath_or_buffer, **kwds)
  File "/usr/local/lib64/python3.9/site-packages/pandas/io/parsers/readers.py", line 1618, in __init__
    self._engine = self._make_engine(f, self.engine)
  File "/usr/local/lib64/python3.9/site-packages/pandas/io/parsers/readers.py", line 1878, in _make_engine
    self.handles = get_handle(
  File "/usr/local/lib64/python3.9/site-packages/pandas/io/common.py", line 873, in get_handle
    handle = open(
FileNotFoundError: [Errno 2] No such file or directory: '/mnt/cwdata/p/m/lcd//2025/11/2025_328_glsea.asc'
quietly pushing to husky... (0 => success)
0
0
=====================================================
============    11-25 02:05    ======================
=====================================================
no file for today... using yesterdays date
executing ./contour.py 2025 11 328
Traceback (most recent call last):
  File "/home/kessler/plot_gen/contour_glsea/./contour.py", line 22, in <module>
    lst_gl = np.matrix(pd.read_table(fin, skiprows=6, sep='\s+', header=None))
  File "/usr/local/lib64/python3.9/site-packages/pandas/io/parsers/readers.py", line 1403, in read_table
    return _read(filepath_or_buffer, kwds)
  File "/usr/local/lib64/python3.9/site-packages/pandas/io/parsers/readers.py", line 618, in _read
    parser = TextFileReader(filepath_or_buffer, **kwds)
  File "/usr/local/lib64/python3.9/site-packages/pandas/io/parsers/readers.py", line 1618, in __init__
    self._engine = self._make_engine(f, self.engine)
  File "/usr/local/lib64/python3.9/site-packages/pandas/io/parsers/readers.py", line 1878, in _make_engine
    self.handles = get_handle(
  File "/usr/local/lib64/python3.9/site-packages/pandas/io/common.py", line 873, in get_handle
    handle = open(
FileNotFoundError: [Errno 2] No such file or directory: '/mnt/cwdata/p/m/lcd//2025/11/2025_328_glsea.asc'
quietly pushing to husky... (0 => success)
0
0
=====================================================
============    11-25 03:05    ======================
=====================================================
no file for today... using yesterdays date
executing ./contour.py 2025 11 328
plotting sup...
plotting mic...
plotting hur...
plotting eri...
plotting ont...
quietly pushing to husky... (0 => success)
0
0
=====================================================
============    11-25 04:05    ======================
=====================================================
no file for today... using yesterdays date
executing ./contour.py 2025 11 328
plotting sup...
plotting mic...
plotting hur...
plotting eri...
plotting ont...
quietly pushing to husky... (0 => success)
0
0
=====================================================
============    11-25 05:05    ======================
=====================================================
no file for today... using yesterdays date
executing ./contour.py 2025 11 328
plotting sup...
plotting mic...
plotting hur...
plotting eri...
plotting ont...
quietly pushing to husky... (0 => success)
0
0
=====================================================
============    11-25 06:05    ======================
=====================================================
no file for today... using yesterdays date
executing ./contour.py 2025 11 328
plotting sup...
plotting mic...
plotting hur...
plotting eri...
plotting ont...
quietly pushing to husky... (0 => success)
0
0
=====================================================
============    11-25 07:05    ======================
=====================================================
no file for today... using yesterdays date
executing ./contour.py 2025 11 328
plotting sup...
plotting mic...
plotting hur...
plotting eri...
plotting ont...
quietly pushing to husky... (0 => success)
0
0
=====================================================
============    11-25 08:05    ======================
=====================================================
no file for today... using yesterdays date
executing ./contour.py 2025 11 328
plotting sup...
plotting mic...
plotting hur...
plotting eri...
plotting ont...
quietly pushing to husky... (0 => success)
0
0
=====================================================
============    11-25 09:05    ======================
=====================================================
no file for today... using yesterdays date
executing ./contour.py 2025 11 328
plotting sup...
plotting mic...
plotting hur...
plotting eri...
plotting ont...
quietly pushing to husky... (0 => success)
0
0
=====================================================
============    11-25 10:05    ======================
=====================================================
no file for today... using yesterdays date
executing ./contour.py 2025 11 328
plotting sup...
plotting mic...
plotting hur...
plotting eri...
plotting ont...
quietly pushing to husky... (0 => success)
0
0
=====================================================
============    11-25 11:05    ======================
=====================================================
no file for today... using yesterdays date
executing ./contour.py 2025 11 328
plotting sup...
plotting mic...
plotting hur...
plotting eri...
plotting ont...
quietly pushing to husky... (0 => success)
0
0
=====================================================
============    11-25 12:05    ======================
=====================================================
no file for today... using yesterdays date
executing ./contour.py 2025 11 328
plotting sup...
plotting mic...
plotting hur...
plotting eri...
plotting ont...
quietly pushing to husky... (0 => success)
0
0
=====================================================
============    11-25 13:05    ======================
=====================================================
no file for today... using yesterdays date
executing ./contour.py 2025 11 328
plotting sup...
plotting mic...
plotting hur...
plotting eri...
plotting ont...
quietly pushing to husky... (0 => success)
0
0
=====================================================
============    11-25 14:05    ======================
=====================================================
no file for today... using yesterdays date
executing ./contour.py 2025 11 328
plotting sup...
plotting mic...
plotting hur...
plotting eri...
plotting ont...
quietly pushing to husky... (0 => success)
0
0
=====================================================
============    11-25 15:05    ======================
=====================================================
no file for today... using yesterdays date
executing ./contour.py 2025 11 328
plotting sup...
plotting mic...
plotting hur...
plotting eri...
plotting ont...
quietly pushing to husky... (0 => success)
0
0
=====================================================
============    11-25 16:05    ======================
=====================================================
no file for today... using yesterdays date
executing ./contour.py 2025 11 328
plotting sup...
plotting mic...
plotting hur...
plotting eri...
plotting ont...
quietly pushing to husky... (0 => success)
0
0
=====================================================
============    11-25 17:05    ======================
=====================================================
no file for today... using yesterdays date
executing ./contour.py 2025 11 328
plotting sup...
plotting mic...
plotting hur...
plotting eri...
plotting ont...
quietly pushing to husky... (0 => success)
0
0
=====================================================
============    11-25 18:05    ======================
=====================================================
no file for today... using yesterdays date
executing ./contour.py 2025 11 328
plotting sup...
plotting mic...
plotting hur...
plotting eri...
plotting ont...
quietly pushing to husky... (0 => success)
0
0
=====================================================
============    11-25 19:05    ======================
=====================================================
no file for today... using yesterdays date
executing ./contour.py 2025 11 328
plotting sup...
plotting mic...
plotting hur...
plotting eri...
plotting ont...
quietly pushing to husky... (0 => success)
0
0
=====================================================
============    11-25 20:05    ======================
=====================================================
no file for today... using yesterdays date
executing ./contour.py 2025 11 328
plotting sup...
plotting mic...
plotting hur...
plotting eri...
plotting ont...
quietly pushing to husky... (0 => success)
0
0
=====================================================
============    11-25 21:05    ======================
=====================================================
no file for today... using yesterdays date
executing ./contour.py 2025 11 328
plotting sup...
plotting mic...
plotting hur...
plotting eri...
plotting ont...
quietly pushing to husky... (0 => success)
0
0
=====================================================
============    11-25 22:05    ======================
=====================================================
no file for today... using yesterdays date
executing ./contour.py 2025 11 328
plotting sup...
plotting mic...
plotting hur...
plotting eri...
plotting ont...
quietly pushing to husky... (0 => success)
0
0
=====================================================
============    11-25 23:05    ======================
=====================================================
no file for today... using yesterdays date
executing ./contour.py 2025 11 328
plotting sup...
plotting mic...
plotting hur...
plotting eri...
plotting ont...
quietly pushing to husky... (0 => success)
0
0
=====================================================
============    11-26 00:05    ======================
=====================================================
no file for today... using yesterdays date
executing ./contour.py 2025 11 329
Traceback (most recent call last):
  File "/home/kessler/plot_gen/contour_glsea/./contour.py", line 22, in <module>
    lst_gl = np.matrix(pd.read_table(fin, skiprows=6, sep='\s+', header=None))
  File "/usr/local/lib64/python3.9/site-packages/pandas/io/parsers/readers.py", line 1403, in read_table
    return _read(filepath_or_buffer, kwds)
  File "/usr/local/lib64/python3.9/site-packages/pandas/io/parsers/readers.py", line 618, in _read
    parser = TextFileReader(filepath_or_buffer, **kwds)
  File "/usr/local/lib64/python3.9/site-packages/pandas/io/parsers/readers.py", line 1618, in __init__
    self._engine = self._make_engine(f, self.engine)
  File "/usr/local/lib64/python3.9/site-packages/pandas/io/parsers/readers.py", line 1878, in _make_engine
    self.handles = get_handle(
  File "/usr/local/lib64/python3.9/site-packages/pandas/io/common.py", line 873, in get_handle
    handle = open(
FileNotFoundError: [Errno 2] No such file or directory: '/mnt/cwdata/p/m/lcd//2025/11/2025_329_glsea.asc'
quietly pushing to husky... (0 => success)
0
0
=====================================================
============    11-26 01:05    ======================
=====================================================
no file for today... using yesterdays date
executing ./contour.py 2025 11 329
Traceback (most recent call last):
  File "/home/kessler/plot_gen/contour_glsea/./contour.py", line 22, in <module>
    lst_gl = np.matrix(pd.read_table(fin, skiprows=6, sep='\s+', header=None))
  File "/usr/local/lib64/python3.9/site-packages/pandas/io/parsers/readers.py", line 1403, in read_table
    return _read(filepath_or_buffer, kwds)
  File "/usr/local/lib64/python3.9/site-packages/pandas/io/parsers/readers.py", line 618, in _read
    parser = TextFileReader(filepath_or_buffer, **kwds)
  File "/usr/local/lib64/python3.9/site-packages/pandas/io/parsers/readers.py", line 1618, in __init__
    self._engine = self._make_engine(f, self.engine)
  File "/usr/local/lib64/python3.9/site-packages/pandas/io/parsers/readers.py", line 1878, in _make_engine
    self.handles = get_handle(
  File "/usr/local/lib64/python3.9/site-packages/pandas/io/common.py", line 873, in get_handle
    handle = open(
FileNotFoundError: [Errno 2] No such file or directory: '/mnt/cwdata/p/m/lcd//2025/11/2025_329_glsea.asc'
quietly pushing to husky... (0 => success)
0
0
=====================================================
============    11-26 02:05    ======================
=====================================================
no file for today... using yesterdays date
executing ./contour.py 2025 11 329
Traceback (most recent call last):
  File "/home/kessler/plot_gen/contour_glsea/./contour.py", line 22, in <module>
    lst_gl = np.matrix(pd.read_table(fin, skiprows=6, sep='\s+', header=None))
  File "/usr/local/lib64/python3.9/site-packages/pandas/io/parsers/readers.py", line 1403, in read_table
    return _read(filepath_or_buffer, kwds)
  File "/usr/local/lib64/python3.9/site-packages/pandas/io/parsers/readers.py", line 618, in _read
    parser = TextFileReader(filepath_or_buffer, **kwds)
  File "/usr/local/lib64/python3.9/site-packages/pandas/io/parsers/readers.py", line 1618, in __init__
    self._engine = self._make_engine(f, self.engine)
  File "/usr/local/lib64/python3.9/site-packages/pandas/io/parsers/readers.py", line 1878, in _make_engine
    self.handles = get_handle(
  File "/usr/local/lib64/python3.9/site-packages/pandas/io/common.py", line 873, in get_handle
    handle = open(
FileNotFoundError: [Errno 2] No such file or directory: '/mnt/cwdata/p/m/lcd//2025/11/2025_329_glsea.asc'
quietly pushing to husky... (0 => success)
0
0
=====================================================
============    11-26 03:05    ======================
=====================================================
no file for today... using yesterdays date
executing ./contour.py 2025 11 329
plotting sup...
plotting mic...
plotting hur...
plotting eri...
plotting ont...
quietly pushing to husky... (0 => success)
0
0
=====================================================
============    11-26 04:05    ======================
=====================================================
no file for today... using yesterdays date
executing ./contour.py 2025 11 329
plotting sup...
plotting mic...
plotting hur...
plotting eri...
plotting ont...
quietly pushing to husky... (0 => success)
0
0
=====================================================
============    11-26 05:05    ======================
=====================================================
no file for today... using yesterdays date
executing ./contour.py 2025 11 329
plotting sup...
plotting mic...
plotting hur...
plotting eri...
plotting ont...
quietly pushing to husky... (0 => success)
0
0
=====================================================
============    11-26 06:05    ======================
=====================================================
no file for today... using yesterdays date
executing ./contour.py 2025 11 329
plotting sup...
plotting mic...
plotting hur...
plotting eri...
plotting ont...
quietly pushing to husky... (0 => success)
0
0
=====================================================
============    11-26 07:05    ======================
=====================================================
no file for today... using yesterdays date
executing ./contour.py 2025 11 329
plotting sup...
plotting mic...
plotting hur...
plotting eri...
plotting ont...
quietly pushing to husky... (0 => success)
0
0
=====================================================
============    11-26 08:05    ======================
=====================================================
no file for today... using yesterdays date
executing ./contour.py 2025 11 329
plotting sup...
plotting mic...
plotting hur...
plotting eri...
plotting ont...
quietly pushing to husky... (0 => success)
0
0
=====================================================
============    11-26 09:05    ======================
=====================================================
no file for today... using yesterdays date
executing ./contour.py 2025 11 329
plotting sup...
plotting mic...
plotting hur...
plotting eri...
plotting ont...
quietly pushing to husky... (0 => success)
0
0
=====================================================
============    11-26 10:05    ======================
=====================================================
no file for today... using yesterdays date
executing ./contour.py 2025 11 329
plotting sup...
plotting mic...
plotting hur...
plotting eri...
plotting ont...
quietly pushing to husky... (0 => success)
0
0
=====================================================
============    11-26 11:05    ======================
=====================================================
no file for today... using yesterdays date
executing ./contour.py 2025 11 329
plotting sup...
plotting mic...
plotting hur...
plotting eri...
plotting ont...
quietly pushing to husky... (0 => success)
0
0
=====================================================
============    11-26 12:05    ======================
=====================================================
no file for today... using yesterdays date
executing ./contour.py 2025 11 329
plotting sup...
plotting mic...
plotting hur...
plotting eri...
plotting ont...
quietly pushing to husky... (0 => success)
0
0
=====================================================
============    11-26 13:05    ======================
=====================================================
no file for today... using yesterdays date
executing ./contour.py 2025 11 329
plotting sup...
plotting mic...
plotting hur...
plotting eri...
plotting ont...
quietly pushing to husky... (0 => success)
0
0
=====================================================
============    11-26 14:05    ======================
=====================================================
no file for today... using yesterdays date
executing ./contour.py 2025 11 329
plotting sup...
plotting mic...
plotting hur...
plotting eri...
plotting ont...
quietly pushing to husky... (0 => success)
0
0
=====================================================
============    11-26 15:05    ======================
=====================================================
no file for today... using yesterdays date
executing ./contour.py 2025 11 329
plotting sup...
plotting mic...
plotting hur...
plotting eri...
plotting ont...
quietly pushing to husky... (0 => success)
0
0
=====================================================
============    11-26 16:05    ======================
=====================================================
no file for today... using yesterdays date
executing ./contour.py 2025 11 329
plotting sup...
plotting mic...
plotting hur...
plotting eri...
plotting ont...
quietly pushing to husky... (0 => success)
0
0
=====================================================
============    11-26 17:05    ======================
=====================================================
no file for today... using yesterdays date
executing ./contour.py 2025 11 329
plotting sup...
plotting mic...
plotting hur...
plotting eri...
plotting ont...
quietly pushing to husky... (0 => success)
0
0
=====================================================
============    11-26 18:05    ======================
=====================================================
no file for today... using yesterdays date
executing ./contour.py 2025 11 329
plotting sup...
plotting mic...
plotting hur...
plotting eri...
plotting ont...
quietly pushing to husky... (0 => success)
0
0
=====================================================
============    11-26 19:05    ======================
=====================================================
no file for today... using yesterdays date
executing ./contour.py 2025 11 329
plotting sup...
plotting mic...
plotting hur...
plotting eri...
plotting ont...
quietly pushing to husky... (0 => success)
0
0
=====================================================
============    11-26 20:05    ======================
=====================================================
no file for today... using yesterdays date
executing ./contour.py 2025 11 329
plotting sup...
plotting mic...
plotting hur...
plotting eri...
plotting ont...
quietly pushing to husky... (0 => success)
0
0
=====================================================
============    11-26 21:05    ======================
=====================================================
no file for today... using yesterdays date
executing ./contour.py 2025 11 329
plotting sup...
plotting mic...
plotting hur...
plotting eri...
plotting ont...
quietly pushing to husky... (0 => success)
0
0
=====================================================
============    11-26 22:05    ======================
=====================================================
no file for today... using yesterdays date
executing ./contour.py 2025 11 329
plotting sup...
plotting mic...
plotting hur...
plotting eri...
plotting ont...
quietly pushing to husky... (0 => success)
0
0
=====================================================
============    11-26 23:05    ======================
=====================================================
no file for today... using yesterdays date
executing ./contour.py 2025 11 329
plotting sup...
plotting mic...
plotting hur...
plotting eri...
plotting ont...
quietly pushing to husky... (0 => success)
0
0
=====================================================
============    11-27 00:05    ======================
=====================================================
no file for today... using yesterdays date
executing ./contour.py 2025 11 330
Traceback (most recent call last):
  File "/home/kessler/plot_gen/contour_glsea/./contour.py", line 22, in <module>
    lst_gl = np.matrix(pd.read_table(fin, skiprows=6, sep='\s+', header=None))
  File "/usr/local/lib64/python3.9/site-packages/pandas/io/parsers/readers.py", line 1403, in read_table
    return _read(filepath_or_buffer, kwds)
  File "/usr/local/lib64/python3.9/site-packages/pandas/io/parsers/readers.py", line 618, in _read
    parser = TextFileReader(filepath_or_buffer, **kwds)
  File "/usr/local/lib64/python3.9/site-packages/pandas/io/parsers/readers.py", line 1618, in __init__
    self._engine = self._make_engine(f, self.engine)
  File "/usr/local/lib64/python3.9/site-packages/pandas/io/parsers/readers.py", line 1878, in _make_engine
    self.handles = get_handle(
  File "/usr/local/lib64/python3.9/site-packages/pandas/io/common.py", line 873, in get_handle
    handle = open(
FileNotFoundError: [Errno 2] No such file or directory: '/mnt/cwdata/p/m/lcd//2025/11/2025_330_glsea.asc'
quietly pushing to husky... (0 => success)
0
0
=====================================================
============    11-27 01:05    ======================
=====================================================
no file for today... using yesterdays date
executing ./contour.py 2025 11 330
Traceback (most recent call last):
  File "/home/kessler/plot_gen/contour_glsea/./contour.py", line 22, in <module>
    lst_gl = np.matrix(pd.read_table(fin, skiprows=6, sep='\s+', header=None))
  File "/usr/local/lib64/python3.9/site-packages/pandas/io/parsers/readers.py", line 1403, in read_table
    return _read(filepath_or_buffer, kwds)
  File "/usr/local/lib64/python3.9/site-packages/pandas/io/parsers/readers.py", line 618, in _read
    parser = TextFileReader(filepath_or_buffer, **kwds)
  File "/usr/local/lib64/python3.9/site-packages/pandas/io/parsers/readers.py", line 1618, in __init__
    self._engine = self._make_engine(f, self.engine)
  File "/usr/local/lib64/python3.9/site-packages/pandas/io/parsers/readers.py", line 1878, in _make_engine
    self.handles = get_handle(
  File "/usr/local/lib64/python3.9/site-packages/pandas/io/common.py", line 873, in get_handle
    handle = open(
FileNotFoundError: [Errno 2] No such file or directory: '/mnt/cwdata/p/m/lcd//2025/11/2025_330_glsea.asc'
quietly pushing to husky... (0 => success)
0
0
=====================================================
============    11-27 02:05    ======================
=====================================================
no file for today... using yesterdays date
executing ./contour.py 2025 11 330
Traceback (most recent call last):
  File "/home/kessler/plot_gen/contour_glsea/./contour.py", line 22, in <module>
    lst_gl = np.matrix(pd.read_table(fin, skiprows=6, sep='\s+', header=None))
  File "/usr/local/lib64/python3.9/site-packages/pandas/io/parsers/readers.py", line 1403, in read_table
    return _read(filepath_or_buffer, kwds)
  File "/usr/local/lib64/python3.9/site-packages/pandas/io/parsers/readers.py", line 618, in _read
    parser = TextFileReader(filepath_or_buffer, **kwds)
  File "/usr/local/lib64/python3.9/site-packages/pandas/io/parsers/readers.py", line 1618, in __init__
    self._engine = self._make_engine(f, self.engine)
  File "/usr/local/lib64/python3.9/site-packages/pandas/io/parsers/readers.py", line 1878, in _make_engine
    self.handles = get_handle(
  File "/usr/local/lib64/python3.9/site-packages/pandas/io/common.py", line 873, in get_handle
    handle = open(
FileNotFoundError: [Errno 2] No such file or directory: '/mnt/cwdata/p/m/lcd//2025/11/2025_330_glsea.asc'
quietly pushing to husky... (0 => success)
0
0
=====================================================
============    11-27 03:05    ======================
=====================================================
no file for today... using yesterdays date
executing ./contour.py 2025 11 330
plotting sup...
plotting mic...
plotting hur...
plotting eri...
plotting ont...
quietly pushing to husky... (0 => success)
0
0
=====================================================
============    11-27 04:05    ======================
=====================================================
no file for today... using yesterdays date
executing ./contour.py 2025 11 330
plotting sup...
plotting mic...
plotting hur...
plotting eri...
plotting ont...
quietly pushing to husky... (0 => success)
0
0
=====================================================
============    11-27 05:05    ======================
=====================================================
no file for today... using yesterdays date
executing ./contour.py 2025 11 330
plotting sup...
plotting mic...
plotting hur...
plotting eri...
plotting ont...
quietly pushing to husky... (0 => success)
0
0
=====================================================
============    11-27 06:05    ======================
=====================================================
no file for today... using yesterdays date
executing ./contour.py 2025 11 330
plotting sup...
plotting mic...
plotting hur...
plotting eri...
plotting ont...
quietly pushing to husky... (0 => success)
0
0
=====================================================
============    11-27 07:05    ======================
=====================================================
no file for today... using yesterdays date
executing ./contour.py 2025 11 330
plotting sup...
plotting mic...
plotting hur...
plotting eri...
plotting ont...
quietly pushing to husky... (0 => success)
0
0
=====================================================
============    11-27 08:05    ======================
=====================================================
no file for today... using yesterdays date
executing ./contour.py 2025 11 330
plotting sup...
plotting mic...
plotting hur...
plotting eri...
plotting ont...
quietly pushing to husky... (0 => success)
0
0
=====================================================
============    11-27 09:05    ======================
=====================================================
no file for today... using yesterdays date
executing ./contour.py 2025 11 330
plotting sup...
plotting mic...
plotting hur...
plotting eri...
plotting ont...
quietly pushing to husky... (0 => success)
0
0
=====================================================
============    11-27 10:05    ======================
=====================================================
no file for today... using yesterdays date
executing ./contour.py 2025 11 330
plotting sup...
plotting mic...
plotting hur...
plotting eri...
plotting ont...
quietly pushing to husky... (0 => success)
0
0
=====================================================
============    11-27 11:05    ======================
=====================================================
no file for today... using yesterdays date
executing ./contour.py 2025 11 330
plotting sup...
plotting mic...
plotting hur...
plotting eri...
plotting ont...
quietly pushing to husky... (0 => success)
0
0
=====================================================
============    11-27 12:05    ======================
=====================================================
no file for today... using yesterdays date
executing ./contour.py 2025 11 330
plotting sup...
plotting mic...
plotting hur...
plotting eri...
plotting ont...
quietly pushing to husky... (0 => success)
0
0
=====================================================
============    11-27 13:05    ======================
=====================================================
no file for today... using yesterdays date
executing ./contour.py 2025 11 330
plotting sup...
plotting mic...
plotting hur...
plotting eri...
plotting ont...
quietly pushing to husky... (0 => success)
0
0
=====================================================
============    11-27 14:05    ======================
=====================================================
no file for today... using yesterdays date
executing ./contour.py 2025 11 330
plotting sup...
plotting mic...
plotting hur...
plotting eri...
plotting ont...
quietly pushing to husky... (0 => success)
0
0
=====================================================
============    11-27 15:05    ======================
=====================================================
no file for today... using yesterdays date
executing ./contour.py 2025 11 330
plotting sup...
plotting mic...
plotting hur...
plotting eri...
plotting ont...
quietly pushing to husky... (0 => success)
0
0
=====================================================
============    11-27 16:05    ======================
=====================================================
no file for today... using yesterdays date
executing ./contour.py 2025 11 330
plotting sup...
plotting mic...
plotting hur...
plotting eri...
plotting ont...
quietly pushing to husky... (0 => success)
0
0
=====================================================
============    11-27 17:05    ======================
=====================================================
no file for today... using yesterdays date
executing ./contour.py 2025 11 330
plotting sup...
plotting mic...
plotting hur...
plotting eri...
plotting ont...
quietly pushing to husky... (0 => success)
0
0
=====================================================
============    11-27 18:05    ======================
=====================================================
no file for today... using yesterdays date
executing ./contour.py 2025 11 330
plotting sup...
plotting mic...
plotting hur...
plotting eri...
plotting ont...
quietly pushing to husky... (0 => success)
0
0
=====================================================
============    11-27 19:05    ======================
=====================================================
no file for today... using yesterdays date
executing ./contour.py 2025 11 330
plotting sup...
plotting mic...
plotting hur...
plotting eri...
plotting ont...
quietly pushing to husky... (0 => success)
0
0
=====================================================
============    11-27 20:05    ======================
=====================================================
no file for today... using yesterdays date
executing ./contour.py 2025 11 330
plotting sup...
plotting mic...
plotting hur...
plotting eri...
plotting ont...
quietly pushing to husky... (0 => success)
0
0
=====================================================
============    11-27 21:05    ======================
=====================================================
no file for today... using yesterdays date
executing ./contour.py 2025 11 330
plotting sup...
plotting mic...
plotting hur...
plotting eri...
plotting ont...
quietly pushing to husky... (0 => success)
0
0
=====================================================
============    11-27 22:05    ======================
=====================================================
no file for today... using yesterdays date
executing ./contour.py 2025 11 330
plotting sup...
plotting mic...
plotting hur...
plotting eri...
plotting ont...
quietly pushing to husky... (0 => success)
0
0
=====================================================
============    11-27 23:05    ======================
=====================================================
no file for today... using yesterdays date
executing ./contour.py 2025 11 330
plotting sup...
plotting mic...
plotting hur...
plotting eri...
plotting ont...
quietly pushing to husky... (0 => success)
0
0
=====================================================
============    11-28 00:05    ======================
=====================================================
no file for today... using yesterdays date
executing ./contour.py 2025 11 331
Traceback (most recent call last):
  File "/home/kessler/plot_gen/contour_glsea/./contour.py", line 22, in <module>
    lst_gl = np.matrix(pd.read_table(fin, skiprows=6, sep='\s+', header=None))
  File "/usr/local/lib64/python3.9/site-packages/pandas/io/parsers/readers.py", line 1403, in read_table
    return _read(filepath_or_buffer, kwds)
  File "/usr/local/lib64/python3.9/site-packages/pandas/io/parsers/readers.py", line 618, in _read
    parser = TextFileReader(filepath_or_buffer, **kwds)
  File "/usr/local/lib64/python3.9/site-packages/pandas/io/parsers/readers.py", line 1618, in __init__
    self._engine = self._make_engine(f, self.engine)
  File "/usr/local/lib64/python3.9/site-packages/pandas/io/parsers/readers.py", line 1878, in _make_engine
    self.handles = get_handle(
  File "/usr/local/lib64/python3.9/site-packages/pandas/io/common.py", line 873, in get_handle
    handle = open(
FileNotFoundError: [Errno 2] No such file or directory: '/mnt/cwdata/p/m/lcd//2025/11/2025_331_glsea.asc'
quietly pushing to husky... (0 => success)
0
0
=====================================================
============    11-28 01:05    ======================
=====================================================
no file for today... using yesterdays date
executing ./contour.py 2025 11 331
Traceback (most recent call last):
  File "/home/kessler/plot_gen/contour_glsea/./contour.py", line 22, in <module>
    lst_gl = np.matrix(pd.read_table(fin, skiprows=6, sep='\s+', header=None))
  File "/usr/local/lib64/python3.9/site-packages/pandas/io/parsers/readers.py", line 1403, in read_table
    return _read(filepath_or_buffer, kwds)
  File "/usr/local/lib64/python3.9/site-packages/pandas/io/parsers/readers.py", line 618, in _read
    parser = TextFileReader(filepath_or_buffer, **kwds)
  File "/usr/local/lib64/python3.9/site-packages/pandas/io/parsers/readers.py", line 1618, in __init__
    self._engine = self._make_engine(f, self.engine)
  File "/usr/local/lib64/python3.9/site-packages/pandas/io/parsers/readers.py", line 1878, in _make_engine
    self.handles = get_handle(
  File "/usr/local/lib64/python3.9/site-packages/pandas/io/common.py", line 873, in get_handle
    handle = open(
FileNotFoundError: [Errno 2] No such file or directory: '/mnt/cwdata/p/m/lcd//2025/11/2025_331_glsea.asc'
quietly pushing to husky... (0 => success)
0
0
=====================================================
============    11-28 02:05    ======================
=====================================================
no file for today... using yesterdays date
executing ./contour.py 2025 11 331
Traceback (most recent call last):
  File "/home/kessler/plot_gen/contour_glsea/./contour.py", line 22, in <module>
    lst_gl = np.matrix(pd.read_table(fin, skiprows=6, sep='\s+', header=None))
  File "/usr/local/lib64/python3.9/site-packages/pandas/io/parsers/readers.py", line 1403, in read_table
    return _read(filepath_or_buffer, kwds)
  File "/usr/local/lib64/python3.9/site-packages/pandas/io/parsers/readers.py", line 618, in _read
    parser = TextFileReader(filepath_or_buffer, **kwds)
  File "/usr/local/lib64/python3.9/site-packages/pandas/io/parsers/readers.py", line 1618, in __init__
    self._engine = self._make_engine(f, self.engine)
  File "/usr/local/lib64/python3.9/site-packages/pandas/io/parsers/readers.py", line 1878, in _make_engine
    self.handles = get_handle(
  File "/usr/local/lib64/python3.9/site-packages/pandas/io/common.py", line 873, in get_handle
    handle = open(
FileNotFoundError: [Errno 2] No such file or directory: '/mnt/cwdata/p/m/lcd//2025/11/2025_331_glsea.asc'
quietly pushing to husky... (0 => success)
0
0
=====================================================
============    11-28 03:05    ======================
=====================================================
no file for today... using yesterdays date
executing ./contour.py 2025 11 331
plotting sup...
plotting mic...
plotting hur...
plotting eri...
plotting ont...
quietly pushing to husky... (0 => success)
0
0
=====================================================
============    11-28 04:05    ======================
=====================================================
no file for today... using yesterdays date
executing ./contour.py 2025 11 331
plotting sup...
plotting mic...
plotting hur...
plotting eri...
plotting ont...
quietly pushing to husky... (0 => success)
0
0
=====================================================
============    11-28 05:05    ======================
=====================================================
no file for today... using yesterdays date
executing ./contour.py 2025 11 331
plotting sup...
plotting mic...
plotting hur...
plotting eri...
plotting ont...
quietly pushing to husky... (0 => success)
0
0
=====================================================
============    11-28 06:05    ======================
=====================================================
no file for today... using yesterdays date
executing ./contour.py 2025 11 331
plotting sup...
plotting mic...
plotting hur...
plotting eri...
plotting ont...
quietly pushing to husky... (0 => success)
0
0
=====================================================
============    11-28 07:05    ======================
=====================================================
no file for today... using yesterdays date
executing ./contour.py 2025 11 331
plotting sup...
plotting mic...
plotting hur...
plotting eri...
plotting ont...
quietly pushing to husky... (0 => success)
0
0
=====================================================
============    11-28 08:05    ======================
=====================================================
no file for today... using yesterdays date
executing ./contour.py 2025 11 331
plotting sup...
plotting mic...
plotting hur...
plotting eri...
plotting ont...
quietly pushing to husky... (0 => success)
0
0
=====================================================
============    11-28 09:05    ======================
=====================================================
no file for today... using yesterdays date
executing ./contour.py 2025 11 331
plotting sup...
plotting mic...
plotting hur...
plotting eri...
plotting ont...
quietly pushing to husky... (0 => success)
0
0
=====================================================
============    11-28 10:05    ======================
=====================================================
no file for today... using yesterdays date
executing ./contour.py 2025 11 331
plotting sup...
plotting mic...
plotting hur...
plotting eri...
plotting ont...
quietly pushing to husky... (0 => success)
0
0
=====================================================
============    11-28 11:05    ======================
=====================================================
no file for today... using yesterdays date
executing ./contour.py 2025 11 331
plotting sup...
plotting mic...
plotting hur...
plotting eri...
plotting ont...
quietly pushing to husky... (0 => success)
0
0
=====================================================
============    11-28 12:05    ======================
=====================================================
no file for today... using yesterdays date
executing ./contour.py 2025 11 331
plotting sup...
plotting mic...
plotting hur...
plotting eri...
plotting ont...
quietly pushing to husky... (0 => success)
0
0
=====================================================
============    11-28 13:05    ======================
=====================================================
no file for today... using yesterdays date
executing ./contour.py 2025 11 331
plotting sup...
plotting mic...
plotting hur...
plotting eri...
plotting ont...
quietly pushing to husky... (0 => success)
0
0
=====================================================
============    11-28 14:05    ======================
=====================================================
no file for today... using yesterdays date
executing ./contour.py 2025 11 331
plotting sup...
plotting mic...
plotting hur...
plotting eri...
plotting ont...
quietly pushing to husky... (0 => success)
0
0
=====================================================
============    11-28 15:05    ======================
=====================================================
no file for today... using yesterdays date
executing ./contour.py 2025 11 331
plotting sup...
plotting mic...
plotting hur...
plotting eri...
plotting ont...
quietly pushing to husky... (0 => success)
0
0
=====================================================
============    11-28 16:05    ======================
=====================================================
no file for today... using yesterdays date
executing ./contour.py 2025 11 331
plotting sup...
plotting mic...
plotting hur...
plotting eri...
plotting ont...
quietly pushing to husky... (0 => success)
0
0
=====================================================
============    11-28 17:05    ======================
=====================================================
no file for today... using yesterdays date
executing ./contour.py 2025 11 331
plotting sup...
plotting mic...
plotting hur...
plotting eri...
plotting ont...
quietly pushing to husky... (0 => success)
0
0
=====================================================
============    11-28 18:05    ======================
=====================================================
no file for today... using yesterdays date
executing ./contour.py 2025 11 331
plotting sup...
plotting mic...
plotting hur...
plotting eri...
plotting ont...
quietly pushing to husky... (0 => success)
0
0
=====================================================
============    11-28 19:05    ======================
=====================================================
no file for today... using yesterdays date
executing ./contour.py 2025 11 331
plotting sup...
plotting mic...
plotting hur...
plotting eri...
plotting ont...
quietly pushing to husky... (0 => success)
0
0
=====================================================
============    11-28 20:05    ======================
=====================================================
no file for today... using yesterdays date
executing ./contour.py 2025 11 331
plotting sup...
plotting mic...
plotting hur...
plotting eri...
plotting ont...
quietly pushing to husky... (0 => success)
0
0
=====================================================
============    11-28 21:05    ======================
=====================================================
no file for today... using yesterdays date
executing ./contour.py 2025 11 331
plotting sup...
plotting mic...
plotting hur...
plotting eri...
plotting ont...
quietly pushing to husky... (0 => success)
0
0
=====================================================
============    11-28 22:05    ======================
=====================================================
no file for today... using yesterdays date
executing ./contour.py 2025 11 331
plotting sup...
plotting mic...
plotting hur...
plotting eri...
plotting ont...
quietly pushing to husky... (0 => success)
0
0
=====================================================
============    11-28 23:05    ======================
=====================================================
no file for today... using yesterdays date
executing ./contour.py 2025 11 331
plotting sup...
plotting mic...
plotting hur...
plotting eri...
plotting ont...
quietly pushing to husky... (0 => success)
0
0
=====================================================
============    11-29 00:05    ======================
=====================================================
no file for today... using yesterdays date
executing ./contour.py 2025 11 332
Traceback (most recent call last):
  File "/home/kessler/plot_gen/contour_glsea/./contour.py", line 22, in <module>
    lst_gl = np.matrix(pd.read_table(fin, skiprows=6, sep='\s+', header=None))
  File "/usr/local/lib64/python3.9/site-packages/pandas/io/parsers/readers.py", line 1403, in read_table
    return _read(filepath_or_buffer, kwds)
  File "/usr/local/lib64/python3.9/site-packages/pandas/io/parsers/readers.py", line 618, in _read
    parser = TextFileReader(filepath_or_buffer, **kwds)
  File "/usr/local/lib64/python3.9/site-packages/pandas/io/parsers/readers.py", line 1618, in __init__
    self._engine = self._make_engine(f, self.engine)
  File "/usr/local/lib64/python3.9/site-packages/pandas/io/parsers/readers.py", line 1878, in _make_engine
    self.handles = get_handle(
  File "/usr/local/lib64/python3.9/site-packages/pandas/io/common.py", line 873, in get_handle
    handle = open(
FileNotFoundError: [Errno 2] No such file or directory: '/mnt/cwdata/p/m/lcd//2025/11/2025_332_glsea.asc'
quietly pushing to husky... (0 => success)
0
0
=====================================================
============    11-29 01:05    ======================
=====================================================
no file for today... using yesterdays date
executing ./contour.py 2025 11 332
Traceback (most recent call last):
  File "/home/kessler/plot_gen/contour_glsea/./contour.py", line 22, in <module>
    lst_gl = np.matrix(pd.read_table(fin, skiprows=6, sep='\s+', header=None))
  File "/usr/local/lib64/python3.9/site-packages/pandas/io/parsers/readers.py", line 1403, in read_table
    return _read(filepath_or_buffer, kwds)
  File "/usr/local/lib64/python3.9/site-packages/pandas/io/parsers/readers.py", line 618, in _read
    parser = TextFileReader(filepath_or_buffer, **kwds)
  File "/usr/local/lib64/python3.9/site-packages/pandas/io/parsers/readers.py", line 1618, in __init__
    self._engine = self._make_engine(f, self.engine)
  File "/usr/local/lib64/python3.9/site-packages/pandas/io/parsers/readers.py", line 1878, in _make_engine
    self.handles = get_handle(
  File "/usr/local/lib64/python3.9/site-packages/pandas/io/common.py", line 873, in get_handle
    handle = open(
FileNotFoundError: [Errno 2] No such file or directory: '/mnt/cwdata/p/m/lcd//2025/11/2025_332_glsea.asc'
quietly pushing to husky... (0 => success)
0
0
=====================================================
============    11-29 02:05    ======================
=====================================================
no file for today... using yesterdays date
executing ./contour.py 2025 11 332
Traceback (most recent call last):
  File "/home/kessler/plot_gen/contour_glsea/./contour.py", line 22, in <module>
    lst_gl = np.matrix(pd.read_table(fin, skiprows=6, sep='\s+', header=None))
  File "/usr/local/lib64/python3.9/site-packages/pandas/io/parsers/readers.py", line 1403, in read_table
    return _read(filepath_or_buffer, kwds)
  File "/usr/local/lib64/python3.9/site-packages/pandas/io/parsers/readers.py", line 618, in _read
    parser = TextFileReader(filepath_or_buffer, **kwds)
  File "/usr/local/lib64/python3.9/site-packages/pandas/io/parsers/readers.py", line 1618, in __init__
    self._engine = self._make_engine(f, self.engine)
  File "/usr/local/lib64/python3.9/site-packages/pandas/io/parsers/readers.py", line 1878, in _make_engine
    self.handles = get_handle(
  File "/usr/local/lib64/python3.9/site-packages/pandas/io/common.py", line 873, in get_handle
    handle = open(
FileNotFoundError: [Errno 2] No such file or directory: '/mnt/cwdata/p/m/lcd//2025/11/2025_332_glsea.asc'
quietly pushing to husky... (0 => success)
0
0
=====================================================
============    11-29 03:05    ======================
=====================================================
no file for today... using yesterdays date
executing ./contour.py 2025 11 332
plotting sup...
plotting mic...
plotting hur...
plotting eri...
plotting ont...
quietly pushing to husky... (0 => success)
0
0
=====================================================
============    11-29 04:05    ======================
=====================================================
no file for today... using yesterdays date
executing ./contour.py 2025 11 332
plotting sup...
plotting mic...
plotting hur...
plotting eri...
plotting ont...
quietly pushing to husky... (0 => success)
0
0
=====================================================
============    11-29 05:05    ======================
=====================================================
no file for today... using yesterdays date
executing ./contour.py 2025 11 332
plotting sup...
plotting mic...
plotting hur...
plotting eri...
plotting ont...
quietly pushing to husky... (0 => success)
0
0
=====================================================
============    11-29 06:05    ======================
=====================================================
no file for today... using yesterdays date
executing ./contour.py 2025 11 332
plotting sup...
plotting mic...
plotting hur...
plotting eri...
plotting ont...
quietly pushing to husky... (0 => success)
0
0
=====================================================
============    11-29 07:05    ======================
=====================================================
no file for today... using yesterdays date
executing ./contour.py 2025 11 332
plotting sup...
plotting mic...
plotting hur...
plotting eri...
plotting ont...
quietly pushing to husky... (0 => success)
0
0
=====================================================
============    11-29 08:05    ======================
=====================================================
no file for today... using yesterdays date
executing ./contour.py 2025 11 332
plotting sup...
plotting mic...
plotting hur...
plotting eri...
plotting ont...
quietly pushing to husky... (0 => success)
0
0
=====================================================
============    11-29 09:05    ======================
=====================================================
no file for today... using yesterdays date
executing ./contour.py 2025 11 332
plotting sup...
plotting mic...
plotting hur...
plotting eri...
plotting ont...
quietly pushing to husky... (0 => success)
0
0
=====================================================
============    11-29 10:05    ======================
=====================================================
no file for today... using yesterdays date
executing ./contour.py 2025 11 332
plotting sup...
plotting mic...
plotting hur...
plotting eri...
plotting ont...
quietly pushing to husky... (0 => success)
0
0
=====================================================
============    11-29 11:05    ======================
=====================================================
no file for today... using yesterdays date
executing ./contour.py 2025 11 332
plotting sup...
plotting mic...
plotting hur...
plotting eri...
plotting ont...
quietly pushing to husky... (0 => success)
0
0
=====================================================
============    11-29 12:05    ======================
=====================================================
no file for today... using yesterdays date
executing ./contour.py 2025 11 332
plotting sup...
plotting mic...
plotting hur...
plotting eri...
plotting ont...
quietly pushing to husky... (0 => success)
0
0
=====================================================
============    11-29 13:05    ======================
=====================================================
no file for today... using yesterdays date
executing ./contour.py 2025 11 332
plotting sup...
plotting mic...
plotting hur...
plotting eri...
plotting ont...
quietly pushing to husky... (0 => success)
0
0
=====================================================
============    11-29 14:05    ======================
=====================================================
no file for today... using yesterdays date
executing ./contour.py 2025 11 332
plotting sup...
plotting mic...
plotting hur...
plotting eri...
plotting ont...
quietly pushing to husky... (0 => success)
0
0
=====================================================
============    11-29 15:05    ======================
=====================================================
no file for today... using yesterdays date
executing ./contour.py 2025 11 332
plotting sup...
plotting mic...
plotting hur...
plotting eri...
plotting ont...
quietly pushing to husky... (0 => success)
0
0
=====================================================
============    11-29 16:05    ======================
=====================================================
no file for today... using yesterdays date
executing ./contour.py 2025 11 332
plotting sup...
plotting mic...
plotting hur...
plotting eri...
plotting ont...
quietly pushing to husky... (0 => success)
0
0
=====================================================
============    11-29 17:05    ======================
=====================================================
no file for today... using yesterdays date
executing ./contour.py 2025 11 332
plotting sup...
plotting mic...
plotting hur...
plotting eri...
plotting ont...
quietly pushing to husky... (0 => success)
0
0
=====================================================
============    11-29 18:05    ======================
=====================================================
no file for today... using yesterdays date
executing ./contour.py 2025 11 332
plotting sup...
plotting mic...
plotting hur...
plotting eri...
plotting ont...
quietly pushing to husky... (0 => success)
0
0
=====================================================
============    11-29 19:05    ======================
=====================================================
no file for today... using yesterdays date
executing ./contour.py 2025 11 332
plotting sup...
plotting mic...
plotting hur...
plotting eri...
plotting ont...
quietly pushing to husky... (0 => success)
0
0
=====================================================
============    11-29 20:05    ======================
=====================================================
no file for today... using yesterdays date
executing ./contour.py 2025 11 332
plotting sup...
plotting mic...
plotting hur...
plotting eri...
plotting ont...
quietly pushing to husky... (0 => success)
0
0
=====================================================
============    11-29 21:05    ======================
=====================================================
no file for today... using yesterdays date
executing ./contour.py 2025 11 332
plotting sup...
plotting mic...
plotting hur...
plotting eri...
plotting ont...
quietly pushing to husky... (0 => success)
0
0
=====================================================
============    11-29 22:05    ======================
=====================================================
no file for today... using yesterdays date
executing ./contour.py 2025 11 332
plotting sup...
plotting mic...
plotting hur...
plotting eri...
plotting ont...
quietly pushing to husky... (0 => success)
0
0
=====================================================
============    11-29 23:05    ======================
=====================================================
no file for today... using yesterdays date
executing ./contour.py 2025 11 332
plotting sup...
plotting mic...
plotting hur...
plotting eri...
plotting ont...
quietly pushing to husky... (0 => success)
0
0
=====================================================
============    11-30 00:05    ======================
=====================================================
no file for today... using yesterdays date
executing ./contour.py 2025 11 333
Traceback (most recent call last):
  File "/home/kessler/plot_gen/contour_glsea/./contour.py", line 22, in <module>
    lst_gl = np.matrix(pd.read_table(fin, skiprows=6, sep='\s+', header=None))
  File "/usr/local/lib64/python3.9/site-packages/pandas/io/parsers/readers.py", line 1403, in read_table
    return _read(filepath_or_buffer, kwds)
  File "/usr/local/lib64/python3.9/site-packages/pandas/io/parsers/readers.py", line 618, in _read
    parser = TextFileReader(filepath_or_buffer, **kwds)
  File "/usr/local/lib64/python3.9/site-packages/pandas/io/parsers/readers.py", line 1618, in __init__
    self._engine = self._make_engine(f, self.engine)
  File "/usr/local/lib64/python3.9/site-packages/pandas/io/parsers/readers.py", line 1878, in _make_engine
    self.handles = get_handle(
  File "/usr/local/lib64/python3.9/site-packages/pandas/io/common.py", line 873, in get_handle
    handle = open(
FileNotFoundError: [Errno 2] No such file or directory: '/mnt/cwdata/p/m/lcd//2025/11/2025_333_glsea.asc'
quietly pushing to husky... (0 => success)
0
0
=====================================================
============    11-30 01:05    ======================
=====================================================
no file for today... using yesterdays date
executing ./contour.py 2025 11 333
Traceback (most recent call last):
  File "/home/kessler/plot_gen/contour_glsea/./contour.py", line 22, in <module>
    lst_gl = np.matrix(pd.read_table(fin, skiprows=6, sep='\s+', header=None))
  File "/usr/local/lib64/python3.9/site-packages/pandas/io/parsers/readers.py", line 1403, in read_table
    return _read(filepath_or_buffer, kwds)
  File "/usr/local/lib64/python3.9/site-packages/pandas/io/parsers/readers.py", line 618, in _read
    parser = TextFileReader(filepath_or_buffer, **kwds)
  File "/usr/local/lib64/python3.9/site-packages/pandas/io/parsers/readers.py", line 1618, in __init__
    self._engine = self._make_engine(f, self.engine)
  File "/usr/local/lib64/python3.9/site-packages/pandas/io/parsers/readers.py", line 1878, in _make_engine
    self.handles = get_handle(
  File "/usr/local/lib64/python3.9/site-packages/pandas/io/common.py", line 873, in get_handle
    handle = open(
FileNotFoundError: [Errno 2] No such file or directory: '/mnt/cwdata/p/m/lcd//2025/11/2025_333_glsea.asc'
quietly pushing to husky... (0 => success)
0
0
=====================================================
============    11-30 02:05    ======================
=====================================================
no file for today... using yesterdays date
executing ./contour.py 2025 11 333
Traceback (most recent call last):
  File "/home/kessler/plot_gen/contour_glsea/./contour.py", line 22, in <module>
    lst_gl = np.matrix(pd.read_table(fin, skiprows=6, sep='\s+', header=None))
  File "/usr/local/lib64/python3.9/site-packages/pandas/io/parsers/readers.py", line 1403, in read_table
    return _read(filepath_or_buffer, kwds)
  File "/usr/local/lib64/python3.9/site-packages/pandas/io/parsers/readers.py", line 618, in _read
    parser = TextFileReader(filepath_or_buffer, **kwds)
  File "/usr/local/lib64/python3.9/site-packages/pandas/io/parsers/readers.py", line 1618, in __init__
    self._engine = self._make_engine(f, self.engine)
  File "/usr/local/lib64/python3.9/site-packages/pandas/io/parsers/readers.py", line 1878, in _make_engine
    self.handles = get_handle(
  File "/usr/local/lib64/python3.9/site-packages/pandas/io/common.py", line 873, in get_handle
    handle = open(
FileNotFoundError: [Errno 2] No such file or directory: '/mnt/cwdata/p/m/lcd//2025/11/2025_333_glsea.asc'
quietly pushing to husky... (0 => success)
0
0
=====================================================
============    11-30 03:05    ======================
=====================================================
no file for today... using yesterdays date
executing ./contour.py 2025 11 333
plotting sup...
plotting mic...
plotting hur...
plotting eri...
plotting ont...
quietly pushing to husky... (0 => success)
0
0
=====================================================
============    11-30 04:05    ======================
=====================================================
no file for today... using yesterdays date
executing ./contour.py 2025 11 333
plotting sup...
plotting mic...
plotting hur...
plotting eri...
plotting ont...
quietly pushing to husky... (0 => success)
0
0
=====================================================
============    11-30 05:05    ======================
=====================================================
no file for today... using yesterdays date
executing ./contour.py 2025 11 333
plotting sup...
plotting mic...
plotting hur...
plotting eri...
plotting ont...
quietly pushing to husky... (0 => success)
0
0
=====================================================
============    11-30 06:05    ======================
=====================================================
no file for today... using yesterdays date
executing ./contour.py 2025 11 333
plotting sup...
plotting mic...
plotting hur...
plotting eri...
plotting ont...
quietly pushing to husky... (0 => success)
0
0
=====================================================
============    11-30 07:05    ======================
=====================================================
no file for today... using yesterdays date
executing ./contour.py 2025 11 333
plotting sup...
plotting mic...
plotting hur...
plotting eri...
plotting ont...
quietly pushing to husky... (0 => success)
0
0
=====================================================
============    11-30 08:05    ======================
=====================================================
no file for today... using yesterdays date
executing ./contour.py 2025 11 333
plotting sup...
plotting mic...
plotting hur...
plotting eri...
plotting ont...
quietly pushing to husky... (0 => success)
0
0
=====================================================
============    11-30 09:05    ======================
=====================================================
no file for today... using yesterdays date
executing ./contour.py 2025 11 333
plotting sup...
plotting mic...
plotting hur...
plotting eri...
plotting ont...
quietly pushing to husky... (0 => success)
0
0
=====================================================
============    11-30 10:05    ======================
=====================================================
no file for today... using yesterdays date
executing ./contour.py 2025 11 333
plotting sup...
plotting mic...
plotting hur...
plotting eri...
plotting ont...
quietly pushing to husky... (0 => success)
0
0
=====================================================
============    11-30 11:05    ======================
=====================================================
no file for today... using yesterdays date
executing ./contour.py 2025 11 333
plotting sup...
plotting mic...
plotting hur...
plotting eri...
plotting ont...
quietly pushing to husky... (0 => success)
0
0
=====================================================
============    11-30 12:05    ======================
=====================================================
no file for today... using yesterdays date
executing ./contour.py 2025 11 333
plotting sup...
plotting mic...
plotting hur...
plotting eri...
plotting ont...
quietly pushing to husky... (0 => success)
0
0
=====================================================
============    11-30 13:05    ======================
=====================================================
no file for today... using yesterdays date
executing ./contour.py 2025 11 333
plotting sup...
plotting mic...
plotting hur...
plotting eri...
plotting ont...
quietly pushing to husky... (0 => success)
0
0
=====================================================
============    11-30 14:05    ======================
=====================================================
no file for today... using yesterdays date
executing ./contour.py 2025 11 333
plotting sup...
plotting mic...
plotting hur...
plotting eri...
plotting ont...
quietly pushing to husky... (0 => success)
0
0
=====================================================
============    11-30 15:05    ======================
=====================================================
no file for today... using yesterdays date
executing ./contour.py 2025 11 333
plotting sup...
plotting mic...
plotting hur...
plotting eri...
plotting ont...
quietly pushing to husky... (0 => success)
0
0
=====================================================
============    11-30 16:05    ======================
=====================================================
no file for today... using yesterdays date
executing ./contour.py 2025 11 333
plotting sup...
plotting mic...
plotting hur...
plotting eri...
plotting ont...
quietly pushing to husky... (0 => success)
0
0
=====================================================
============    11-30 17:05    ======================
=====================================================
no file for today... using yesterdays date
executing ./contour.py 2025 11 333
plotting sup...
plotting mic...
plotting hur...
plotting eri...
plotting ont...
quietly pushing to husky... (0 => success)
0
0
=====================================================
============    11-30 18:05    ======================
=====================================================
no file for today... using yesterdays date
executing ./contour.py 2025 11 333
plotting sup...
plotting mic...
plotting hur...
plotting eri...
plotting ont...
quietly pushing to husky... (0 => success)
0
0
=====================================================
============    11-30 19:05    ======================
=====================================================
no file for today... using yesterdays date
executing ./contour.py 2025 11 333
plotting sup...
plotting mic...
plotting hur...
plotting eri...
plotting ont...
quietly pushing to husky... (0 => success)
0
0
=====================================================
============    11-30 20:05    ======================
=====================================================
no file for today... using yesterdays date
executing ./contour.py 2025 11 333
plotting sup...
plotting mic...
plotting hur...
plotting eri...
plotting ont...
quietly pushing to husky... (0 => success)
0
0
=====================================================
============    11-30 21:05    ======================
=====================================================
no file for today... using yesterdays date
executing ./contour.py 2025 11 333
plotting sup...
plotting mic...
plotting hur...
plotting eri...
plotting ont...
quietly pushing to husky... (0 => success)
0
0
=====================================================
============    11-30 22:05    ======================
=====================================================
no file for today... using yesterdays date
executing ./contour.py 2025 11 333
plotting sup...
plotting mic...
plotting hur...
plotting eri...
plotting ont...
quietly pushing to husky... (0 => success)
0
0
=====================================================
============    11-30 23:05    ======================
=====================================================
no file for today... using yesterdays date
executing ./contour.py 2025 11 333
plotting sup...
plotting mic...
plotting hur...
plotting eri...
plotting ont...
quietly pushing to husky... (0 => success)
0
0
=====================================================
============    12-01 00:05    ======================
=====================================================
no file for today... using yesterdays date
executing ./contour.py 2025 11 334
Traceback (most recent call last):
  File "/home/kessler/plot_gen/contour_glsea/./contour.py", line 22, in <module>
    lst_gl = np.matrix(pd.read_table(fin, skiprows=6, sep='\s+', header=None))
  File "/usr/local/lib64/python3.9/site-packages/pandas/io/parsers/readers.py", line 1403, in read_table
    return _read(filepath_or_buffer, kwds)
  File "/usr/local/lib64/python3.9/site-packages/pandas/io/parsers/readers.py", line 618, in _read
    parser = TextFileReader(filepath_or_buffer, **kwds)
  File "/usr/local/lib64/python3.9/site-packages/pandas/io/parsers/readers.py", line 1618, in __init__
    self._engine = self._make_engine(f, self.engine)
  File "/usr/local/lib64/python3.9/site-packages/pandas/io/parsers/readers.py", line 1878, in _make_engine
    self.handles = get_handle(
  File "/usr/local/lib64/python3.9/site-packages/pandas/io/common.py", line 873, in get_handle
    handle = open(
FileNotFoundError: [Errno 2] No such file or directory: '/mnt/cwdata/p/m/lcd//2025/11/2025_334_glsea.asc'
quietly pushing to husky... (0 => success)
0
0
=====================================================
============    12-01 01:05    ======================
=====================================================
no file for today... using yesterdays date
executing ./contour.py 2025 11 334
Traceback (most recent call last):
  File "/home/kessler/plot_gen/contour_glsea/./contour.py", line 22, in <module>
    lst_gl = np.matrix(pd.read_table(fin, skiprows=6, sep='\s+', header=None))
  File "/usr/local/lib64/python3.9/site-packages/pandas/io/parsers/readers.py", line 1403, in read_table
    return _read(filepath_or_buffer, kwds)
  File "/usr/local/lib64/python3.9/site-packages/pandas/io/parsers/readers.py", line 618, in _read
    parser = TextFileReader(filepath_or_buffer, **kwds)
  File "/usr/local/lib64/python3.9/site-packages/pandas/io/parsers/readers.py", line 1618, in __init__
    self._engine = self._make_engine(f, self.engine)
  File "/usr/local/lib64/python3.9/site-packages/pandas/io/parsers/readers.py", line 1878, in _make_engine
    self.handles = get_handle(
  File "/usr/local/lib64/python3.9/site-packages/pandas/io/common.py", line 873, in get_handle
    handle = open(
FileNotFoundError: [Errno 2] No such file or directory: '/mnt/cwdata/p/m/lcd//2025/11/2025_334_glsea.asc'
quietly pushing to husky... (0 => success)
0
0
=====================================================
============    12-01 02:05    ======================
=====================================================
no file for today... using yesterdays date
executing ./contour.py 2025 11 334
Traceback (most recent call last):
  File "/home/kessler/plot_gen/contour_glsea/./contour.py", line 22, in <module>
    lst_gl = np.matrix(pd.read_table(fin, skiprows=6, sep='\s+', header=None))
  File "/usr/local/lib64/python3.9/site-packages/pandas/io/parsers/readers.py", line 1403, in read_table
    return _read(filepath_or_buffer, kwds)
  File "/usr/local/lib64/python3.9/site-packages/pandas/io/parsers/readers.py", line 618, in _read
    parser = TextFileReader(filepath_or_buffer, **kwds)
  File "/usr/local/lib64/python3.9/site-packages/pandas/io/parsers/readers.py", line 1618, in __init__
    self._engine = self._make_engine(f, self.engine)
  File "/usr/local/lib64/python3.9/site-packages/pandas/io/parsers/readers.py", line 1878, in _make_engine
    self.handles = get_handle(
  File "/usr/local/lib64/python3.9/site-packages/pandas/io/common.py", line 873, in get_handle
    handle = open(
FileNotFoundError: [Errno 2] No such file or directory: '/mnt/cwdata/p/m/lcd//2025/11/2025_334_glsea.asc'
quietly pushing to husky... (0 => success)
0
0
=====================================================
============    12-01 03:05    ======================
=====================================================
no file for today... using yesterdays date
executing ./contour.py 2025 11 334
plotting sup...
plotting mic...
plotting hur...
plotting eri...
plotting ont...
quietly pushing to husky... (0 => success)
0
0
=====================================================
============    12-01 04:05    ======================
=====================================================
no file for today... using yesterdays date
executing ./contour.py 2025 11 334
plotting sup...
plotting mic...
plotting hur...
plotting eri...
plotting ont...
quietly pushing to husky... (0 => success)
0
0
=====================================================
============    12-01 05:05    ======================
=====================================================
no file for today... using yesterdays date
executing ./contour.py 2025 11 334
plotting sup...
plotting mic...
plotting hur...
plotting eri...
plotting ont...
quietly pushing to husky... (0 => success)
0
0
=====================================================
============    12-01 06:05    ======================
=====================================================
no file for today... using yesterdays date
executing ./contour.py 2025 11 334
plotting sup...
plotting mic...
plotting hur...
plotting eri...
plotting ont...
quietly pushing to husky... (0 => success)
0
0
=====================================================
============    12-01 07:05    ======================
=====================================================
no file for today... using yesterdays date
executing ./contour.py 2025 11 334
plotting sup...
plotting mic...
plotting hur...
plotting eri...
plotting ont...
quietly pushing to husky... (0 => success)
0
0
=====================================================
============    12-01 08:05    ======================
=====================================================
no file for today... using yesterdays date
executing ./contour.py 2025 11 334
plotting sup...
plotting mic...
plotting hur...
plotting eri...
plotting ont...
quietly pushing to husky... (0 => success)
0
0
=====================================================
============    12-01 09:05    ======================
=====================================================
no file for today... using yesterdays date
executing ./contour.py 2025 11 334
plotting sup...
plotting mic...
plotting hur...
plotting eri...
plotting ont...
quietly pushing to husky... (0 => success)
0
0
=====================================================
============    12-01 10:05    ======================
=====================================================
no file for today... using yesterdays date
executing ./contour.py 2025 11 334
plotting sup...
plotting mic...
plotting hur...
plotting eri...
plotting ont...
quietly pushing to husky... (0 => success)
0
0
=====================================================
============    12-01 11:05    ======================
=====================================================
no file for today... using yesterdays date
executing ./contour.py 2025 11 334
plotting sup...
plotting mic...
plotting hur...
plotting eri...
plotting ont...
quietly pushing to husky... (0 => success)
0
0
=====================================================
============    12-01 12:05    ======================
=====================================================
no file for today... using yesterdays date
executing ./contour.py 2025 11 334
plotting sup...
plotting mic...
plotting hur...
plotting eri...
plotting ont...
quietly pushing to husky... (0 => success)
0
0
=====================================================
============    12-01 13:05    ======================
=====================================================
no file for today... using yesterdays date
executing ./contour.py 2025 11 334
plotting sup...
plotting mic...
plotting hur...
plotting eri...
plotting ont...
quietly pushing to husky... (0 => success)
0
0
=====================================================
============    12-01 14:05    ======================
=====================================================
no file for today... using yesterdays date
executing ./contour.py 2025 11 334
plotting sup...
plotting mic...
plotting hur...
plotting eri...
plotting ont...
quietly pushing to husky... (0 => success)
0
0
=====================================================
============    12-01 15:05    ======================
=====================================================
no file for today... using yesterdays date
executing ./contour.py 2025 11 334
plotting sup...
plotting mic...
plotting hur...
plotting eri...
plotting ont...
quietly pushing to husky... (0 => success)
0
0
=====================================================
============    12-01 16:05    ======================
=====================================================
no file for today... using yesterdays date
executing ./contour.py 2025 11 334
plotting sup...
plotting mic...
plotting hur...
plotting eri...
plotting ont...
quietly pushing to husky... (0 => success)
0
0
=====================================================
============    12-01 17:05    ======================
=====================================================
no file for today... using yesterdays date
executing ./contour.py 2025 11 334
plotting sup...
plotting mic...
plotting hur...
plotting eri...
plotting ont...
quietly pushing to husky... (0 => success)
0
0
=====================================================
============    12-01 18:05    ======================
=====================================================
no file for today... using yesterdays date
executing ./contour.py 2025 11 334
plotting sup...
plotting mic...
plotting hur...
plotting eri...
plotting ont...
quietly pushing to husky... (0 => success)
0
0
=====================================================
============    12-01 19:05    ======================
=====================================================
no file for today... using yesterdays date
executing ./contour.py 2025 11 334
plotting sup...
plotting mic...
plotting hur...
plotting eri...
plotting ont...
quietly pushing to husky... (0 => success)
0
0
=====================================================
============    12-01 20:05    ======================
=====================================================
no file for today... using yesterdays date
executing ./contour.py 2025 11 334
plotting sup...
plotting mic...
plotting hur...
plotting eri...
plotting ont...
quietly pushing to husky... (0 => success)
0
0
=====================================================
============    12-01 21:05    ======================
=====================================================
no file for today... using yesterdays date
executing ./contour.py 2025 11 334
plotting sup...
plotting mic...
plotting hur...
plotting eri...
plotting ont...
quietly pushing to husky... (0 => success)
0
0
=====================================================
============    12-01 22:05    ======================
=====================================================
no file for today... using yesterdays date
executing ./contour.py 2025 11 334
plotting sup...
plotting mic...
plotting hur...
plotting eri...
plotting ont...
quietly pushing to husky... (0 => success)
0
0
=====================================================
============    12-01 23:05    ======================
=====================================================
no file for today... using yesterdays date
executing ./contour.py 2025 11 334
plotting sup...
plotting mic...
plotting hur...
plotting eri...
plotting ont...
quietly pushing to husky... (0 => success)
0
0
=====================================================
============    12-02 00:05    ======================
=====================================================
no file for today... using yesterdays date
executing ./contour.py 2025 12 335
Traceback (most recent call last):
  File "/home/kessler/plot_gen/contour_glsea/./contour.py", line 22, in <module>
    lst_gl = np.matrix(pd.read_table(fin, skiprows=6, sep='\s+', header=None))
  File "/usr/local/lib64/python3.9/site-packages/pandas/io/parsers/readers.py", line 1403, in read_table
    return _read(filepath_or_buffer, kwds)
  File "/usr/local/lib64/python3.9/site-packages/pandas/io/parsers/readers.py", line 618, in _read
    parser = TextFileReader(filepath_or_buffer, **kwds)
  File "/usr/local/lib64/python3.9/site-packages/pandas/io/parsers/readers.py", line 1618, in __init__
    self._engine = self._make_engine(f, self.engine)
  File "/usr/local/lib64/python3.9/site-packages/pandas/io/parsers/readers.py", line 1878, in _make_engine
    self.handles = get_handle(
  File "/usr/local/lib64/python3.9/site-packages/pandas/io/common.py", line 873, in get_handle
    handle = open(
FileNotFoundError: [Errno 2] No such file or directory: '/mnt/cwdata/p/m/lcd//2025/12/2025_335_glsea.asc'
quietly pushing to husky... (0 => success)
0
0
=====================================================
============    12-02 01:05    ======================
=====================================================
no file for today... using yesterdays date
executing ./contour.py 2025 12 335
Traceback (most recent call last):
  File "/home/kessler/plot_gen/contour_glsea/./contour.py", line 22, in <module>
    lst_gl = np.matrix(pd.read_table(fin, skiprows=6, sep='\s+', header=None))
  File "/usr/local/lib64/python3.9/site-packages/pandas/io/parsers/readers.py", line 1403, in read_table
    return _read(filepath_or_buffer, kwds)
  File "/usr/local/lib64/python3.9/site-packages/pandas/io/parsers/readers.py", line 618, in _read
    parser = TextFileReader(filepath_or_buffer, **kwds)
  File "/usr/local/lib64/python3.9/site-packages/pandas/io/parsers/readers.py", line 1618, in __init__
    self._engine = self._make_engine(f, self.engine)
  File "/usr/local/lib64/python3.9/site-packages/pandas/io/parsers/readers.py", line 1878, in _make_engine
    self.handles = get_handle(
  File "/usr/local/lib64/python3.9/site-packages/pandas/io/common.py", line 873, in get_handle
    handle = open(
FileNotFoundError: [Errno 2] No such file or directory: '/mnt/cwdata/p/m/lcd//2025/12/2025_335_glsea.asc'
quietly pushing to husky... (0 => success)
0
0
=====================================================
============    12-02 02:05    ======================
=====================================================
no file for today... using yesterdays date
executing ./contour.py 2025 12 335
Traceback (most recent call last):
  File "/home/kessler/plot_gen/contour_glsea/./contour.py", line 22, in <module>
    lst_gl = np.matrix(pd.read_table(fin, skiprows=6, sep='\s+', header=None))
  File "/usr/local/lib64/python3.9/site-packages/pandas/io/parsers/readers.py", line 1403, in read_table
    return _read(filepath_or_buffer, kwds)
  File "/usr/local/lib64/python3.9/site-packages/pandas/io/parsers/readers.py", line 618, in _read
    parser = TextFileReader(filepath_or_buffer, **kwds)
  File "/usr/local/lib64/python3.9/site-packages/pandas/io/parsers/readers.py", line 1618, in __init__
    self._engine = self._make_engine(f, self.engine)
  File "/usr/local/lib64/python3.9/site-packages/pandas/io/parsers/readers.py", line 1878, in _make_engine
    self.handles = get_handle(
  File "/usr/local/lib64/python3.9/site-packages/pandas/io/common.py", line 873, in get_handle
    handle = open(
FileNotFoundError: [Errno 2] No such file or directory: '/mnt/cwdata/p/m/lcd//2025/12/2025_335_glsea.asc'
quietly pushing to husky... (0 => success)
0
0
=====================================================
============    12-02 03:05    ======================
=====================================================
no file for today... using yesterdays date
executing ./contour.py 2025 12 335
plotting sup...
plotting mic...
plotting hur...
plotting eri...
plotting ont...
quietly pushing to husky... (0 => success)
0
0
=====================================================
============    12-02 04:05    ======================
=====================================================
no file for today... using yesterdays date
executing ./contour.py 2025 12 335
plotting sup...
plotting mic...
plotting hur...
plotting eri...
plotting ont...
quietly pushing to husky... (0 => success)
0
0
=====================================================
============    12-02 05:05    ======================
=====================================================
no file for today... using yesterdays date
executing ./contour.py 2025 12 335
plotting sup...
plotting mic...
plotting hur...
plotting eri...
plotting ont...
quietly pushing to husky... (0 => success)
0
0
=====================================================
============    12-02 06:05    ======================
=====================================================
no file for today... using yesterdays date
executing ./contour.py 2025 12 335
plotting sup...
plotting mic...
plotting hur...
plotting eri...
plotting ont...
quietly pushing to husky... (0 => success)
0
0
=====================================================
============    12-02 07:05    ======================
=====================================================
no file for today... using yesterdays date
executing ./contour.py 2025 12 335
plotting sup...
plotting mic...
plotting hur...
plotting eri...
plotting ont...
quietly pushing to husky... (0 => success)
0
0
=====================================================
============    12-02 08:05    ======================
=====================================================
no file for today... using yesterdays date
executing ./contour.py 2025 12 335
plotting sup...
plotting mic...
plotting hur...
plotting eri...
plotting ont...
quietly pushing to husky... (0 => success)
0
0
=====================================================
============    12-02 09:05    ======================
=====================================================
no file for today... using yesterdays date
executing ./contour.py 2025 12 335
plotting sup...
plotting mic...
plotting hur...
plotting eri...
plotting ont...
quietly pushing to husky... (0 => success)
0
0
=====================================================
============    12-02 10:05    ======================
=====================================================
no file for today... using yesterdays date
executing ./contour.py 2025 12 335
plotting sup...
plotting mic...
plotting hur...
plotting eri...
plotting ont...
quietly pushing to husky... (0 => success)
0
0
=====================================================
============    12-02 11:05    ======================
=====================================================
no file for today... using yesterdays date
executing ./contour.py 2025 12 335
plotting sup...
plotting mic...
plotting hur...
plotting eri...
plotting ont...
quietly pushing to husky... (0 => success)
0
0
=====================================================
============    12-02 12:05    ======================
=====================================================
no file for today... using yesterdays date
executing ./contour.py 2025 12 335
plotting sup...
plotting mic...
plotting hur...
plotting eri...
plotting ont...
quietly pushing to husky... (0 => success)
0
0
=====================================================
============    12-02 13:05    ======================
=====================================================
no file for today... using yesterdays date
executing ./contour.py 2025 12 335
plotting sup...
plotting mic...
plotting hur...
plotting eri...
plotting ont...
quietly pushing to husky... (0 => success)
0
0
=====================================================
============    12-02 14:05    ======================
=====================================================
no file for today... using yesterdays date
executing ./contour.py 2025 12 335
plotting sup...
plotting mic...
plotting hur...
plotting eri...
plotting ont...
quietly pushing to husky... (0 => success)
0
0
=====================================================
============    12-02 15:05    ======================
=====================================================
no file for today... using yesterdays date
executing ./contour.py 2025 12 335
plotting sup...
plotting mic...
plotting hur...
plotting eri...
plotting ont...
quietly pushing to husky... (0 => success)
0
0
=====================================================
============    12-02 16:05    ======================
=====================================================
no file for today... using yesterdays date
executing ./contour.py 2025 12 335
plotting sup...
plotting mic...
plotting hur...
plotting eri...
plotting ont...
quietly pushing to husky... (0 => success)
0
0
=====================================================
============    12-02 17:05    ======================
=====================================================
no file for today... using yesterdays date
executing ./contour.py 2025 12 335
plotting sup...
plotting mic...
plotting hur...
plotting eri...
plotting ont...
quietly pushing to husky... (0 => success)
0
0
=====================================================
============    12-02 18:05    ======================
=====================================================
no file for today... using yesterdays date
executing ./contour.py 2025 12 335
plotting sup...
plotting mic...
plotting hur...
plotting eri...
plotting ont...
quietly pushing to husky... (0 => success)
0
0
=====================================================
============    12-02 19:05    ======================
=====================================================
no file for today... using yesterdays date
executing ./contour.py 2025 12 335
plotting sup...
plotting mic...
plotting hur...
plotting eri...
plotting ont...
quietly pushing to husky... (0 => success)
0
0
=====================================================
============    12-02 20:05    ======================
=====================================================
no file for today... using yesterdays date
executing ./contour.py 2025 12 335
plotting sup...
plotting mic...
plotting hur...
plotting eri...
plotting ont...
quietly pushing to husky... (0 => success)
0
0
=====================================================
============    12-02 21:05    ======================
=====================================================
no file for today... using yesterdays date
executing ./contour.py 2025 12 335
plotting sup...
plotting mic...
plotting hur...
plotting eri...
plotting ont...
quietly pushing to husky... (0 => success)
0
0
=====================================================
============    12-02 22:05    ======================
=====================================================
no file for today... using yesterdays date
executing ./contour.py 2025 12 335
plotting sup...
plotting mic...
plotting hur...
plotting eri...
plotting ont...
quietly pushing to husky... (0 => success)
0
0
=====================================================
============    12-02 23:05    ======================
=====================================================
no file for today... using yesterdays date
executing ./contour.py 2025 12 335
plotting sup...
plotting mic...
plotting hur...
plotting eri...
plotting ont...
quietly pushing to husky... (0 => success)
0
0
=====================================================
============    12-03 00:05    ======================
=====================================================
no file for today... using yesterdays date
executing ./contour.py 2025 12 336
Traceback (most recent call last):
  File "/home/kessler/plot_gen/contour_glsea/./contour.py", line 22, in <module>
    lst_gl = np.matrix(pd.read_table(fin, skiprows=6, sep='\s+', header=None))
  File "/usr/local/lib64/python3.9/site-packages/pandas/io/parsers/readers.py", line 1403, in read_table
    return _read(filepath_or_buffer, kwds)
  File "/usr/local/lib64/python3.9/site-packages/pandas/io/parsers/readers.py", line 618, in _read
    parser = TextFileReader(filepath_or_buffer, **kwds)
  File "/usr/local/lib64/python3.9/site-packages/pandas/io/parsers/readers.py", line 1618, in __init__
    self._engine = self._make_engine(f, self.engine)
  File "/usr/local/lib64/python3.9/site-packages/pandas/io/parsers/readers.py", line 1878, in _make_engine
    self.handles = get_handle(
  File "/usr/local/lib64/python3.9/site-packages/pandas/io/common.py", line 873, in get_handle
    handle = open(
FileNotFoundError: [Errno 2] No such file or directory: '/mnt/cwdata/p/m/lcd//2025/12/2025_336_glsea.asc'
quietly pushing to husky... (0 => success)
0
0
=====================================================
============    12-03 01:05    ======================
=====================================================
no file for today... using yesterdays date
executing ./contour.py 2025 12 336
Traceback (most recent call last):
  File "/home/kessler/plot_gen/contour_glsea/./contour.py", line 22, in <module>
    lst_gl = np.matrix(pd.read_table(fin, skiprows=6, sep='\s+', header=None))
  File "/usr/local/lib64/python3.9/site-packages/pandas/io/parsers/readers.py", line 1403, in read_table
    return _read(filepath_or_buffer, kwds)
  File "/usr/local/lib64/python3.9/site-packages/pandas/io/parsers/readers.py", line 618, in _read
    parser = TextFileReader(filepath_or_buffer, **kwds)
  File "/usr/local/lib64/python3.9/site-packages/pandas/io/parsers/readers.py", line 1618, in __init__
    self._engine = self._make_engine(f, self.engine)
  File "/usr/local/lib64/python3.9/site-packages/pandas/io/parsers/readers.py", line 1878, in _make_engine
    self.handles = get_handle(
  File "/usr/local/lib64/python3.9/site-packages/pandas/io/common.py", line 873, in get_handle
    handle = open(
FileNotFoundError: [Errno 2] No such file or directory: '/mnt/cwdata/p/m/lcd//2025/12/2025_336_glsea.asc'
quietly pushing to husky... (0 => success)
0
0
=====================================================
============    12-03 02:05    ======================
=====================================================
no file for today... using yesterdays date
executing ./contour.py 2025 12 336
Traceback (most recent call last):
  File "/home/kessler/plot_gen/contour_glsea/./contour.py", line 22, in <module>
    lst_gl = np.matrix(pd.read_table(fin, skiprows=6, sep='\s+', header=None))
  File "/usr/local/lib64/python3.9/site-packages/pandas/io/parsers/readers.py", line 1403, in read_table
    return _read(filepath_or_buffer, kwds)
  File "/usr/local/lib64/python3.9/site-packages/pandas/io/parsers/readers.py", line 618, in _read
    parser = TextFileReader(filepath_or_buffer, **kwds)
  File "/usr/local/lib64/python3.9/site-packages/pandas/io/parsers/readers.py", line 1618, in __init__
    self._engine = self._make_engine(f, self.engine)
  File "/usr/local/lib64/python3.9/site-packages/pandas/io/parsers/readers.py", line 1878, in _make_engine
    self.handles = get_handle(
  File "/usr/local/lib64/python3.9/site-packages/pandas/io/common.py", line 873, in get_handle
    handle = open(
FileNotFoundError: [Errno 2] No such file or directory: '/mnt/cwdata/p/m/lcd//2025/12/2025_336_glsea.asc'
quietly pushing to husky... (0 => success)
0
0
=====================================================
============    12-03 03:05    ======================
=====================================================
no file for today... using yesterdays date
executing ./contour.py 2025 12 336
plotting sup...
plotting mic...
plotting hur...
plotting eri...
plotting ont...
quietly pushing to husky... (0 => success)
0
0
=====================================================
============    12-03 04:05    ======================
=====================================================
no file for today... using yesterdays date
executing ./contour.py 2025 12 336
plotting sup...
plotting mic...
plotting hur...
plotting eri...
plotting ont...
quietly pushing to husky... (0 => success)
0
0
=====================================================
============    12-03 05:05    ======================
=====================================================
no file for today... using yesterdays date
executing ./contour.py 2025 12 336
plotting sup...
plotting mic...
plotting hur...
plotting eri...
plotting ont...
quietly pushing to husky... (0 => success)
0
0
=====================================================
============    12-03 06:05    ======================
=====================================================
no file for today... using yesterdays date
executing ./contour.py 2025 12 336
plotting sup...
plotting mic...
plotting hur...
plotting eri...
plotting ont...
quietly pushing to husky... (0 => success)
0
0
=====================================================
============    12-03 07:05    ======================
=====================================================
no file for today... using yesterdays date
executing ./contour.py 2025 12 336
plotting sup...
plotting mic...
plotting hur...
plotting eri...
plotting ont...
quietly pushing to husky... (0 => success)
0
0
=====================================================
============    12-03 08:05    ======================
=====================================================
no file for today... using yesterdays date
executing ./contour.py 2025 12 336
plotting sup...
plotting mic...
plotting hur...
plotting eri...
plotting ont...
quietly pushing to husky... (0 => success)
0
0
=====================================================
============    12-03 09:05    ======================
=====================================================
no file for today... using yesterdays date
executing ./contour.py 2025 12 336
plotting sup...
plotting mic...
plotting hur...
plotting eri...
plotting ont...
quietly pushing to husky... (0 => success)
0
0
=====================================================
============    12-03 10:05    ======================
=====================================================
no file for today... using yesterdays date
executing ./contour.py 2025 12 336
plotting sup...
plotting mic...
plotting hur...
plotting eri...
plotting ont...
quietly pushing to husky... (0 => success)
0
0
=====================================================
============    12-03 11:05    ======================
=====================================================
no file for today... using yesterdays date
executing ./contour.py 2025 12 336
plotting sup...
plotting mic...
plotting hur...
plotting eri...
plotting ont...
quietly pushing to husky... (0 => success)
0
0
=====================================================
============    12-03 12:05    ======================
=====================================================
no file for today... using yesterdays date
executing ./contour.py 2025 12 336
plotting sup...
plotting mic...
plotting hur...
plotting eri...
plotting ont...
quietly pushing to husky... (0 => success)
0
0
=====================================================
============    12-03 13:05    ======================
=====================================================
no file for today... using yesterdays date
executing ./contour.py 2025 12 336
plotting sup...
plotting mic...
plotting hur...
plotting eri...
plotting ont...
quietly pushing to husky... (0 => success)
0
0
=====================================================
============    12-03 14:05    ======================
=====================================================
no file for today... using yesterdays date
executing ./contour.py 2025 12 336
plotting sup...
plotting mic...
plotting hur...
plotting eri...
plotting ont...
quietly pushing to husky... (0 => success)
0
0
=====================================================
============    12-03 15:05    ======================
=====================================================
no file for today... using yesterdays date
executing ./contour.py 2025 12 336
plotting sup...
plotting mic...
plotting hur...
plotting eri...
plotting ont...
quietly pushing to husky... (0 => success)
0
0
=====================================================
============    12-03 16:05    ======================
=====================================================
no file for today... using yesterdays date
executing ./contour.py 2025 12 336
plotting sup...
plotting mic...
plotting hur...
plotting eri...
plotting ont...
quietly pushing to husky... (0 => success)
0
0
=====================================================
============    12-03 17:05    ======================
=====================================================
no file for today... using yesterdays date
executing ./contour.py 2025 12 336
plotting sup...
plotting mic...
plotting hur...
plotting eri...
plotting ont...
quietly pushing to husky... (0 => success)
0
0
=====================================================
============    12-03 18:05    ======================
=====================================================
no file for today... using yesterdays date
executing ./contour.py 2025 12 336
plotting sup...
plotting mic...
plotting hur...
plotting eri...
plotting ont...
quietly pushing to husky... (0 => success)
0
0
=====================================================
============    12-03 19:05    ======================
=====================================================
no file for today... using yesterdays date
executing ./contour.py 2025 12 336
plotting sup...
plotting mic...
plotting hur...
plotting eri...
plotting ont...
quietly pushing to husky... (0 => success)
0
0
=====================================================
============    12-03 20:05    ======================
=====================================================
no file for today... using yesterdays date
executing ./contour.py 2025 12 336
plotting sup...
plotting mic...
plotting hur...
plotting eri...
plotting ont...
quietly pushing to husky... (0 => success)
0
0
=====================================================
============    12-03 21:05    ======================
=====================================================
no file for today... using yesterdays date
executing ./contour.py 2025 12 336
plotting sup...
plotting mic...
plotting hur...
plotting eri...
plotting ont...
quietly pushing to husky... (0 => success)
0
0
=====================================================
============    12-03 22:05    ======================
=====================================================
no file for today... using yesterdays date
executing ./contour.py 2025 12 336
plotting sup...
plotting mic...
plotting hur...
plotting eri...
plotting ont...
quietly pushing to husky... (0 => success)
0
0
=====================================================
============    12-03 23:05    ======================
=====================================================
no file for today... using yesterdays date
executing ./contour.py 2025 12 336
plotting sup...
plotting mic...
plotting hur...
plotting eri...
plotting ont...
quietly pushing to husky... (0 => success)
0
0
=====================================================
============    12-04 00:05    ======================
=====================================================
no file for today... using yesterdays date
executing ./contour.py 2025 12 337
Traceback (most recent call last):
  File "/home/kessler/plot_gen/contour_glsea/./contour.py", line 22, in <module>
    lst_gl = np.matrix(pd.read_table(fin, skiprows=6, sep='\s+', header=None))
  File "/usr/local/lib64/python3.9/site-packages/pandas/io/parsers/readers.py", line 1403, in read_table
    return _read(filepath_or_buffer, kwds)
  File "/usr/local/lib64/python3.9/site-packages/pandas/io/parsers/readers.py", line 618, in _read
    parser = TextFileReader(filepath_or_buffer, **kwds)
  File "/usr/local/lib64/python3.9/site-packages/pandas/io/parsers/readers.py", line 1618, in __init__
    self._engine = self._make_engine(f, self.engine)
  File "/usr/local/lib64/python3.9/site-packages/pandas/io/parsers/readers.py", line 1878, in _make_engine
    self.handles = get_handle(
  File "/usr/local/lib64/python3.9/site-packages/pandas/io/common.py", line 873, in get_handle
    handle = open(
FileNotFoundError: [Errno 2] No such file or directory: '/mnt/cwdata/p/m/lcd//2025/12/2025_337_glsea.asc'
quietly pushing to husky... (0 => success)
0
0
=====================================================
============    12-04 01:05    ======================
=====================================================
no file for today... using yesterdays date
executing ./contour.py 2025 12 337
Traceback (most recent call last):
  File "/home/kessler/plot_gen/contour_glsea/./contour.py", line 22, in <module>
    lst_gl = np.matrix(pd.read_table(fin, skiprows=6, sep='\s+', header=None))
  File "/usr/local/lib64/python3.9/site-packages/pandas/io/parsers/readers.py", line 1403, in read_table
    return _read(filepath_or_buffer, kwds)
  File "/usr/local/lib64/python3.9/site-packages/pandas/io/parsers/readers.py", line 618, in _read
    parser = TextFileReader(filepath_or_buffer, **kwds)
  File "/usr/local/lib64/python3.9/site-packages/pandas/io/parsers/readers.py", line 1618, in __init__
    self._engine = self._make_engine(f, self.engine)
  File "/usr/local/lib64/python3.9/site-packages/pandas/io/parsers/readers.py", line 1878, in _make_engine
    self.handles = get_handle(
  File "/usr/local/lib64/python3.9/site-packages/pandas/io/common.py", line 873, in get_handle
    handle = open(
FileNotFoundError: [Errno 2] No such file or directory: '/mnt/cwdata/p/m/lcd//2025/12/2025_337_glsea.asc'
quietly pushing to husky... (0 => success)
0
0
=====================================================
============    12-04 02:05    ======================
=====================================================
no file for today... using yesterdays date
executing ./contour.py 2025 12 337
Traceback (most recent call last):
  File "/home/kessler/plot_gen/contour_glsea/./contour.py", line 22, in <module>
    lst_gl = np.matrix(pd.read_table(fin, skiprows=6, sep='\s+', header=None))
  File "/usr/local/lib64/python3.9/site-packages/pandas/io/parsers/readers.py", line 1403, in read_table
    return _read(filepath_or_buffer, kwds)
  File "/usr/local/lib64/python3.9/site-packages/pandas/io/parsers/readers.py", line 618, in _read
    parser = TextFileReader(filepath_or_buffer, **kwds)
  File "/usr/local/lib64/python3.9/site-packages/pandas/io/parsers/readers.py", line 1618, in __init__
    self._engine = self._make_engine(f, self.engine)
  File "/usr/local/lib64/python3.9/site-packages/pandas/io/parsers/readers.py", line 1878, in _make_engine
    self.handles = get_handle(
  File "/usr/local/lib64/python3.9/site-packages/pandas/io/common.py", line 873, in get_handle
    handle = open(
FileNotFoundError: [Errno 2] No such file or directory: '/mnt/cwdata/p/m/lcd//2025/12/2025_337_glsea.asc'
quietly pushing to husky... (0 => success)
0
0
=====================================================
============    12-04 03:05    ======================
=====================================================
no file for today... using yesterdays date
executing ./contour.py 2025 12 337
plotting sup...
plotting mic...
plotting hur...
plotting eri...
plotting ont...
quietly pushing to husky... (0 => success)
0
0
=====================================================
============    12-04 04:05    ======================
=====================================================
no file for today... using yesterdays date
executing ./contour.py 2025 12 337
plotting sup...
plotting mic...
plotting hur...
plotting eri...
plotting ont...
quietly pushing to husky... (0 => success)
0
0
=====================================================
============    12-04 05:05    ======================
=====================================================
no file for today... using yesterdays date
executing ./contour.py 2025 12 337
plotting sup...
plotting mic...
plotting hur...
plotting eri...
plotting ont...
quietly pushing to husky... (0 => success)
0
0
=====================================================
============    12-04 06:05    ======================
=====================================================
no file for today... using yesterdays date
executing ./contour.py 2025 12 337
plotting sup...
plotting mic...
plotting hur...
plotting eri...
plotting ont...
quietly pushing to husky... (0 => success)
0
0
=====================================================
============    12-04 07:05    ======================
=====================================================
no file for today... using yesterdays date
executing ./contour.py 2025 12 337
plotting sup...
plotting mic...
plotting hur...
plotting eri...
plotting ont...
quietly pushing to husky... (0 => success)
0
0
=====================================================
============    12-04 08:05    ======================
=====================================================
no file for today... using yesterdays date
executing ./contour.py 2025 12 337
plotting sup...
plotting mic...
plotting hur...
plotting eri...
plotting ont...
quietly pushing to husky... (0 => success)
0
0
=====================================================
============    12-04 09:05    ======================
=====================================================
no file for today... using yesterdays date
executing ./contour.py 2025 12 337
plotting sup...
plotting mic...
plotting hur...
plotting eri...
plotting ont...
quietly pushing to husky... (0 => success)
0
0
=====================================================
============    12-04 10:05    ======================
=====================================================
no file for today... using yesterdays date
executing ./contour.py 2025 12 337
plotting sup...
plotting mic...
plotting hur...
plotting eri...
plotting ont...
quietly pushing to husky... (0 => success)
0
0
=====================================================
============    12-04 11:05    ======================
=====================================================
no file for today... using yesterdays date
executing ./contour.py 2025 12 337
plotting sup...
plotting mic...
plotting hur...
plotting eri...
plotting ont...
quietly pushing to husky... (0 => success)
0
0
=====================================================
============    12-04 12:05    ======================
=====================================================
no file for today... using yesterdays date
executing ./contour.py 2025 12 337
plotting sup...
plotting mic...
plotting hur...
plotting eri...
plotting ont...
quietly pushing to husky... (0 => success)
0
0
=====================================================
============    12-04 13:05    ======================
=====================================================
no file for today... using yesterdays date
executing ./contour.py 2025 12 337
plotting sup...
plotting mic...
plotting hur...
plotting eri...
plotting ont...
quietly pushing to husky... (0 => success)
0
0
=====================================================
============    12-04 14:05    ======================
=====================================================
no file for today... using yesterdays date
executing ./contour.py 2025 12 337
plotting sup...
plotting mic...
plotting hur...
plotting eri...
plotting ont...
quietly pushing to husky... (0 => success)
0
0
=====================================================
============    12-04 15:05    ======================
=====================================================
no file for today... using yesterdays date
executing ./contour.py 2025 12 337
plotting sup...
plotting mic...
plotting hur...
plotting eri...
plotting ont...
quietly pushing to husky... (0 => success)
0
0
=====================================================
============    12-04 16:05    ======================
=====================================================
no file for today... using yesterdays date
executing ./contour.py 2025 12 337
plotting sup...
plotting mic...
plotting hur...
plotting eri...
plotting ont...
quietly pushing to husky... (0 => success)
0
0
=====================================================
============    12-04 17:05    ======================
=====================================================
no file for today... using yesterdays date
executing ./contour.py 2025 12 337
plotting sup...
plotting mic...
plotting hur...
plotting eri...
plotting ont...
quietly pushing to husky... (0 => success)
0
0
=====================================================
============    12-04 18:05    ======================
=====================================================
no file for today... using yesterdays date
executing ./contour.py 2025 12 337
plotting sup...
plotting mic...
plotting hur...
plotting eri...
plotting ont...
quietly pushing to husky... (0 => success)
0
0
=====================================================
============    12-04 19:05    ======================
=====================================================
no file for today... using yesterdays date
executing ./contour.py 2025 12 337
plotting sup...
plotting mic...
plotting hur...
plotting eri...
plotting ont...
quietly pushing to husky... (0 => success)
0
0
=====================================================
============    12-04 20:05    ======================
=====================================================
no file for today... using yesterdays date
executing ./contour.py 2025 12 337
plotting sup...
plotting mic...
plotting hur...
plotting eri...
plotting ont...
quietly pushing to husky... (0 => success)
0
0
=====================================================
============    12-04 21:05    ======================
=====================================================
no file for today... using yesterdays date
executing ./contour.py 2025 12 337
plotting sup...
plotting mic...
plotting hur...
plotting eri...
plotting ont...
quietly pushing to husky... (0 => success)
0
0
=====================================================
============    12-04 22:05    ======================
=====================================================
no file for today... using yesterdays date
executing ./contour.py 2025 12 337
plotting sup...
plotting mic...
plotting hur...
plotting eri...
plotting ont...
quietly pushing to husky... (0 => success)
0
0
=====================================================
============    12-04 23:05    ======================
=====================================================
no file for today... using yesterdays date
executing ./contour.py 2025 12 337
plotting sup...
plotting mic...
plotting hur...
plotting eri...
plotting ont...
quietly pushing to husky... (0 => success)
0
0
=====================================================
============    12-05 00:05    ======================
=====================================================
no file for today... using yesterdays date
executing ./contour.py 2025 12 338
Traceback (most recent call last):
  File "/home/kessler/plot_gen/contour_glsea/./contour.py", line 22, in <module>
    lst_gl = np.matrix(pd.read_table(fin, skiprows=6, sep='\s+', header=None))
  File "/usr/local/lib64/python3.9/site-packages/pandas/io/parsers/readers.py", line 1403, in read_table
    return _read(filepath_or_buffer, kwds)
  File "/usr/local/lib64/python3.9/site-packages/pandas/io/parsers/readers.py", line 618, in _read
    parser = TextFileReader(filepath_or_buffer, **kwds)
  File "/usr/local/lib64/python3.9/site-packages/pandas/io/parsers/readers.py", line 1618, in __init__
    self._engine = self._make_engine(f, self.engine)
  File "/usr/local/lib64/python3.9/site-packages/pandas/io/parsers/readers.py", line 1878, in _make_engine
    self.handles = get_handle(
  File "/usr/local/lib64/python3.9/site-packages/pandas/io/common.py", line 873, in get_handle
    handle = open(
FileNotFoundError: [Errno 2] No such file or directory: '/mnt/cwdata/p/m/lcd//2025/12/2025_338_glsea.asc'
quietly pushing to husky... (0 => success)
0
0
=====================================================
============    12-05 01:05    ======================
=====================================================
no file for today... using yesterdays date
executing ./contour.py 2025 12 338
Traceback (most recent call last):
  File "/home/kessler/plot_gen/contour_glsea/./contour.py", line 22, in <module>
    lst_gl = np.matrix(pd.read_table(fin, skiprows=6, sep='\s+', header=None))
  File "/usr/local/lib64/python3.9/site-packages/pandas/io/parsers/readers.py", line 1403, in read_table
    return _read(filepath_or_buffer, kwds)
  File "/usr/local/lib64/python3.9/site-packages/pandas/io/parsers/readers.py", line 618, in _read
    parser = TextFileReader(filepath_or_buffer, **kwds)
  File "/usr/local/lib64/python3.9/site-packages/pandas/io/parsers/readers.py", line 1618, in __init__
    self._engine = self._make_engine(f, self.engine)
  File "/usr/local/lib64/python3.9/site-packages/pandas/io/parsers/readers.py", line 1878, in _make_engine
    self.handles = get_handle(
  File "/usr/local/lib64/python3.9/site-packages/pandas/io/common.py", line 873, in get_handle
    handle = open(
FileNotFoundError: [Errno 2] No such file or directory: '/mnt/cwdata/p/m/lcd//2025/12/2025_338_glsea.asc'
quietly pushing to husky... (0 => success)
0
0
=====================================================
============    12-05 02:05    ======================
=====================================================
no file for today... using yesterdays date
executing ./contour.py 2025 12 338
Traceback (most recent call last):
  File "/home/kessler/plot_gen/contour_glsea/./contour.py", line 22, in <module>
    lst_gl = np.matrix(pd.read_table(fin, skiprows=6, sep='\s+', header=None))
  File "/usr/local/lib64/python3.9/site-packages/pandas/io/parsers/readers.py", line 1403, in read_table
    return _read(filepath_or_buffer, kwds)
  File "/usr/local/lib64/python3.9/site-packages/pandas/io/parsers/readers.py", line 618, in _read
    parser = TextFileReader(filepath_or_buffer, **kwds)
  File "/usr/local/lib64/python3.9/site-packages/pandas/io/parsers/readers.py", line 1618, in __init__
    self._engine = self._make_engine(f, self.engine)
  File "/usr/local/lib64/python3.9/site-packages/pandas/io/parsers/readers.py", line 1878, in _make_engine
    self.handles = get_handle(
  File "/usr/local/lib64/python3.9/site-packages/pandas/io/common.py", line 873, in get_handle
    handle = open(
FileNotFoundError: [Errno 2] No such file or directory: '/mnt/cwdata/p/m/lcd//2025/12/2025_338_glsea.asc'
quietly pushing to husky... (0 => success)
0
0
=====================================================
============    12-05 03:05    ======================
=====================================================
no file for today... using yesterdays date
executing ./contour.py 2025 12 338
plotting sup...
plotting mic...
plotting hur...
plotting eri...
plotting ont...
quietly pushing to husky... (0 => success)
0
0
=====================================================
============    12-05 04:05    ======================
=====================================================
no file for today... using yesterdays date
executing ./contour.py 2025 12 338
plotting sup...
plotting mic...
plotting hur...
plotting eri...
plotting ont...
quietly pushing to husky... (0 => success)
0
0
=====================================================
============    12-05 05:05    ======================
=====================================================
no file for today... using yesterdays date
executing ./contour.py 2025 12 338
plotting sup...
plotting mic...
plotting hur...
plotting eri...
plotting ont...
quietly pushing to husky... (0 => success)
0
0
=====================================================
============    12-05 06:05    ======================
=====================================================
no file for today... using yesterdays date
executing ./contour.py 2025 12 338
plotting sup...
plotting mic...
plotting hur...
plotting eri...
plotting ont...
quietly pushing to husky... (0 => success)
0
0
=====================================================
============    12-05 07:05    ======================
=====================================================
no file for today... using yesterdays date
executing ./contour.py 2025 12 338
plotting sup...
plotting mic...
plotting hur...
plotting eri...
plotting ont...
quietly pushing to husky... (0 => success)
0
0
=====================================================
============    12-05 08:05    ======================
=====================================================
no file for today... using yesterdays date
executing ./contour.py 2025 12 338
plotting sup...
plotting mic...
plotting hur...
plotting eri...
plotting ont...
quietly pushing to husky... (0 => success)
0
0
=====================================================
============    12-05 09:05    ======================
=====================================================
no file for today... using yesterdays date
executing ./contour.py 2025 12 338
plotting sup...
plotting mic...
plotting hur...
plotting eri...
plotting ont...
quietly pushing to husky... (0 => success)
0
0
=====================================================
============    12-05 10:05    ======================
=====================================================
no file for today... using yesterdays date
executing ./contour.py 2025 12 338
plotting sup...
plotting mic...
plotting hur...
plotting eri...
plotting ont...
quietly pushing to husky... (0 => success)
0
0
=====================================================
============    12-05 11:05    ======================
=====================================================
no file for today... using yesterdays date
executing ./contour.py 2025 12 338
plotting sup...
plotting mic...
plotting hur...
plotting eri...
plotting ont...
quietly pushing to husky... (0 => success)
0
0
=====================================================
============    12-05 12:05    ======================
=====================================================
no file for today... using yesterdays date
executing ./contour.py 2025 12 338
plotting sup...
plotting mic...
plotting hur...
plotting eri...
plotting ont...
quietly pushing to husky... (0 => success)
0
0
=====================================================
============    12-05 13:05    ======================
=====================================================
no file for today... using yesterdays date
executing ./contour.py 2025 12 338
plotting sup...
plotting mic...
plotting hur...
plotting eri...
plotting ont...
quietly pushing to husky... (0 => success)
0
0
=====================================================
============    12-05 14:05    ======================
=====================================================
no file for today... using yesterdays date
executing ./contour.py 2025 12 338
plotting sup...
plotting mic...
plotting hur...
plotting eri...
plotting ont...
quietly pushing to husky... (0 => success)
0
0
=====================================================
============    12-05 15:05    ======================
=====================================================
no file for today... using yesterdays date
executing ./contour.py 2025 12 338
plotting sup...
plotting mic...
plotting hur...
plotting eri...
plotting ont...
quietly pushing to husky... (0 => success)
0
0
=====================================================
============    12-05 16:05    ======================
=====================================================
no file for today... using yesterdays date
executing ./contour.py 2025 12 338
plotting sup...
plotting mic...
plotting hur...
plotting eri...
plotting ont...
quietly pushing to husky... (0 => success)
0
0
=====================================================
============    12-05 17:05    ======================
=====================================================
no file for today... using yesterdays date
executing ./contour.py 2025 12 338
plotting sup...
plotting mic...
plotting hur...
plotting eri...
plotting ont...
quietly pushing to husky... (0 => success)
0
0
=====================================================
============    12-05 18:05    ======================
=====================================================
no file for today... using yesterdays date
executing ./contour.py 2025 12 338
plotting sup...
plotting mic...
plotting hur...
plotting eri...
plotting ont...
quietly pushing to husky... (0 => success)
0
0
=====================================================
============    12-05 19:05    ======================
=====================================================
no file for today... using yesterdays date
executing ./contour.py 2025 12 338
plotting sup...
plotting mic...
plotting hur...
plotting eri...
plotting ont...
quietly pushing to husky... (0 => success)
0
0
=====================================================
============    12-05 20:05    ======================
=====================================================
no file for today... using yesterdays date
executing ./contour.py 2025 12 338
plotting sup...
plotting mic...
plotting hur...
plotting eri...
plotting ont...
quietly pushing to husky... (0 => success)
0
0
=====================================================
============    12-05 21:05    ======================
=====================================================
no file for today... using yesterdays date
executing ./contour.py 2025 12 338
plotting sup...
plotting mic...
plotting hur...
plotting eri...
plotting ont...
quietly pushing to husky... (0 => success)
0
0
=====================================================
============    12-05 22:05    ======================
=====================================================
no file for today... using yesterdays date
executing ./contour.py 2025 12 338
plotting sup...
plotting mic...
plotting hur...
plotting eri...
plotting ont...
quietly pushing to husky... (0 => success)
0
0
=====================================================
============    12-05 23:05    ======================
=====================================================
no file for today... using yesterdays date
executing ./contour.py 2025 12 338
plotting sup...
plotting mic...
plotting hur...
plotting eri...
plotting ont...
quietly pushing to husky... (0 => success)
0
0
=====================================================
============    12-06 00:05    ======================
=====================================================
no file for today... using yesterdays date
executing ./contour.py 2025 12 339
Traceback (most recent call last):
  File "/home/kessler/plot_gen/contour_glsea/./contour.py", line 22, in <module>
    lst_gl = np.matrix(pd.read_table(fin, skiprows=6, sep='\s+', header=None))
  File "/usr/local/lib64/python3.9/site-packages/pandas/io/parsers/readers.py", line 1403, in read_table
    return _read(filepath_or_buffer, kwds)
  File "/usr/local/lib64/python3.9/site-packages/pandas/io/parsers/readers.py", line 618, in _read
    parser = TextFileReader(filepath_or_buffer, **kwds)
  File "/usr/local/lib64/python3.9/site-packages/pandas/io/parsers/readers.py", line 1618, in __init__
    self._engine = self._make_engine(f, self.engine)
  File "/usr/local/lib64/python3.9/site-packages/pandas/io/parsers/readers.py", line 1878, in _make_engine
    self.handles = get_handle(
  File "/usr/local/lib64/python3.9/site-packages/pandas/io/common.py", line 873, in get_handle
    handle = open(
FileNotFoundError: [Errno 2] No such file or directory: '/mnt/cwdata/p/m/lcd//2025/12/2025_339_glsea.asc'
quietly pushing to husky... (0 => success)
0
0
=====================================================
============    12-06 01:05    ======================
=====================================================
no file for today... using yesterdays date
executing ./contour.py 2025 12 339
Traceback (most recent call last):
  File "/home/kessler/plot_gen/contour_glsea/./contour.py", line 22, in <module>
    lst_gl = np.matrix(pd.read_table(fin, skiprows=6, sep='\s+', header=None))
  File "/usr/local/lib64/python3.9/site-packages/pandas/io/parsers/readers.py", line 1403, in read_table
    return _read(filepath_or_buffer, kwds)
  File "/usr/local/lib64/python3.9/site-packages/pandas/io/parsers/readers.py", line 618, in _read
    parser = TextFileReader(filepath_or_buffer, **kwds)
  File "/usr/local/lib64/python3.9/site-packages/pandas/io/parsers/readers.py", line 1618, in __init__
    self._engine = self._make_engine(f, self.engine)
  File "/usr/local/lib64/python3.9/site-packages/pandas/io/parsers/readers.py", line 1878, in _make_engine
    self.handles = get_handle(
  File "/usr/local/lib64/python3.9/site-packages/pandas/io/common.py", line 873, in get_handle
    handle = open(
FileNotFoundError: [Errno 2] No such file or directory: '/mnt/cwdata/p/m/lcd//2025/12/2025_339_glsea.asc'
quietly pushing to husky... (0 => success)
0
0
=====================================================
============    12-06 02:05    ======================
=====================================================
no file for today... using yesterdays date
executing ./contour.py 2025 12 339
Traceback (most recent call last):
  File "/home/kessler/plot_gen/contour_glsea/./contour.py", line 22, in <module>
    lst_gl = np.matrix(pd.read_table(fin, skiprows=6, sep='\s+', header=None))
  File "/usr/local/lib64/python3.9/site-packages/pandas/io/parsers/readers.py", line 1403, in read_table
    return _read(filepath_or_buffer, kwds)
  File "/usr/local/lib64/python3.9/site-packages/pandas/io/parsers/readers.py", line 618, in _read
    parser = TextFileReader(filepath_or_buffer, **kwds)
  File "/usr/local/lib64/python3.9/site-packages/pandas/io/parsers/readers.py", line 1618, in __init__
    self._engine = self._make_engine(f, self.engine)
  File "/usr/local/lib64/python3.9/site-packages/pandas/io/parsers/readers.py", line 1878, in _make_engine
    self.handles = get_handle(
  File "/usr/local/lib64/python3.9/site-packages/pandas/io/common.py", line 873, in get_handle
    handle = open(
FileNotFoundError: [Errno 2] No such file or directory: '/mnt/cwdata/p/m/lcd//2025/12/2025_339_glsea.asc'
quietly pushing to husky... (0 => success)
0
0
=====================================================
============    12-06 03:05    ======================
=====================================================
no file for today... using yesterdays date
executing ./contour.py 2025 12 339
plotting sup...
plotting mic...
plotting hur...
plotting eri...
plotting ont...
quietly pushing to husky... (0 => success)
0
0
=====================================================
============    12-06 04:05    ======================
=====================================================
no file for today... using yesterdays date
executing ./contour.py 2025 12 339
plotting sup...
plotting mic...
plotting hur...
plotting eri...
plotting ont...
quietly pushing to husky... (0 => success)
0
0
=====================================================
============    12-06 05:05    ======================
=====================================================
no file for today... using yesterdays date
executing ./contour.py 2025 12 339
plotting sup...
plotting mic...
plotting hur...
plotting eri...
plotting ont...
quietly pushing to husky... (0 => success)
0
0
=====================================================
============    12-06 06:05    ======================
=====================================================
no file for today... using yesterdays date
executing ./contour.py 2025 12 339
plotting sup...
plotting mic...
plotting hur...
plotting eri...
plotting ont...
quietly pushing to husky... (0 => success)
0
0
=====================================================
============    12-06 07:05    ======================
=====================================================
no file for today... using yesterdays date
executing ./contour.py 2025 12 339
plotting sup...
plotting mic...
plotting hur...
plotting eri...
plotting ont...
quietly pushing to husky... (0 => success)
0
0
=====================================================
============    12-06 08:05    ======================
=====================================================
no file for today... using yesterdays date
executing ./contour.py 2025 12 339
plotting sup...
plotting mic...
plotting hur...
plotting eri...
plotting ont...
quietly pushing to husky... (0 => success)
0
0
=====================================================
============    12-06 09:05    ======================
=====================================================
no file for today... using yesterdays date
executing ./contour.py 2025 12 339
plotting sup...
plotting mic...
plotting hur...
plotting eri...
plotting ont...
quietly pushing to husky... (0 => success)
0
0
=====================================================
============    12-06 10:05    ======================
=====================================================
no file for today... using yesterdays date
executing ./contour.py 2025 12 339
plotting sup...
plotting mic...
plotting hur...
plotting eri...
plotting ont...
quietly pushing to husky... (0 => success)
0
0
=====================================================
============    12-06 11:05    ======================
=====================================================
no file for today... using yesterdays date
executing ./contour.py 2025 12 339
plotting sup...
plotting mic...
plotting hur...
plotting eri...
plotting ont...
quietly pushing to husky... (0 => success)
0
0
=====================================================
============    12-06 12:05    ======================
=====================================================
no file for today... using yesterdays date
executing ./contour.py 2025 12 339
plotting sup...
plotting mic...
plotting hur...
plotting eri...
plotting ont...
quietly pushing to husky... (0 => success)
0
0
=====================================================
============    12-06 13:05    ======================
=====================================================
no file for today... using yesterdays date
executing ./contour.py 2025 12 339
plotting sup...
plotting mic...
plotting hur...
plotting eri...
plotting ont...
quietly pushing to husky... (0 => success)
0
0
=====================================================
============    12-06 14:05    ======================
=====================================================
no file for today... using yesterdays date
executing ./contour.py 2025 12 339
plotting sup...
plotting mic...
plotting hur...
plotting eri...
plotting ont...
quietly pushing to husky... (0 => success)
0
0
=====================================================
============    12-06 15:05    ======================
=====================================================
no file for today... using yesterdays date
executing ./contour.py 2025 12 339
plotting sup...
plotting mic...
plotting hur...
plotting eri...
plotting ont...
quietly pushing to husky... (0 => success)
0
0
=====================================================
============    12-06 16:05    ======================
=====================================================
no file for today... using yesterdays date
executing ./contour.py 2025 12 339
plotting sup...
plotting mic...
plotting hur...
plotting eri...
plotting ont...
quietly pushing to husky... (0 => success)
0
0
=====================================================
============    12-06 17:05    ======================
=====================================================
no file for today... using yesterdays date
executing ./contour.py 2025 12 339
plotting sup...
plotting mic...
plotting hur...
plotting eri...
plotting ont...
quietly pushing to husky... (0 => success)
0
0
=====================================================
============    12-06 18:05    ======================
=====================================================
no file for today... using yesterdays date
executing ./contour.py 2025 12 339
plotting sup...
plotting mic...
plotting hur...
plotting eri...
plotting ont...
quietly pushing to husky... (0 => success)
0
0
=====================================================
============    12-06 19:05    ======================
=====================================================
no file for today... using yesterdays date
executing ./contour.py 2025 12 339
plotting sup...
plotting mic...
plotting hur...
plotting eri...
plotting ont...
quietly pushing to husky... (0 => success)
0
0
=====================================================
============    12-06 20:05    ======================
=====================================================
no file for today... using yesterdays date
executing ./contour.py 2025 12 339
plotting sup...
plotting mic...
plotting hur...
plotting eri...
plotting ont...
quietly pushing to husky... (0 => success)
0
0
=====================================================
============    12-06 21:05    ======================
=====================================================
no file for today... using yesterdays date
executing ./contour.py 2025 12 339
plotting sup...
plotting mic...
plotting hur...
plotting eri...
plotting ont...
quietly pushing to husky... (0 => success)
0
0
=====================================================
============    12-06 22:05    ======================
=====================================================
no file for today... using yesterdays date
executing ./contour.py 2025 12 339
plotting sup...
plotting mic...
plotting hur...
plotting eri...
plotting ont...
quietly pushing to husky... (0 => success)
0
0
=====================================================
============    12-06 23:05    ======================
=====================================================
no file for today... using yesterdays date
executing ./contour.py 2025 12 339
plotting sup...
plotting mic...
plotting hur...
plotting eri...
plotting ont...
quietly pushing to husky... (0 => success)
0
0
=====================================================
============    12-07 00:05    ======================
=====================================================
no file for today... using yesterdays date
executing ./contour.py 2025 12 340
Traceback (most recent call last):
  File "/home/kessler/plot_gen/contour_glsea/./contour.py", line 22, in <module>
    lst_gl = np.matrix(pd.read_table(fin, skiprows=6, sep='\s+', header=None))
  File "/usr/local/lib64/python3.9/site-packages/pandas/io/parsers/readers.py", line 1403, in read_table
    return _read(filepath_or_buffer, kwds)
  File "/usr/local/lib64/python3.9/site-packages/pandas/io/parsers/readers.py", line 618, in _read
    parser = TextFileReader(filepath_or_buffer, **kwds)
  File "/usr/local/lib64/python3.9/site-packages/pandas/io/parsers/readers.py", line 1618, in __init__
    self._engine = self._make_engine(f, self.engine)
  File "/usr/local/lib64/python3.9/site-packages/pandas/io/parsers/readers.py", line 1878, in _make_engine
    self.handles = get_handle(
  File "/usr/local/lib64/python3.9/site-packages/pandas/io/common.py", line 873, in get_handle
    handle = open(
FileNotFoundError: [Errno 2] No such file or directory: '/mnt/cwdata/p/m/lcd//2025/12/2025_340_glsea.asc'
quietly pushing to husky... (0 => success)
0
0
=====================================================
============    12-07 01:05    ======================
=====================================================
no file for today... using yesterdays date
executing ./contour.py 2025 12 340
Traceback (most recent call last):
  File "/home/kessler/plot_gen/contour_glsea/./contour.py", line 22, in <module>
    lst_gl = np.matrix(pd.read_table(fin, skiprows=6, sep='\s+', header=None))
  File "/usr/local/lib64/python3.9/site-packages/pandas/io/parsers/readers.py", line 1403, in read_table
    return _read(filepath_or_buffer, kwds)
  File "/usr/local/lib64/python3.9/site-packages/pandas/io/parsers/readers.py", line 618, in _read
    parser = TextFileReader(filepath_or_buffer, **kwds)
  File "/usr/local/lib64/python3.9/site-packages/pandas/io/parsers/readers.py", line 1618, in __init__
    self._engine = self._make_engine(f, self.engine)
  File "/usr/local/lib64/python3.9/site-packages/pandas/io/parsers/readers.py", line 1878, in _make_engine
    self.handles = get_handle(
  File "/usr/local/lib64/python3.9/site-packages/pandas/io/common.py", line 873, in get_handle
    handle = open(
FileNotFoundError: [Errno 2] No such file or directory: '/mnt/cwdata/p/m/lcd//2025/12/2025_340_glsea.asc'
quietly pushing to husky... (0 => success)
0
0
=====================================================
============    12-07 02:05    ======================
=====================================================
no file for today... using yesterdays date
executing ./contour.py 2025 12 340
Traceback (most recent call last):
  File "/home/kessler/plot_gen/contour_glsea/./contour.py", line 22, in <module>
    lst_gl = np.matrix(pd.read_table(fin, skiprows=6, sep='\s+', header=None))
  File "/usr/local/lib64/python3.9/site-packages/pandas/io/parsers/readers.py", line 1403, in read_table
    return _read(filepath_or_buffer, kwds)
  File "/usr/local/lib64/python3.9/site-packages/pandas/io/parsers/readers.py", line 618, in _read
    parser = TextFileReader(filepath_or_buffer, **kwds)
  File "/usr/local/lib64/python3.9/site-packages/pandas/io/parsers/readers.py", line 1618, in __init__
    self._engine = self._make_engine(f, self.engine)
  File "/usr/local/lib64/python3.9/site-packages/pandas/io/parsers/readers.py", line 1878, in _make_engine
    self.handles = get_handle(
  File "/usr/local/lib64/python3.9/site-packages/pandas/io/common.py", line 873, in get_handle
    handle = open(
FileNotFoundError: [Errno 2] No such file or directory: '/mnt/cwdata/p/m/lcd//2025/12/2025_340_glsea.asc'
quietly pushing to husky... (0 => success)
0
0
=====================================================
============    12-07 03:05    ======================
=====================================================
no file for today... using yesterdays date
executing ./contour.py 2025 12 340
plotting sup...
plotting mic...
plotting hur...
plotting eri...
plotting ont...
quietly pushing to husky... (0 => success)
0
0
=====================================================
============    12-07 04:05    ======================
=====================================================
no file for today... using yesterdays date
executing ./contour.py 2025 12 340
plotting sup...
plotting mic...
plotting hur...
plotting eri...
plotting ont...
quietly pushing to husky... (0 => success)
0
0
=====================================================
============    12-07 05:05    ======================
=====================================================
no file for today... using yesterdays date
executing ./contour.py 2025 12 340
plotting sup...
plotting mic...
plotting hur...
plotting eri...
plotting ont...
quietly pushing to husky... (0 => success)
0
0
=====================================================
============    12-07 06:05    ======================
=====================================================
no file for today... using yesterdays date
executing ./contour.py 2025 12 340
plotting sup...
plotting mic...
plotting hur...
plotting eri...
plotting ont...
quietly pushing to husky... (0 => success)
0
0
=====================================================
============    12-07 07:05    ======================
=====================================================
no file for today... using yesterdays date
executing ./contour.py 2025 12 340
plotting sup...
plotting mic...
plotting hur...
plotting eri...
plotting ont...
quietly pushing to husky... (0 => success)
0
0
=====================================================
============    12-07 08:05    ======================
=====================================================
no file for today... using yesterdays date
executing ./contour.py 2025 12 340
plotting sup...
plotting mic...
plotting hur...
plotting eri...
plotting ont...
quietly pushing to husky... (0 => success)
0
0
=====================================================
============    12-07 09:05    ======================
=====================================================
no file for today... using yesterdays date
executing ./contour.py 2025 12 340
plotting sup...
plotting mic...
plotting hur...
plotting eri...
plotting ont...
quietly pushing to husky... (0 => success)
0
0
=====================================================
============    12-07 10:05    ======================
=====================================================
no file for today... using yesterdays date
executing ./contour.py 2025 12 340
plotting sup...
plotting mic...
plotting hur...
plotting eri...
plotting ont...
quietly pushing to husky... (0 => success)
0
0
=====================================================
============    12-07 11:05    ======================
=====================================================
no file for today... using yesterdays date
executing ./contour.py 2025 12 340
plotting sup...
plotting mic...
plotting hur...
plotting eri...
plotting ont...
quietly pushing to husky... (0 => success)
0
0
=====================================================
============    12-07 12:05    ======================
=====================================================
no file for today... using yesterdays date
executing ./contour.py 2025 12 340
plotting sup...
plotting mic...
plotting hur...
plotting eri...
plotting ont...
quietly pushing to husky... (0 => success)
0
0
=====================================================
============    12-07 13:05    ======================
=====================================================
no file for today... using yesterdays date
executing ./contour.py 2025 12 340
plotting sup...
plotting mic...
plotting hur...
plotting eri...
plotting ont...
quietly pushing to husky... (0 => success)
0
0
=====================================================
============    12-07 14:05    ======================
=====================================================
no file for today... using yesterdays date
executing ./contour.py 2025 12 340
plotting sup...
plotting mic...
plotting hur...
plotting eri...
plotting ont...
quietly pushing to husky... (0 => success)
0
0
=====================================================
============    12-07 15:05    ======================
=====================================================
no file for today... using yesterdays date
executing ./contour.py 2025 12 340
plotting sup...
plotting mic...
plotting hur...
plotting eri...
plotting ont...
quietly pushing to husky... (0 => success)
0
0
=====================================================
============    12-07 16:05    ======================
=====================================================
no file for today... using yesterdays date
executing ./contour.py 2025 12 340
plotting sup...
plotting mic...
plotting hur...
plotting eri...
plotting ont...
quietly pushing to husky... (0 => success)
0
0
=====================================================
============    12-07 17:05    ======================
=====================================================
no file for today... using yesterdays date
executing ./contour.py 2025 12 340
plotting sup...
plotting mic...
plotting hur...
plotting eri...
plotting ont...
quietly pushing to husky... (0 => success)
0
0
=====================================================
============    12-07 18:05    ======================
=====================================================
no file for today... using yesterdays date
executing ./contour.py 2025 12 340
plotting sup...
plotting mic...
plotting hur...
plotting eri...
plotting ont...
quietly pushing to husky... (0 => success)
0
0
=====================================================
============    12-07 19:05    ======================
=====================================================
no file for today... using yesterdays date
executing ./contour.py 2025 12 340
plotting sup...
plotting mic...
plotting hur...
plotting eri...
plotting ont...
quietly pushing to husky... (0 => success)
0
0
=====================================================
============    12-07 20:05    ======================
=====================================================
no file for today... using yesterdays date
executing ./contour.py 2025 12 340
plotting sup...
plotting mic...
plotting hur...
plotting eri...
plotting ont...
quietly pushing to husky... (0 => success)
0
0
=====================================================
============    12-07 21:05    ======================
=====================================================
no file for today... using yesterdays date
executing ./contour.py 2025 12 340
plotting sup...
plotting mic...
plotting hur...
plotting eri...
plotting ont...
quietly pushing to husky... (0 => success)
0
0
=====================================================
============    12-07 22:05    ======================
=====================================================
no file for today... using yesterdays date
executing ./contour.py 2025 12 340
plotting sup...
plotting mic...
plotting hur...
plotting eri...
plotting ont...
quietly pushing to husky... (0 => success)
0
0
=====================================================
============    12-07 23:05    ======================
=====================================================
no file for today... using yesterdays date
executing ./contour.py 2025 12 340
plotting sup...
plotting mic...
plotting hur...
plotting eri...
plotting ont...
quietly pushing to husky... (0 => success)
0
0
=====================================================
============    12-08 00:05    ======================
=====================================================
no file for today... using yesterdays date
executing ./contour.py 2025 12 341
Traceback (most recent call last):
  File "/home/kessler/plot_gen/contour_glsea/./contour.py", line 22, in <module>
    lst_gl = np.matrix(pd.read_table(fin, skiprows=6, sep='\s+', header=None))
  File "/usr/local/lib64/python3.9/site-packages/pandas/io/parsers/readers.py", line 1403, in read_table
    return _read(filepath_or_buffer, kwds)
  File "/usr/local/lib64/python3.9/site-packages/pandas/io/parsers/readers.py", line 618, in _read
    parser = TextFileReader(filepath_or_buffer, **kwds)
  File "/usr/local/lib64/python3.9/site-packages/pandas/io/parsers/readers.py", line 1618, in __init__
    self._engine = self._make_engine(f, self.engine)
  File "/usr/local/lib64/python3.9/site-packages/pandas/io/parsers/readers.py", line 1878, in _make_engine
    self.handles = get_handle(
  File "/usr/local/lib64/python3.9/site-packages/pandas/io/common.py", line 873, in get_handle
    handle = open(
FileNotFoundError: [Errno 2] No such file or directory: '/mnt/cwdata/p/m/lcd//2025/12/2025_341_glsea.asc'
quietly pushing to husky... (0 => success)
0
0
=====================================================
============    12-08 01:05    ======================
=====================================================
no file for today... using yesterdays date
executing ./contour.py 2025 12 341
Traceback (most recent call last):
  File "/home/kessler/plot_gen/contour_glsea/./contour.py", line 22, in <module>
    lst_gl = np.matrix(pd.read_table(fin, skiprows=6, sep='\s+', header=None))
  File "/usr/local/lib64/python3.9/site-packages/pandas/io/parsers/readers.py", line 1403, in read_table
    return _read(filepath_or_buffer, kwds)
  File "/usr/local/lib64/python3.9/site-packages/pandas/io/parsers/readers.py", line 618, in _read
    parser = TextFileReader(filepath_or_buffer, **kwds)
  File "/usr/local/lib64/python3.9/site-packages/pandas/io/parsers/readers.py", line 1618, in __init__
    self._engine = self._make_engine(f, self.engine)
  File "/usr/local/lib64/python3.9/site-packages/pandas/io/parsers/readers.py", line 1878, in _make_engine
    self.handles = get_handle(
  File "/usr/local/lib64/python3.9/site-packages/pandas/io/common.py", line 873, in get_handle
    handle = open(
FileNotFoundError: [Errno 2] No such file or directory: '/mnt/cwdata/p/m/lcd//2025/12/2025_341_glsea.asc'
quietly pushing to husky... (0 => success)
0
0
=====================================================
============    12-08 02:05    ======================
=====================================================
no file for today... using yesterdays date
executing ./contour.py 2025 12 341
Traceback (most recent call last):
  File "/home/kessler/plot_gen/contour_glsea/./contour.py", line 22, in <module>
    lst_gl = np.matrix(pd.read_table(fin, skiprows=6, sep='\s+', header=None))
  File "/usr/local/lib64/python3.9/site-packages/pandas/io/parsers/readers.py", line 1403, in read_table
    return _read(filepath_or_buffer, kwds)
  File "/usr/local/lib64/python3.9/site-packages/pandas/io/parsers/readers.py", line 618, in _read
    parser = TextFileReader(filepath_or_buffer, **kwds)
  File "/usr/local/lib64/python3.9/site-packages/pandas/io/parsers/readers.py", line 1618, in __init__
    self._engine = self._make_engine(f, self.engine)
  File "/usr/local/lib64/python3.9/site-packages/pandas/io/parsers/readers.py", line 1878, in _make_engine
    self.handles = get_handle(
  File "/usr/local/lib64/python3.9/site-packages/pandas/io/common.py", line 873, in get_handle
    handle = open(
FileNotFoundError: [Errno 2] No such file or directory: '/mnt/cwdata/p/m/lcd//2025/12/2025_341_glsea.asc'
quietly pushing to husky... (0 => success)
0
0
=====================================================
============    12-08 03:05    ======================
=====================================================
no file for today... using yesterdays date
executing ./contour.py 2025 12 341
plotting sup...
plotting mic...
plotting hur...
plotting eri...
plotting ont...
quietly pushing to husky... (0 => success)
0
0
=====================================================
============    12-08 04:05    ======================
=====================================================
no file for today... using yesterdays date
executing ./contour.py 2025 12 341
plotting sup...
plotting mic...
plotting hur...
plotting eri...
plotting ont...
quietly pushing to husky... (0 => success)
0
0
=====================================================
============    12-08 05:05    ======================
=====================================================
no file for today... using yesterdays date
executing ./contour.py 2025 12 341
plotting sup...
plotting mic...
plotting hur...
plotting eri...
plotting ont...
quietly pushing to husky... (0 => success)
0
0
=====================================================
============    12-08 06:05    ======================
=====================================================
no file for today... using yesterdays date
executing ./contour.py 2025 12 341
plotting sup...
plotting mic...
plotting hur...
plotting eri...
plotting ont...
quietly pushing to husky... (0 => success)
0
0
=====================================================
============    12-08 07:05    ======================
=====================================================
no file for today... using yesterdays date
executing ./contour.py 2025 12 341
plotting sup...
plotting mic...
plotting hur...
plotting eri...
plotting ont...
quietly pushing to husky... (0 => success)
0
0
=====================================================
============    12-08 08:05    ======================
=====================================================
no file for today... using yesterdays date
executing ./contour.py 2025 12 341
plotting sup...
plotting mic...
plotting hur...
plotting eri...
plotting ont...
quietly pushing to husky... (0 => success)
0
0
=====================================================
============    12-08 09:05    ======================
=====================================================
no file for today... using yesterdays date
executing ./contour.py 2025 12 341
plotting sup...
plotting mic...
plotting hur...
plotting eri...
plotting ont...
quietly pushing to husky... (0 => success)
0
0
=====================================================
============    12-08 10:05    ======================
=====================================================
no file for today... using yesterdays date
executing ./contour.py 2025 12 341
plotting sup...
plotting mic...
plotting hur...
plotting eri...
plotting ont...
quietly pushing to husky... (0 => success)
0
0
=====================================================
============    12-08 11:05    ======================
=====================================================
no file for today... using yesterdays date
executing ./contour.py 2025 12 341
plotting sup...
plotting mic...
plotting hur...
plotting eri...
plotting ont...
quietly pushing to husky... (0 => success)
0
0
=====================================================
============    12-08 12:05    ======================
=====================================================
no file for today... using yesterdays date
executing ./contour.py 2025 12 341
plotting sup...
plotting mic...
plotting hur...
plotting eri...
plotting ont...
quietly pushing to husky... (0 => success)
0
0
=====================================================
============    12-08 13:05    ======================
=====================================================
no file for today... using yesterdays date
executing ./contour.py 2025 12 341
plotting sup...
plotting mic...
plotting hur...
plotting eri...
plotting ont...
quietly pushing to husky... (0 => success)
0
0
=====================================================
============    12-08 14:05    ======================
=====================================================
no file for today... using yesterdays date
executing ./contour.py 2025 12 341
plotting sup...
plotting mic...
plotting hur...
plotting eri...
plotting ont...
quietly pushing to husky... (0 => success)
0
0
